301F6_F6-11,22:47:da:27:63:e4,÷©÷Î0916,-36,1528452285.347000,1528452280.568000,3239.085702
301F6_F6-11,70:f9:6d:c1:97:40,301wifi,-57,1528452285.347000,1528452280.568000,3239.085758
301F6_F6-11,70:f9:6d:c1:43:c0,301wifi,-75,1528452285.347000,1528452280.568000,3239.086780
301F6_F6-11,0c:4b:54:96:8f:2f,TP-LINK_8F2D,-78,1528452285.347000,1528452280.568000,3166.455849
301F6_F6-11,0c:4b:54:96:8f:2d,TP-LINK_8F2D,-86,1528452285.347000,1528452280.568000,3239.087146
301F6_F6-11,70:f9:6d:c1:97:50,301wifi,-62,1528452285.347000,1528452280.568000,3239.085796
301F6_F6-11,70:f9:6d:c1:99:80,301wifi,-75,1528452285.347000,1528452280.568000,3191.655204
301F6_F6-11,70:f9:6d:c1:96:80,301wifi,-85,1528452285.347000,1528452280.568000,3239.087026
301F6_F6-11,70:f9:6d:c1:43:d0,301wifi,-66,1528452285.347000,1528452280.568000,3239.086029
301F6_F6-11,70:f9:6d:c1:0f:50,301wifi,-76,1528452285.347000,1528452280.568000,3239.086930
301F6_F6-11,70:f9:6d:c1:99:90,301wifi,-77,1528452285.347000,1528452280.568000,3239.086966
301F6_F6-11,0c:da:41:20:6f:70,301wifi,-81,1528452285.347000,1528452280.568000,3239.087055
301F6_F6-11,70:f9:6d:c1:9a:90,301wifi,-66,1528452285.347000,1528452280.568000,3191.655099
301F6_F6-11,28:6c:07:5a:1c:13,iflytek_robot_0045,-75,1528452285.347000,1528452280.568000,3191.655254
301F6_F6-11,50:bd:5f:15:99:35,TP-LINK_9935,-77,1528452285.347000,1528452280.568000,3239.086995
301F6_F6-11,70:f9:6d:c1:9a:80,301wifi,-86,1528452285.347000,1528452280.568000,3239.087109
301F6_F6-11,30:fc:68:bb:52:d3,301xinkang,-71,1528452285.347000,1528452280.568000,3191.655226
301F6_F6-11,70:f9:6d:c1:1c:30,XMZYL-link,-86,1528452285.347000,1528452280.568000,3166.456048
301F6_F6-11,70:f9:6d:c1:45:f0,301wifi,-88,1528452285.347000,1528452280.568000,3171.264864
301F6_F6-11,70:f9:6d:c1:47:a0,301wifi,-79,1528452285.347000,1528452280.568000,3171.264758
301F6_F6-11,70:f9:6d:c1:40:b0,301wifi,-81,1528452285.347000,1528452280.568000,3191.655419
301F6_F6-11,28:6c:07:6a:72:d0,Xiaomi_72CF,-89,1528452285.347000,1528452280.568000,3171.264874
301F6_F6-11,70:f9:6d:c1:40:a0,301wifi,-77,1528452285.347000,1528452280.568000,3171.264706
301F6_F6-11,70:f9:6d:c1:9a:e0,301wifi,-84,1528452285.347000,1528452280.568000,3191.655392
301F6_F6-11,94:d9:b3:8b:76:07,TP-LINK_7607,-87,1528452285.347000,1528452280.568000,3239.087231
301F6_F6-11,70:f9:6d:c3:3a:00,301wifi,-67,1528452285.347000,1528452280.568000,3239.085828
301F6_F6-11,70:f9:6d:c3:3a:10,301wifi,-70,1528452285.347000,1528452280.568000,3239.086741
301F6_F6-11,70:f9:6d:c3:3d:60,301wifi,-79,1528452285.347000,1528452280.568000,3239.086900
301F6_F6-11,70:f9:6d:c3:47:90,301wifi,-82,1528452285.347000,1528452280.568000,3239.087082
301F6_F6-11,70:f9:6d:c3:3b:d0,301wifi,-88,1528452285.347000,1528452280.568000,3239.087206
301F6_F6-11,70:f9:6d:c3:47:80,301wifi,-75,1528452285.347000,1528452280.568000,3239.086809
301F6_F6-11,70:f9:6d:c3:19:90,301wifi,-71,1528452285.347000,1528452280.568000,3239.086839
301F6_F6-11,70:f9:6d:c1:96:d0,301wifi,-75,1528452285.347000,1528452280.568000,3239.086868
301F6_F6-11,70:f9:6d:c1:96:90,301wifi,-88,1528452285.347000,1528452280.568000,3239.087176
301F6_F6-11,22:47:da:27:63:e4,÷©÷Î0916,-35,1528452290.141000,1528452285.363000,3243.886202
301F6_F6-11,70:f9:6d:c1:97:40,301wifi,-66,1528452290.141000,1528452285.363000,3243.886314
301F6_F6-11,70:f9:6d:c1:43:c0,301wifi,-77,1528452290.141000,1528452285.363000,3243.886449
301F6_F6-11,0c:4b:54:96:8f:2d,TP-LINK_8F2D,-86,1528452290.141000,1528452285.363000,3243.886616
301F6_F6-11,70:f9:6d:c1:97:50,301wifi,-70,1528452290.141000,1528452285.363000,3243.886386
301F6_F6-11,70:f9:6d:c1:96:80,301wifi,-85,1528452290.141000,1528452285.363000,3243.886548
301F6_F6-11,70:f9:6d:c1:43:d0,301wifi,-72,1528452290.141000,1528452285.363000,3243.886418
301F6_F6-11,70:f9:6d:c1:0f:50,301wifi,-80,1528452290.141000,1528452285.363000,3243.886533
301F6_F6-11,70:f9:6d:c1:99:90,301wifi,-77,1528452290.141000,1528452285.363000,3243.886484
301F6_F6-11,0c:da:41:20:6f:70,301wifi,-87,1528452290.141000,1528452285.363000,3243.886647
301F6_F6-11,70:f9:6d:c1:9a:90,301wifi,-90,1528452290.141000,1528452285.363000,3243.886661
301F6_F6-11,28:6c:07:5a:1c:13,iflytek_robot_0045,-79,1528452290.141000,1528452285.363000,3243.886516
301F6_F6-11,50:bd:5f:15:99:35,TP-LINK_9935,-79,1528452290.141000,1528452285.363000,3243.886500
301F6_F6-11,70:f9:6d:c1:9a:80,301wifi,-86,1528452290.141000,1528452285.363000,3243.886599
301F6_F6-11,94:d9:b3:8b:76:07,TP-LINK_7607,-87,1528452290.141000,1528452285.363000,3239.087231
301F6_F6-11,70:f9:6d:c3:3a:00,301wifi,-64,1528452290.141000,1528452285.363000,3243.886233
301F6_F6-11,70:f9:6d:c3:3a:10,301wifi,-69,1528452290.141000,1528452285.363000,3243.886353
301F6_F6-11,70:f9:6d:c3:3d:60,301wifi,-77,1528452290.141000,1528452285.363000,3243.886469
301F6_F6-11,70:f9:6d:c3:47:90,301wifi,-82,1528452290.141000,1528452285.363000,3243.886564
301F6_F6-11,70:f9:6d:c3:3b:d0,301wifi,-83,1528452290.141000,1528452285.363000,3243.886581
301F6_F6-11,70:f9:6d:c3:47:80,301wifi,-75,1528452290.141000,1528452285.363000,3243.886401
301F6_F6-11,70:f9:6d:c3:19:90,301wifi,-67,1528452290.141000,1528452285.363000,3243.886335
301F6_F6-11,70:f9:6d:c1:96:d0,301wifi,-75,1528452290.141000,1528452285.363000,3243.886433
301F6_F6-11,70:f9:6d:c1:96:90,301wifi,-87,1528452290.141000,1528452285.363000,3243.886631
301F6_F6-11,22:47:da:27:63:e4,÷©÷Î0916,-45,1528452295.070000,1528452290.167000,3248.805232
301F6_F6-11,70:f9:6d:c1:97:40,301wifi,-72,1528452295.070000,1528452290.167000,3248.809147
301F6_F6-11,70:f9:6d:c1:43:c0,301wifi,-79,1528452295.070000,1528452290.167000,3248.809429
301F6_F6-11,0c:4b:54:96:8f:2d,TP-LINK_8F2D,-86,1528452295.070000,1528452290.167000,3243.886616
301F6_F6-11,70:f9:6d:c1:97:50,301wifi,-59,1528452295.070000,1528452290.167000,3248.805296
301F6_F6-11,70:f9:6d:c1:96:80,301wifi,-85,1528452295.070000,1528452290.167000,3243.886548
301F6_F6-11,70:f9:6d:c1:43:d0,301wifi,-68,1528452295.070000,1528452290.167000,3248.809066
301F6_F6-11,70:f9:6d:c1:0f:50,301wifi,-73,1528452295.070000,1528452290.167000,3248.809312
301F6_F6-11,70:f9:6d:c1:99:90,301wifi,-78,1528452295.070000,1528452290.167000,3248.809508
301F6_F6-11,0c:da:41:20:6f:70,301wifi,-83,1528452295.070000,1528452290.167000,3248.809696
301F6_F6-11,70:f9:6d:c1:9a:90,301wifi,-90,1528452295.070000,1528452290.167000,3248.809766
301F6_F6-11,28:6c:07:5a:1c:13,iflytek_robot_0045,-79,1528452295.070000,1528452290.167000,3248.809543
301F6_F6-11,50:bd:5f:15:99:35,TP-LINK_9935,-77,1528452295.070000,1528452290.167000,3248.809472
301F6_F6-11,70:f9:6d:c1:9a:80,301wifi,-86,1528452295.070000,1528452290.167000,3243.886599
301F6_F6-11,94:d9:b3:8b:76:07,TP-LINK_7607,-87,1528452295.070000,1528452290.167000,3239.087231
301F6_F6-11,70:f9:6d:c3:3a:00,301wifi,-62,1528452295.070000,1528452290.167000,3248.805369
301F6_F6-11,70:f9:6d:c3:3a:10,301wifi,-69,1528452295.070000,1528452290.167000,3248.809107
301F6_F6-11,70:f9:6d:c3:3d:60,301wifi,-73,1528452295.070000,1528452290.167000,3248.809188
301F6_F6-11,70:f9:6d:c3:47:90,301wifi,-73,1528452295.070000,1528452290.167000,3248.809352
301F6_F6-11,70:f9:6d:c3:3b:d0,301wifi,-82,1528452295.070000,1528452290.167000,3248.809656
301F6_F6-11,70:f9:6d:c3:47:80,301wifi,-74,1528452295.070000,1528452290.167000,3248.809274
301F6_F6-11,70:f9:6d:c3:19:90,301wifi,-66,1528452295.070000,1528452290.167000,3248.809000
301F6_F6-11,70:f9:6d:c1:96:d0,301wifi,-75,1528452295.070000,1528452290.167000,3243.886433
301F6_F6-11,70:f9:6d:c1:96:90,301wifi,-84,1528452295.070000,1528452290.167000,3248.809732
301F6_F6-11,70:f9:6d:c3:3b:c0,301wifi,-74,1528452295.070000,1528452290.167000,3248.809228
301F6_F6-11,70:f9:6d:c3:3d:70,301wifi,-75,1528452295.070000,1528452290.167000,3248.809388
301F6_F6-11,22:47:da:27:63:e4,÷©÷Î0916,-44,1528452299.863000,1528452295.087000,3253.626591
301F6_F6-11,70:f9:6d:c1:97:40,301wifi,-76,1528452299.863000,1528452295.087000,3253.626877
301F6_F6-11,70:f9:6d:c1:43:c0,301wifi,-79,1528452299.863000,1528452295.087000,3253.626900
301F6_F6-11,0c:4b:54:96:8f:2d,TP-LINK_8F2D,-86,1528452299.863000,1528452295.087000,3243.886616
301F6_F6-11,70:f9:6d:c1:97:50,301wifi,-59,1528452299.863000,1528452295.087000,3253.626664
301F6_F6-11,70:f9:6d:c1:96:80,301wifi,-85,1528452299.863000,1528452295.087000,3243.886548
301F6_F6-11,70:f9:6d:c1:43:d0,301wifi,-68,1528452299.863000,1528452295.087000,3253.626732
301F6_F6-11,70:f9:6d:c1:0f:50,301wifi,-73,1528452299.863000,1528452295.087000,3253.626833
301F6_F6-11,70:f9:6d:c1:99:90,301wifi,-82,1528452299.863000,1528452295.087000,3253.626964
301F6_F6-11,0c:da:41:20:6f:70,301wifi,-85,1528452299.863000,1528452295.087000,3253.627671
301F6_F6-11,70:f9:6d:c1:9a:90,301wifi,-90,1528452299.863000,1528452295.087000,3248.809766
301F6_F6-11,28:6c:07:5a:1c:13,iflytek_robot_0045,-79,1528452299.863000,1528452295.087000,3248.809543
301F6_F6-11,50:bd:5f:15:99:35,TP-LINK_9935,-73,1528452299.863000,1528452295.087000,3253.626854
301F6_F6-11,70:f9:6d:c1:9a:80,301wifi,-86,1528452299.863000,1528452295.087000,3243.886599
301F6_F6-11,70:f9:6d:c3:3a:00,301wifi,-51,1528452299.863000,1528452295.087000,3253.626637
301F6_F6-11,70:f9:6d:c3:3a:10,301wifi,-66,1528452299.863000,1528452295.087000,3253.626711
301F6_F6-11,70:f9:6d:c3:3d:60,301wifi,-73,1528452299.863000,1528452295.087000,3253.626791
301F6_F6-11,70:f9:6d:c3:47:90,301wifi,-71,1528452299.863000,1528452295.087000,3253.626811
301F6_F6-11,70:f9:6d:c3:3b:d0,301wifi,-81,1528452299.863000,1528452295.087000,3253.626943
301F6_F6-11,70:f9:6d:c3:47:80,301wifi,-71,1528452299.863000,1528452295.087000,3253.626750
301F6_F6-11,70:f9:6d:c3:19:90,301wifi,-61,1528452299.863000,1528452295.087000,3253.626688
301F6_F6-11,70:f9:6d:c1:96:d0,301wifi,-75,1528452299.863000,1528452295.087000,3243.886433
301F6_F6-11,70:f9:6d:c1:96:90,301wifi,-84,1528452299.863000,1528452295.087000,3253.626986
301F6_F6-11,70:f9:6d:c3:3b:c0,301wifi,-73,1528452299.863000,1528452295.087000,3253.626772
301F6_F6-11,70:f9:6d:c3:3d:70,301wifi,-76,1528452299.863000,1528452295.087000,3253.626921
301F6_F6-11,22:47:da:27:63:e4,÷©÷Î0916,-44,1528452311.211000,1528452299.878000,3264.990884
301F6_F6-11,70:f9:6d:c1:97:40,301wifi,-76,1528452311.211000,1528452299.878000,3264.991033
301F6_F6-11,70:f9:6d:c1:43:c0,301wifi,-79,1528452311.211000,1528452299.878000,3253.626900
301F6_F6-11,0c:4b:54:96:8f:2d,TP-LINK_8F2D,-86,1528452311.211000,1528452299.878000,3243.886616
301F6_F6-11,70:f9:6d:c1:97:50,301wifi,-59,1528452311.211000,1528452299.878000,3253.626664
301F6_F6-11,70:f9:6d:c1:96:80,301wifi,-85,1528452311.211000,1528452299.878000,3243.886548
301F6_F6-11,70:f9:6d:c1:43:d0,301wifi,-68,1528452311.211000,1528452299.878000,3264.990966
301F6_F6-11,70:f9:6d:c1:0f:50,301wifi,-73,1528452311.211000,1528452299.878000,3253.626833
301F6_F6-11,70:f9:6d:c1:99:90,301wifi,-83,1528452311.211000,1528452299.878000,3264.991071
301F6_F6-11,0c:da:41:20:6f:70,301wifi,-85,1528452311.211000,1528452299.878000,3264.991084
301F6_F6-11,70:f9:6d:c1:9a:90,301wifi,-90,1528452311.211000,1528452299.878000,3248.809766
301F6_F6-11,28:6c:07:5a:1c:13,iflytek_robot_0045,-79,1528452311.211000,1528452299.878000,3248.809543
301F6_F6-11,50:bd:5f:15:99:35,TP-LINK_9935,-73,1528452311.211000,1528452299.878000,3264.991020
301F6_F6-11,70:f9:6d:c1:9a:80,301wifi,-86,1528452311.211000,1528452299.878000,3243.886599
301F6_F6-11,70:f9:6d:c3:3a:00,301wifi,-63,1528452311.211000,1528452299.878000,3264.990928
301F6_F6-11,70:f9:6d:c3:3a:10,301wifi,-66,1528452311.211000,1528452299.878000,3264.990954
301F6_F6-11,70:f9:6d:c3:3d:60,301wifi,-61,1528452311.211000,1528452299.878000,3264.990912
301F6_F6-11,70:f9:6d:c3:47:90,301wifi,-71,1528452311.211000,1528452299.878000,3264.991006
301F6_F6-11,70:f9:6d:c3:3b:d0,301wifi,-81,1528452311.211000,1528452299.878000,3264.991058
301F6_F6-11,70:f9:6d:c3:47:80,301wifi,-71,1528452311.211000,1528452299.878000,3264.990979
301F6_F6-11,70:f9:6d:c3:19:90,301wifi,-61,1528452311.211000,1528452299.878000,3264.990941
301F6_F6-11,70:f9:6d:c1:96:90,301wifi,-84,1528452311.211000,1528452299.878000,3253.626986
301F6_F6-11,70:f9:6d:c3:3b:c0,301wifi,-73,1528452311.211000,1528452299.878000,3264.990992
301F6_F6-11,70:f9:6d:c3:3d:70,301wifi,-76,1528452311.211000,1528452299.878000,3264.991045
301F6_F6-11,22:47:da:27:63:e4,÷©÷Î0916,-39,1528452316.023000,1528452311.222000,3269.791022
301F6_F6-11,70:f9:6d:c1:97:40,301wifi,-76,1528452316.023000,1528452311.222000,3264.991033
301F6_F6-11,70:f9:6d:c1:43:c0,301wifi,-79,1528452316.023000,1528452311.222000,3253.626900
301F6_F6-11,70:f9:6d:c1:97:50,301wifi,-83,1528452316.023000,1528452311.222000,3269.791567
301F6_F6-11,70:f9:6d:c1:43:d0,301wifi,-68,1528452316.023000,1528452311.222000,3269.791345
301F6_F6-11,70:f9:6d:c1:0f:50,301wifi,-85,1528452316.023000,1528452311.222000,3269.791666
301F6_F6-11,70:f9:6d:c1:99:90,301wifi,-83,1528452316.023000,1528452311.222000,3269.791528
301F6_F6-11,0c:da:41:20:6f:70,301wifi,-85,1528452316.023000,1528452311.222000,3264.991084
301F6_F6-11,70:f9:6d:c1:9a:90,301wifi,-90,1528452316.023000,1528452311.222000,3248.809766
301F6_F6-11,28:6c:07:5a:1c:13,iflytek_robot_0045,-91,1528452316.023000,1528452311.222000,3269.791718
301F6_F6-11,50:bd:5f:15:99:35,TP-LINK_9935,-62,1528452316.023000,1528452311.222000,3269.791209
301F6_F6-11,70:f9:6d:c3:3a:00,301wifi,-68,1528452316.023000,1528452311.222000,3269.791278
301F6_F6-11,70:f9:6d:c3:3a:10,301wifi,-61,1528452316.023000,1528452311.222000,3269.791174
301F6_F6-11,70:f9:6d:c3:3d:60,301wifi,-62,1528452316.023000,1528452311.222000,3269.791137
301F6_F6-11,70:f9:6d:c3:47:90,301wifi,-68,1528452316.023000,1528452311.222000,3269.791380
301F6_F6-11,70:f9:6d:c3:3b:d0,301wifi,-73,1528452316.023000,1528452311.222000,3269.791450
301F6_F6-11,70:f9:6d:c3:47:80,301wifi,-60,1528452316.023000,1528452311.222000,3269.791098
301F6_F6-11,70:f9:6d:c3:19:90,301wifi,-72,1528452316.023000,1528452311.222000,3269.791413
301F6_F6-11,70:f9:6d:c3:3b:c0,301wifi,-69,1528452316.023000,1528452311.222000,3269.791311
301F6_F6-11,70:f9:6d:c3:3d:70,301wifi,-65,1528452316.023000,1528452311.222000,3269.791245
301F6_F6-11,70:f9:6d:c3:1a:f0,301wifi,-78,1528452316.023000,1528452311.222000,3269.791487
301F6_F6-11,22:47:da:27:63:e4,÷©÷Î0916,-39,1528452320.821000,1528452316.052000,3274.594997
301F6_F6-11,70:f9:6d:c1:97:40,301wifi,-76,1528452320.821000,1528452316.052000,3264.991033
301F6_F6-11,70:f9:6d:c1:97:50,301wifi,-83,1528452320.821000,1528452316.052000,3274.595247
301F6_F6-11,70:f9:6d:c1:43:d0,301wifi,-81,1528452320.821000,1528452316.052000,3274.595232
301F6_F6-11,70:f9:6d:c1:0f:50,301wifi,-89,1528452320.821000,1528452316.052000,3274.595293
301F6_F6-11,70:f9:6d:c1:99:90,301wifi,-83,1528452320.821000,1528452316.052000,3269.791528
301F6_F6-11,0c:da:41:20:6f:70,301wifi,-85,1528452320.821000,1528452316.052000,3264.991084
301F6_F6-11,28:6c:07:5a:1c:13,iflytek_robot_0045,-87,1528452320.821000,1528452316.052000,3274.595277
301F6_F6-11,50:bd:5f:15:99:35,TP-LINK_9935,-62,1528452320.821000,1528452316.052000,3274.595085
301F6_F6-11,70:f9:6d:c3:3a:00,301wifi,-73,1528452320.821000,1528452316.052000,3274.595143
301F6_F6-11,70:f9:6d:c3:3a:10,301wifi,-65,1528452320.821000,1528452316.052000,3274.595115
301F6_F6-11,70:f9:6d:c3:3d:60,301wifi,-67,1528452320.821000,1528452316.052000,3274.595128
301F6_F6-11,70:f9:6d:c3:47:90,301wifi,-60,1528452320.821000,1528452316.052000,3274.595053
301F6_F6-11,70:f9:6d:c3:3b:d0,301wifi,-76,1528452320.821000,1528452316.052000,3274.595172
301F6_F6-11,70:f9:6d:c3:47:80,301wifi,-53,1528452320.821000,1528452316.052000,3274.595031
301F6_F6-11,70:f9:6d:c3:19:90,301wifi,-72,1528452320.821000,1528452316.052000,3274.595158
301F6_F6-11,70:f9:6d:c3:3b:c0,301wifi,-65,1528452320.821000,1528452316.052000,3274.595070
301F6_F6-11,70:f9:6d:c3:3d:70,301wifi,-64,1528452320.821000,1528452316.052000,3274.595102
301F6_F6-11,70:f9:6d:c3:1a:f0,301wifi,-80,1528452320.821000,1528452316.052000,3274.595212
301F6_F6-11,8e:25:93:92:eb:02,laserpdt,-83,1528452320.821000,1528452316.052000,3274.595263
301F6_F6-11,22:47:da:27:63:e4,÷©÷Î0916,-47,1528452326.544000,1528452320.836000,3280.316441
301F6_F6-11,70:f9:6d:c1:97:50,301wifi,-83,1528452326.544000,1528452320.836000,3274.595247
301F6_F6-11,70:f9:6d:c1:43:d0,301wifi,-81,1528452326.544000,1528452320.836000,3274.595232
301F6_F6-11,70:f9:6d:c1:0f:50,301wifi,-85,1528452326.544000,1528452320.836000,3280.316506
301F6_F6-11,70:f9:6d:c1:99:90,301wifi,-83,1528452326.544000,1528452320.836000,3269.791528
301F6_F6-11,28:6c:07:5a:1c:13,iflytek_robot_0045,-87,1528452326.544000,1528452320.836000,3274.595277
301F6_F6-11,50:bd:5f:15:99:35,TP-LINK_9935,-65,1528452326.544000,1528452320.836000,3280.316476
301F6_F6-11,70:f9:6d:c3:3a:00,301wifi,-77,1528452326.544000,1528452320.836000,3280.316494
301F6_F6-11,70:f9:6d:c3:3a:10,301wifi,-82,1528452326.544000,1528452320.836000,3280.316500
301F6_F6-11,70:f9:6d:c3:3d:60,301wifi,-67,1528452326.544000,1528452320.836000,3274.595128
301F6_F6-11,70:f9:6d:c3:47:90,301wifi,-58,1528452326.544000,1528452320.836000,3280.316462
301F6_F6-11,70:f9:6d:c3:3b:d0,301wifi,-71,1528452326.544000,1528452320.836000,3280.316488
301F6_F6-11,70:f9:6d:c3:47:80,301wifi,-67,1528452326.544000,1528452320.836000,3280.316482
301F6_F6-11,70:f9:6d:c3:19:90,301wifi,-72,1528452326.544000,1528452320.836000,3274.595158
301F6_F6-11,70:f9:6d:c3:3b:c0,301wifi,-58,1528452326.544000,1528452320.836000,3280.316455
301F6_F6-11,70:f9:6d:c3:3d:70,301wifi,-85,1528452326.544000,1528452320.836000,3280.316511
301F6_F6-11,70:f9:6d:c3:1a:f0,301wifi,-65,1528452326.544000,1528452320.836000,3280.316469
301F6_F6-11,8e:25:93:92:eb:02,laserpdt,-83,1528452326.544000,1528452320.836000,3274.595263
301F6_F6-11,22:47:da:27:63:e4,÷©÷Î0916,-47,1528452326.592000,1528452326.571000,3280.316441
301F6_F6-11,70:f9:6d:c1:97:50,301wifi,-83,1528452326.592000,1528452326.571000,3274.595247
301F6_F6-11,70:f9:6d:c1:43:d0,301wifi,-81,1528452326.592000,1528452326.571000,3274.595232
301F6_F6-11,70:f9:6d:c1:0f:50,301wifi,-85,1528452326.592000,1528452326.571000,3280.316506
301F6_F6-11,70:f9:6d:c1:99:90,301wifi,-83,1528452326.592000,1528452326.571000,3269.791528
301F6_F6-11,28:6c:07:5a:1c:13,iflytek_robot_0045,-87,1528452326.592000,1528452326.571000,3274.595277
301F6_F6-11,50:bd:5f:15:99:35,TP-LINK_9935,-65,1528452326.592000,1528452326.571000,3280.316476
301F6_F6-11,70:f9:6d:c3:3a:00,301wifi,-77,1528452326.592000,1528452326.571000,3280.316494
301F6_F6-11,70:f9:6d:c3:3a:10,301wifi,-82,1528452326.592000,1528452326.571000,3280.316500
301F6_F6-11,70:f9:6d:c3:3d:60,301wifi,-67,1528452326.592000,1528452326.571000,3274.595128
301F6_F6-11,70:f9:6d:c3:47:90,301wifi,-58,1528452326.592000,1528452326.571000,3280.316462
301F6_F6-11,70:f9:6d:c3:3b:d0,301wifi,-71,1528452326.592000,1528452326.571000,3280.316488
301F6_F6-11,70:f9:6d:c3:47:80,301wifi,-67,1528452326.592000,1528452326.571000,3280.316482
301F6_F6-11,70:f9:6d:c3:19:90,301wifi,-72,1528452326.592000,1528452326.571000,3274.595158
301F6_F6-11,70:f9:6d:c3:3b:c0,301wifi,-58,1528452326.592000,1528452326.571000,3280.316455
301F6_F6-11,70:f9:6d:c3:3d:70,301wifi,-85,1528452326.592000,1528452326.571000,3280.316511
301F6_F6-11,70:f9:6d:c3:1a:f0,301wifi,-65,1528452326.592000,1528452326.571000,3280.316469
301F6_F6-11,8e:25:93:92:eb:02,laserpdt,-83,1528452326.592000,1528452326.571000,3274.595263
301F6_F6-11,22:47:da:27:63:e4,÷©÷Î0916,-44,1528452331.632000,1528452326.601000,3285.395806
301F6_F6-11,70:f9:6d:c1:97:50,301wifi,-83,1528452331.632000,1528452326.601000,3274.595247
301F6_F6-11,70:f9:6d:c1:43:d0,301wifi,-86,1528452331.632000,1528452326.601000,3285.396885
301F6_F6-11,70:f9:6d:c1:0f:50,301wifi,-85,1528452331.632000,1528452326.601000,3285.396823
301F6_F6-11,70:f9:6d:c1:99:90,301wifi,-86,1528452331.632000,1528452326.601000,3285.396870
301F6_F6-11,28:6c:07:5a:1c:13,iflytek_robot_0045,-87,1528452331.632000,1528452326.601000,3274.595277
301F6_F6-11,50:bd:5f:15:99:35,TP-LINK_9935,-75,1528452331.632000,1528452326.601000,3285.396754
301F6_F6-11,70:f9:6d:c3:3a:00,301wifi,-81,1528452331.632000,1528452326.601000,3285.396791
301F6_F6-11,70:f9:6d:c3:3a:10,301wifi,-82,1528452331.632000,1528452326.601000,3285.396807
301F6_F6-11,70:f9:6d:c3:3d:60,301wifi,-67,1528452331.632000,1528452326.601000,3274.595128
301F6_F6-11,70:f9:6d:c3:47:90,301wifi,-66,1528452331.632000,1528452326.601000,3285.395871
301F6_F6-11,70:f9:6d:c3:3b:d0,301wifi,-69,1528452331.632000,1528452326.601000,3285.395887
301F6_F6-11,70:f9:6d:c3:47:80,301wifi,-69,1528452331.632000,1528452326.601000,3285.395854
301F6_F6-11,70:f9:6d:c3:19:90,301wifi,-72,1528452331.632000,1528452326.601000,3274.595158
301F6_F6-11,70:f9:6d:c3:3b:c0,301wifi,-53,1528452331.632000,1528452326.601000,3285.395835
301F6_F6-11,70:f9:6d:c3:3d:70,301wifi,-85,1528452331.632000,1528452326.601000,3285.396838
301F6_F6-11,70:f9:6d:c3:1a:f0,301wifi,-69,1528452331.632000,1528452326.601000,3285.396237
301F6_F6-11,8e:25:93:92:eb:02,laserpdt,-83,1528452331.632000,1528452326.601000,3274.595263
301F6_F6-11,70:f9:6d:c3:1a:e0,301wifi,-80,1528452331.632000,1528452326.601000,3285.396771
301F6_F6-11,70:f9:6d:c1:99:80,301wifi,-86,1528452331.632000,1528452326.601000,3285.396853
301F6_F6-11,22:47:da:27:63:e4,÷©÷Î0916,-44,1528452332.005000,1528452331.643000,3285.786852
301F6_F6-11,70:f9:6d:c1:97:50,301wifi,-83,1528452332.005000,1528452331.643000,3274.595247
301F6_F6-11,70:f9:6d:c1:43:d0,301wifi,-86,1528452332.005000,1528452331.643000,3285.787748
301F6_F6-11,70:f9:6d:c1:0f:50,301wifi,-85,1528452332.005000,1528452331.643000,3285.396823
301F6_F6-11,70:f9:6d:c1:99:90,301wifi,-87,1528452332.005000,1528452331.643000,3285.787765
301F6_F6-11,28:6c:07:5a:1c:13,iflytek_robot_0045,-87,1528452332.005000,1528452331.643000,3274.595277
301F6_F6-11,50:bd:5f:15:99:35,TP-LINK_9935,-75,1528452332.005000,1528452331.643000,3285.786954
301F6_F6-11,70:f9:6d:c3:3a:00,301wifi,-81,1528452332.005000,1528452331.643000,3285.786985
301F6_F6-11,70:f9:6d:c3:3a:10,301wifi,-82,1528452332.005000,1528452331.643000,3285.396807
301F6_F6-11,70:f9:6d:c3:47:90,301wifi,-66,1528452332.005000,1528452331.643000,3285.786896
301F6_F6-11,70:f9:6d:c3:3b:d0,301wifi,-69,1528452332.005000,1528452331.643000,3285.786911
301F6_F6-11,70:f9:6d:c3:47:80,301wifi,-71,1528452332.005000,1528452331.643000,3285.786939
301F6_F6-11,70:f9:6d:c3:19:90,301wifi,-72,1528452332.005000,1528452331.643000,3274.595158
301F6_F6-11,70:f9:6d:c3:3b:c0,301wifi,-46,1528452332.005000,1528452331.643000,3285.786879
301F6_F6-11,70:f9:6d:c3:3d:70,301wifi,-85,1528452332.005000,1528452331.643000,3285.396838
301F6_F6-11,70:f9:6d:c3:1a:f0,301wifi,-69,1528452332.005000,1528452331.643000,3285.786926
301F6_F6-11,8e:25:93:92:eb:02,laserpdt,-83,1528452332.005000,1528452331.643000,3274.595263
301F6_F6-11,70:f9:6d:c3:1a:e0,301wifi,-80,1528452332.005000,1528452331.643000,3285.786970
301F6_F6-11,70:f9:6d:c1:99:80,301wifi,-86,1528452332.005000,1528452331.643000,3285.787713
301F6_F6-11,22:47:da:27:63:e4,÷©÷Î0916,-38,1528452336.839000,1528452332.015000,3290.617665
301F6_F6-11,70:f9:6d:c1:43:d0,301wifi,-86,1528452336.839000,1528452332.015000,3290.618145
301F6_F6-11,70:f9:6d:c1:0f:50,301wifi,-85,1528452336.839000,1528452332.015000,3285.396823
301F6_F6-11,70:f9:6d:c1:99:90,301wifi,-87,1528452336.839000,1528452332.015000,3290.618161
301F6_F6-11,50:bd:5f:15:99:35,TP-LINK_9935,-80,1528452336.839000,1528452332.015000,3290.618128
301F6_F6-11,70:f9:6d:c3:3a:00,301wifi,-77,1528452336.839000,1528452332.015000,3290.618074
301F6_F6-11,70:f9:6d:c3:3a:10,301wifi,-82,1528452336.839000,1528452332.015000,3285.396807
301F6_F6-11,70:f9:6d:c3:47:90,301wifi,-71,1528452336.839000,1528452332.015000,3290.618059
301F6_F6-11,70:f9:6d:c3:3b:d0,301wifi,-61,1528452336.839000,1528452332.015000,3290.618024
301F6_F6-11,70:f9:6d:c3:47:80,301wifi,-77,1528452336.839000,1528452332.015000,3290.618095
301F6_F6-11,70:f9:6d:c3:3b:c0,301wifi,-57,1528452336.839000,1528452332.015000,3290.618007
301F6_F6-11,70:f9:6d:c3:3d:70,301wifi,-85,1528452336.839000,1528452332.015000,3285.396838
301F6_F6-11,70:f9:6d:c3:1a:f0,301wifi,-65,1528452336.839000,1528452332.015000,3290.618043
301F6_F6-11,70:f9:6d:c3:1a:e0,301wifi,-80,1528452336.839000,1528452332.015000,3290.618112
301F6_F6-11,70:f9:6d:c1:99:80,301wifi,-86,1528452336.839000,1528452332.015000,3285.787713
301F6_F6-11,70:f9:6d:c3:29:90,301wifi,-90,1528452336.839000,1528452332.015000,3290.618177
301F6_F6-11,22:47:da:27:63:e4,÷©÷Î0916,-40,1528452341.629000,1528452336.847000,3295.412192
301F6_F6-11,70:f9:6d:c1:43:d0,301wifi,-86,1528452341.629000,1528452336.847000,3290.618145
301F6_F6-11,70:f9:6d:c1:0f:50,301wifi,-85,1528452341.629000,1528452336.847000,3285.396823
301F6_F6-11,70:f9:6d:c1:99:90,301wifi,-87,1528452341.629000,1528452336.847000,3295.412416
301F6_F6-11,50:bd:5f:15:99:35,TP-LINK_9935,-80,1528452341.629000,1528452336.847000,3295.412341
301F6_F6-11,70:f9:6d:c3:3a:00,301wifi,-77,1528452341.629000,1528452336.847000,3295.412323
301F6_F6-11,70:f9:6d:c3:3a:10,301wifi,-82,1528452341.629000,1528452336.847000,3285.396807
301F6_F6-11,70:f9:6d:c3:47:90,301wifi,-69,1528452341.629000,1528452336.847000,3295.412308
301F6_F6-11,70:f9:6d:c3:3b:d0,301wifi,-68,1528452341.629000,1528452336.847000,3295.412291
301F6_F6-11,70:f9:6d:c3:47:80,301wifi,-81,1528452341.629000,1528452336.847000,3295.412369
301F6_F6-11,70:f9:6d:c3:3b:c0,301wifi,-65,1528452341.629000,1528452336.847000,3295.412256
301F6_F6-11,70:f9:6d:c3:3d:70,301wifi,-81,1528452341.629000,1528452336.847000,3295.412386
301F6_F6-11,70:f9:6d:c3:1a:f0,301wifi,-61,1528452341.629000,1528452336.847000,3295.412275
301F6_F6-11,70:f9:6d:c3:1a:e0,301wifi,-80,1528452341.629000,1528452336.847000,3290.618112
301F6_F6-11,70:f9:6d:c1:99:80,301wifi,-86,1528452341.629000,1528452336.847000,3285.787713
301F6_F6-11,70:f9:6d:c3:29:90,301wifi,-90,1528452341.629000,1528452336.847000,3295.412435
301F6_F6-11,28:6c:07:5a:1c:13,iflytek_robot_0045,-82,1528452341.629000,1528452336.847000,3295.412400
301F6_F6-11,22:47:da:27:63:e4,÷©÷Î0916,-44,1528452346.438000,1528452341.639000,3300.226064
301F6_F6-11,70:f9:6d:c1:43:d0,301wifi,-86,1528452346.438000,1528452341.639000,3290.618145
301F6_F6-11,70:f9:6d:c1:99:90,301wifi,-87,1528452346.438000,1528452341.639000,3300.226656
301F6_F6-11,50:bd:5f:15:99:35,TP-LINK_9935,-85,1528452346.438000,1528452341.639000,3300.226620
301F6_F6-11,70:f9:6d:c3:3a:00,301wifi,-77,1528452346.438000,1528452341.639000,3295.412323
301F6_F6-11,70:f9:6d:c3:47:90,301wifi,-80,1528452346.438000,1528452341.639000,3300.226479
301F6_F6-11,70:f9:6d:c3:3b:d0,301wifi,-69,1528452346.438000,1528452341.639000,3300.226219
301F6_F6-11,70:f9:6d:c3:47:80,301wifi,-77,1528452346.438000,1528452341.639000,3300.226435
301F6_F6-11,70:f9:6d:c3:3b:c0,301wifi,-62,1528452346.438000,1528452341.639000,3300.226180
301F6_F6-11,70:f9:6d:c3:3d:70,301wifi,-81,1528452346.438000,1528452341.639000,3300.226515
301F6_F6-11,70:f9:6d:c3:1a:f0,301wifi,-69,1528452346.438000,1528452341.639000,3300.226396
301F6_F6-11,70:f9:6d:c3:1a:e0,301wifi,-80,1528452346.438000,1528452341.639000,3290.618112
301F6_F6-11,70:f9:6d:c3:29:90,301wifi,-88,1528452346.438000,1528452341.639000,3300.226690
301F6_F6-11,28:6c:07:5a:1c:13,iflytek_robot_0045,-82,1528452346.438000,1528452341.639000,3300.226548
301F6_F6-11,70:f9:6d:c3:38:f0,301wifi,-83,1528452346.438000,1528452341.639000,3300.226584
301F6_F6-11,22:47:da:27:63:e4,÷©÷Î0916,-40,1528452351.271000,1528452346.451000,3305.039191
301F6_F6-11,70:f9:6d:c1:99:90,301wifi,-87,1528452351.271000,1528452346.451000,3300.226656
301F6_F6-11,50:bd:5f:15:99:35,TP-LINK_9935,-88,1528452351.271000,1528452346.451000,3305.039486
301F6_F6-11,70:f9:6d:c3:3a:00,301wifi,-77,1528452351.271000,1528452346.451000,3295.412323
301F6_F6-11,70:f9:6d:c3:47:90,301wifi,-76,1528452351.271000,1528452346.451000,3305.039329
301F6_F6-11,70:f9:6d:c3:3b:d0,301wifi,-73,1528452351.271000,1528452346.451000,3305.039278
301F6_F6-11,70:f9:6d:c3:47:80,301wifi,-77,1528452351.271000,1528452346.451000,3305.039304
301F6_F6-11,70:f9:6d:c3:3b:c0,301wifi,-73,1528452351.271000,1528452346.451000,3305.039252
301F6_F6-11,70:f9:6d:c3:3d:70,301wifi,-81,1528452351.271000,1528452346.451000,3300.226515
301F6_F6-11,70:f9:6d:c3:1a:f0,301wifi,-70,1528452351.271000,1528452346.451000,3305.039228
301F6_F6-11,70:f9:6d:c3:29:90,301wifi,-85,1528452351.271000,1528452346.451000,3305.039352
301F6_F6-11,28:6c:07:5a:1c:13,iflytek_robot_0045,-82,1528452351.271000,1528452346.451000,3300.226548
301F6_F6-11,70:f9:6d:c3:38:f0,301wifi,-86,1528452351.271000,1528452346.451000,3305.039458
301F6_F6-11,22:47:da:27:63:e4,÷©÷Î0916,-43,1528452356.078000,1528452351.278000,3309.851367
301F6_F6-11,70:f9:6d:c1:99:90,301wifi,-87,1528452356.078000,1528452351.278000,3300.226656
301F6_F6-11,50:bd:5f:15:99:35,TP-LINK_9935,-88,1528452356.078000,1528452351.278000,3309.851486
301F6_F6-11,70:f9:6d:c3:47:90,301wifi,-84,1528452356.078000,1528452351.278000,3309.851447
301F6_F6-11,70:f9:6d:c3:3b:d0,301wifi,-78,1528452356.078000,1528452351.278000,3309.851407
301F6_F6-11,70:f9:6d:c3:47:80,301wifi,-84,1528452356.078000,1528452351.278000,3309.851434
301F6_F6-11,70:f9:6d:c3:3b:c0,301wifi,-70,1528452356.078000,1528452351.278000,3309.851393
301F6_F6-11,70:f9:6d:c3:3d:70,301wifi,-81,1528452356.078000,1528452351.278000,3300.226515
301F6_F6-11,70:f9:6d:c3:1a:f0,301wifi,-78,1528452356.078000,1528452351.278000,3309.851421
301F6_F6-11,70:f9:6d:c3:29:90,301wifi,-85,1528452356.078000,1528452351.278000,3309.851459
301F6_F6-11,28:6c:07:5a:1c:13,iflytek_robot_0045,-82,1528452356.078000,1528452351.278000,3300.226548
301F6_F6-11,70:f9:6d:c3:38:f0,301wifi,-86,1528452356.078000,1528452351.278000,3309.851473
301F6_F6-11,70:f9:6d:c3:26:30,301wifi,-89,1528452356.078000,1528452351.278000,3309.851498
301F6_F6-11,70:f9:6d:c3:39:d0,301wifi,-89,1528452356.078000,1528452351.278000,3309.851512
301F6_F6-11,22:47:da:27:63:e4,÷©÷Î0916,-43,1528452356.491000,1528452356.101000,3310.259286
301F6_F6-11,50:bd:5f:15:99:35,TP-LINK_9935,-88,1528452356.491000,1528452356.101000,3309.851486
301F6_F6-11,70:f9:6d:c3:47:90,301wifi,-84,1528452356.491000,1528452356.101000,3310.259336
301F6_F6-11,70:f9:6d:c3:3b:d0,301wifi,-78,1528452356.491000,1528452356.101000,3310.259314
301F6_F6-11,70:f9:6d:c3:47:80,301wifi,-84,1528452356.491000,1528452356.101000,3310.259330
301F6_F6-11,70:f9:6d:c3:3b:c0,301wifi,-69,1528452356.491000,1528452356.101000,3310.259307
301F6_F6-11,70:f9:6d:c3:3d:70,301wifi,-81,1528452356.491000,1528452356.101000,3300.226515
301F6_F6-11,70:f9:6d:c3:1a:f0,301wifi,-78,1528452356.491000,1528452356.101000,3310.259324
301F6_F6-11,70:f9:6d:c3:29:90,301wifi,-85,1528452356.491000,1528452356.101000,3309.851459
301F6_F6-11,28:6c:07:5a:1c:13,iflytek_robot_0045,-82,1528452356.491000,1528452356.101000,3300.226548
301F6_F6-11,70:f9:6d:c3:38:f0,301wifi,-86,1528452356.491000,1528452356.101000,3310.259343
301F6_F6-11,70:f9:6d:c3:26:30,301wifi,-89,1528452356.491000,1528452356.101000,3310.259348
301F6_F6-11,70:f9:6d:c3:39:d0,301wifi,-89,1528452356.491000,1528452356.101000,3310.259374
301F6_F6-11,22:47:da:27:63:e4,÷©÷Î0916,-39,1528452361.296000,1528452356.497000,3315.077068
301F6_F6-11,50:bd:5f:15:99:35,TP-LINK_9935,-90,1528452361.296000,1528452356.497000,3315.077361
301F6_F6-11,70:f9:6d:c3:47:90,301wifi,-86,1528452361.296000,1528452356.497000,3315.077331
301F6_F6-11,70:f9:6d:c3:3b:d0,301wifi,-73,1528452361.296000,1528452356.497000,3315.077133
301F6_F6-11,70:f9:6d:c3:47:80,301wifi,-82,1528452361.296000,1528452356.497000,3315.077191
301F6_F6-11,70:f9:6d:c3:3b:c0,301wifi,-63,1528452361.296000,1528452356.497000,3315.077100
301F6_F6-11,70:f9:6d:c3:1a:f0,301wifi,-69,1528452361.296000,1528452356.497000,3315.077118
301F6_F6-11,70:f9:6d:c3:29:90,301wifi,-85,1528452361.296000,1528452356.497000,3309.851459
301F6_F6-11,70:f9:6d:c3:38:f0,301wifi,-84,1528452361.296000,1528452356.497000,3315.077315
301F6_F6-11,70:f9:6d:c3:26:30,301wifi,-89,1528452361.296000,1528452356.497000,3310.259348
301F6_F6-11,70:f9:6d:c3:39:d0,301wifi,-89,1528452361.296000,1528452356.497000,3315.077347
301F6_F6-11,70:f9:6d:c3:38:e0,301wifi,-85,1528452361.296000,1528452356.497000,3315.077292
301F6_F6-11,22:47:da:27:63:e4,÷©÷Î0916,-39,1528452366.113000,1528452361.303000,3319.885073
301F6_F6-11,50:bd:5f:15:99:35,TP-LINK_9935,-86,1528452366.113000,1528452361.303000,3319.885223
301F6_F6-11,70:f9:6d:c3:47:90,301wifi,-81,1528452366.113000,1528452361.303000,3319.885178
301F6_F6-11,70:f9:6d:c3:3b:d0,301wifi,-69,1528452366.113000,1528452361.303000,3319.885133
301F6_F6-11,70:f9:6d:c3:47:80,301wifi,-79,1528452366.113000,1528452361.303000,3319.885148
301F6_F6-11,70:f9:6d:c3:3b:c0,301wifi,-64,1528452366.113000,1528452361.303000,3319.885103
301F6_F6-11,70:f9:6d:c3:1a:f0,301wifi,-66,1528452366.113000,1528452361.303000,3319.885120
301F6_F6-11,70:f9:6d:c3:29:90,301wifi,-81,1528452366.113000,1528452361.303000,3319.885192
301F6_F6-11,70:f9:6d:c3:38:f0,301wifi,-82,1528452366.113000,1528452361.303000,3319.885209
301F6_F6-11,70:f9:6d:c3:26:30,301wifi,-90,1528452366.113000,1528452361.303000,3319.885247
301F6_F6-11,70:f9:6d:c3:39:d0,301wifi,-88,1528452366.113000,1528452361.303000,3319.885235
301F6_F6-11,70:f9:6d:c3:38:e0,301wifi,-85,1528452366.113000,1528452361.303000,3319.885162
301F6_F6-11,22:47:da:27:63:e4,÷©÷Î0916,-41,1528452370.939000,1528452366.122000,3324.699110
301F6_F6-11,50:bd:5f:15:99:35,TP-LINK_9935,-86,1528452370.939000,1528452366.122000,3324.699480
301F6_F6-11,70:f9:6d:c3:47:90,301wifi,-83,1528452370.939000,1528452366.122000,3324.699450
301F6_F6-11,70:f9:6d:c3:3b:d0,301wifi,-70,1528452370.939000,1528452366.122000,3324.699224
301F6_F6-11,70:f9:6d:c3:47:80,301wifi,-79,1528452370.939000,1528452366.122000,3324.699253
301F6_F6-11,70:f9:6d:c3:3b:c0,301wifi,-68,1528452370.939000,1528452366.122000,3324.699162
301F6_F6-11,70:f9:6d:c3:1a:f0,301wifi,-68,1528452370.939000,1528452366.122000,3324.699197
301F6_F6-11,70:f9:6d:c3:29:90,301wifi,-81,1528452370.939000,1528452366.122000,3324.699415
301F6_F6-11,70:f9:6d:c3:38:f0,301wifi,-80,1528452370.939000,1528452366.122000,3324.699283
301F6_F6-11,70:f9:6d:c3:26:30,301wifi,-87,1528452370.939000,1528452366.122000,3324.699508
301F6_F6-11,70:f9:6d:c3:39:d0,301wifi,-88,1528452370.939000,1528452366.122000,3324.699537
301F6_F6-11,70:f9:6d:c3:38:e0,301wifi,-85,1528452370.939000,1528452366.122000,3319.885162
301F6_F6-11,22:47:da:27:63:e4,÷©÷Î0916,-32,1528452375.723000,1528452370.955000,3329.515561
301F6_F6-11,50:bd:5f:15:99:35,TP-LINK_9935,-86,1528452375.723000,1528452370.955000,3329.515894
301F6_F6-11,70:f9:6d:c3:47:90,301wifi,-79,1528452375.723000,1528452370.955000,3329.515745
301F6_F6-11,70:f9:6d:c3:3b:d0,301wifi,-69,1528452375.723000,1528452370.955000,3329.515663
301F6_F6-11,70:f9:6d:c3:47:80,301wifi,-84,1528452375.723000,1528452370.955000,3329.515858
301F6_F6-11,70:f9:6d:c3:3b:c0,301wifi,-66,1528452375.723000,1528452370.955000,3329.515618
301F6_F6-11,70:f9:6d:c3:1a:f0,301wifi,-71,1528452375.723000,1528452370.955000,3329.515704
301F6_F6-11,70:f9:6d:c3:29:90,301wifi,-81,1528452375.723000,1528452370.955000,3324.699415
301F6_F6-11,70:f9:6d:c3:38:f0,301wifi,-80,1528452375.723000,1528452370.955000,3329.515782
301F6_F6-11,70:f9:6d:c3:26:30,301wifi,-87,1528452375.723000,1528452370.955000,3329.515933
301F6_F6-11,70:f9:6d:c3:39:d0,301wifi,-88,1528452375.723000,1528452370.955000,3324.699537
301F6_F6-11,70:f9:6d:c3:38:e0,301wifi,-83,1528452375.723000,1528452370.955000,3329.515821
301F6_F6-11,22:47:da:27:63:e4,÷©÷Î0916,-40,1528452380.550000,1528452375.754000,3334.324000
301F6_F6-11,50:bd:5f:15:99:35,TP-LINK_9935,-87,1528452380.550000,1528452375.754000,3334.324178
301F6_F6-11,70:f9:6d:c3:47:90,301wifi,-75,1528452380.550000,1528452375.754000,3334.324078
301F6_F6-11,70:f9:6d:c3:3b:d0,301wifi,-81,1528452380.550000,1528452375.754000,3334.324140
301F6_F6-11,70:f9:6d:c3:47:80,301wifi,-84,1528452380.550000,1528452375.754000,3334.324118
301F6_F6-11,70:f9:6d:c3:3b:c0,301wifi,-70,1528452380.550000,1528452375.754000,3334.324037
301F6_F6-11,70:f9:6d:c3:1a:f0,301wifi,-67,1528452380.550000,1528452375.754000,3334.324060
301F6_F6-11,70:f9:6d:c3:29:90,301wifi,-81,1528452380.550000,1528452375.754000,3324.699415
301F6_F6-11,70:f9:6d:c3:38:f0,301wifi,-83,1528452380.550000,1528452375.754000,3334.324159
301F6_F6-11,70:f9:6d:c3:26:30,301wifi,-87,1528452380.550000,1528452375.754000,3329.515933
301F6_F6-11,70:f9:6d:c3:39:d0,301wifi,-88,1528452380.550000,1528452375.754000,3324.699537
301F6_F6-11,70:f9:6d:c3:38:e0,301wifi,-83,1528452380.550000,1528452375.754000,3334.324098
301F6_F6-11,22:47:da:27:63:e4,÷©÷Î0916,-41,1528452385.384000,1528452380.558000,3339.148085
301F6_F6-11,50:bd:5f:15:99:35,TP-LINK_9935,-90,1528452385.384000,1528452380.558000,3339.148335
301F6_F6-11,70:f9:6d:c3:47:90,301wifi,-87,1528452385.384000,1528452380.558000,3339.148312
301F6_F6-11,70:f9:6d:c3:3b:d0,301wifi,-74,1528452385.384000,1528452380.558000,3339.148197
301F6_F6-11,70:f9:6d:c3:47:80,301wifi,-80,1528452385.384000,1528452380.558000,3339.148245
301F6_F6-11,70:f9:6d:c3:3b:c0,301wifi,-66,1528452385.384000,1528452380.558000,3339.148169
301F6_F6-11,70:f9:6d:c3:1a:f0,301wifi,-75,1528452385.384000,1528452380.558000,3339.148221
301F6_F6-11,70:f9:6d:c3:38:f0,301wifi,-83,1528452385.384000,1528452380.558000,3339.148289
301F6_F6-11,70:f9:6d:c3:26:30,301wifi,-93,1528452385.384000,1528452380.558000,3339.148356
301F6_F6-11,70:f9:6d:c3:38:e0,301wifi,-83,1528452385.384000,1528452380.558000,3339.148267
301F6_F6-11,22:47:da:27:63:e4,÷©÷Î0916,-38,1528452390.177000,1528452385.400000,3343.949963
301F6_F6-11,50:bd:5f:15:99:35,TP-LINK_9935,-91,1528452390.177000,1528452385.400000,3343.950101
301F6_F6-11,70:f9:6d:c3:47:90,301wifi,-83,1528452390.177000,1528452385.400000,3343.950086
301F6_F6-11,70:f9:6d:c3:3b:d0,301wifi,-78,1528452390.177000,1528452385.400000,3343.950040
301F6_F6-11,70:f9:6d:c3:47:80,301wifi,-80,1528452390.177000,1528452385.400000,3343.950025
301F6_F6-11,70:f9:6d:c3:3b:c0,301wifi,-68,1528452390.177000,1528452385.400000,3343.949993
301F6_F6-11,70:f9:6d:c3:1a:f0,301wifi,-71,1528452390.177000,1528452385.400000,3343.950011
301F6_F6-11,70:f9:6d:c3:38:f0,301wifi,-83,1528452390.177000,1528452385.400000,3343.950068
301F6_F6-11,70:f9:6d:c3:26:30,301wifi,-93,1528452390.177000,1528452385.400000,3343.950116
301F6_F6-11,70:f9:6d:c3:38:e0,301wifi,-83,1528452390.177000,1528452385.400000,3343.950054
301F6_F6-11,22:47:da:27:63:e4,÷©÷Î0916,-38,1528452395.012000,1528452390.183000,3348.800005
301F6_F6-11,50:bd:5f:15:99:35,TP-LINK_9935,-87,1528452395.012000,1528452390.183000,3348.800150
301F6_F6-11,70:f9:6d:c3:47:90,301wifi,-86,1528452395.012000,1528452390.183000,3348.800119
301F6_F6-11,70:f9:6d:c3:3b:d0,301wifi,-68,1528452395.012000,1528452390.183000,3348.800045
301F6_F6-11,70:f9:6d:c3:47:80,301wifi,-80,1528452395.012000,1528452390.183000,3348.800074
301F6_F6-11,70:f9:6d:c3:3b:c0,301wifi,-64,1528452395.012000,1528452390.183000,3348.800029
301F6_F6-11,70:f9:6d:c3:1a:f0,301wifi,-76,1528452395.012000,1528452390.183000,3348.800089
301F6_F6-11,70:f9:6d:c3:38:f0,301wifi,-75,1528452395.012000,1528452390.183000,3348.800059
301F6_F6-11,70:f9:6d:c3:26:30,301wifi,-89,1528452395.012000,1528452390.183000,3348.800163
301F6_F6-11,70:f9:6d:c3:38:e0,301wifi,-86,1528452395.012000,1528452390.183000,3348.800104
301F6_F6-11,8e:25:93:92:eb:02,laserpdt,-93,1528452395.012000,1528452390.183000,3348.800178
301F6_F6-11,70:f9:6d:c3:39:d0,301wifi,-87,1528452395.012000,1528452390.183000,3348.800133
301F6_F6-11,22:47:da:27:63:e4,÷©÷Î0916,-36,1528452399.812000,1528452395.017000,3353.578308
301F6_F6-11,50:bd:5f:15:99:35,TP-LINK_9935,-89,1528452399.812000,1528452395.017000,3353.578861
301F6_F6-11,70:f9:6d:c3:47:90,301wifi,-83,1528452399.812000,1528452395.017000,3353.578581
301F6_F6-11,70:f9:6d:c3:3b:d0,301wifi,-72,1528452399.812000,1528452395.017000,3353.578402
301F6_F6-11,70:f9:6d:c3:47:80,301wifi,-80,1528452399.812000,1528452395.017000,3353.578471
301F6_F6-11,70:f9:6d:c3:3b:c0,301wifi,-64,1528452399.812000,1528452395.017000,3353.578363
301F6_F6-11,70:f9:6d:c3:1a:f0,301wifi,-74,1528452399.812000,1528452395.017000,3353.578438
301F6_F6-11,70:f9:6d:c3:38:f0,301wifi,-83,1528452399.812000,1528452395.017000,3353.578548
301F6_F6-11,70:f9:6d:c3:26:30,301wifi,-89,1528452399.812000,1528452395.017000,3353.578827
301F6_F6-11,70:f9:6d:c3:38:e0,301wifi,-84,1528452399.812000,1528452395.017000,3353.578507
301F6_F6-11,8e:25:93:92:eb:02,laserpdt,-91,1528452399.812000,1528452395.017000,3353.578895
301F6_F6-11,70:f9:6d:c3:39:d0,301wifi,-87,1528452399.812000,1528452395.017000,3353.578785
301F6_F6-11,22:47:da:27:63:e4,÷©÷Î0916,-36,1528452400.196000,1528452399.823000,3353.984564
301F6_F6-11,50:bd:5f:15:99:35,TP-LINK_9935,-89,1528452400.196000,1528452399.823000,3353.984696
301F6_F6-11,70:f9:6d:c3:47:90,301wifi,-83,1528452400.196000,1528452399.823000,3353.984669
301F6_F6-11,70:f9:6d:c3:3b:d0,301wifi,-72,1528452400.196000,1528452399.823000,3353.984603
301F6_F6-11,70:f9:6d:c3:47:80,301wifi,-83,1528452400.196000,1528452399.823000,3353.984642
301F6_F6-11,70:f9:6d:c3:3b:c0,301wifi,-65,1528452400.196000,1528452399.823000,3353.984588
301F6_F6-11,70:f9:6d:c3:1a:f0,301wifi,-74,1528452400.196000,1528452399.823000,3353.984617
301F6_F6-11,70:f9:6d:c3:38:f0,301wifi,-83,1528452400.196000,1528452399.823000,3353.984655
301F6_F6-11,70:f9:6d:c3:26:30,301wifi,-86,1528452400.196000,1528452399.823000,3353.984683
301F6_F6-11,70:f9:6d:c3:38:e0,301wifi,-83,1528452400.196000,1528452399.823000,3353.984628
301F6_F6-11,8e:25:93:92:eb:02,laserpdt,-91,1528452400.196000,1528452399.823000,3353.984709
301F6_F6-11,70:f9:6d:c3:39:d0,301wifi,-87,1528452400.196000,1528452399.823000,3353.578785
301F6_F6-11,22:47:da:27:63:e4,÷©÷Î0916,-39,1528452405.021000,1528452400.204000,3358.803333
301F6_F6-11,50:bd:5f:15:99:35,TP-LINK_9935,-89,1528452405.021000,1528452400.204000,3358.805382
301F6_F6-11,70:f9:6d:c3:47:90,301wifi,-86,1528452405.021000,1528452400.204000,3358.805352
301F6_F6-11,70:f9:6d:c3:3b:d0,301wifi,-68,1528452405.021000,1528452400.204000,3358.804629
301F6_F6-11,70:f9:6d:c3:47:80,301wifi,-82,1528452405.021000,1528452400.204000,3358.805227
301F6_F6-11,70:f9:6d:c3:3b:c0,301wifi,-67,1528452405.021000,1528452400.204000,3358.803386
301F6_F6-11,70:f9:6d:c3:1a:f0,301wifi,-73,1528452405.021000,1528452400.204000,3358.805102
301F6_F6-11,70:f9:6d:c3:38:f0,301wifi,-76,1528452405.021000,1528452400.204000,3358.805136
301F6_F6-11,70:f9:6d:c3:26:30,301wifi,-86,1528452405.021000,1528452400.204000,3358.805326
301F6_F6-11,70:f9:6d:c3:38:e0,301wifi,-83,1528452405.021000,1528452400.204000,3358.805265
301F6_F6-11,8e:25:93:92:eb:02,laserpdt,-91,1528452405.021000,1528452400.204000,3358.805408
301F6_F6-11,70:f9:6d:c3:39:d0,301wifi,-83,1528452405.021000,1528452400.204000,3358.805297
301F6_F6-11,22:47:da:27:63:e4,÷©÷Î0916,-39,1528452409.823000,1528452405.027000,3363.609335
301F6_F6-11,50:bd:5f:15:99:35,TP-LINK_9935,-89,1528452409.823000,1528452405.027000,3363.610167
301F6_F6-11,70:f9:6d:c3:47:90,301wifi,-83,1528452409.823000,1528452405.027000,3363.610152
301F6_F6-11,70:f9:6d:c3:3b:d0,301wifi,-75,1528452409.823000,1528452405.027000,3363.610089
301F6_F6-11,70:f9:6d:c3:47:80,301wifi,-82,1528452409.823000,1528452405.027000,3363.610104
301F6_F6-11,70:f9:6d:c3:3b:c0,301wifi,-66,1528452409.823000,1528452405.027000,3363.609521
301F6_F6-11,70:f9:6d:c3:1a:f0,301wifi,-69,1528452409.823000,1528452405.027000,3363.609546
301F6_F6-11,70:f9:6d:c3:38:f0,301wifi,-73,1528452409.823000,1528452405.027000,3363.610063
301F6_F6-11,70:f9:6d:c3:26:30,301wifi,-86,1528452409.823000,1528452405.027000,3358.805326
301F6_F6-11,70:f9:6d:c3:38:e0,301wifi,-83,1528452409.823000,1528452405.027000,3358.805265
301F6_F6-11,8e:25:93:92:eb:02,laserpdt,-92,1528452409.823000,1528452405.027000,3363.610181
301F6_F6-11,70:f9:6d:c3:39:d0,301wifi,-83,1528452409.823000,1528452405.027000,3363.610138
301F6_F6-11,22:47:da:27:63:e4,÷©÷Î0916,-40,1528452414.643000,1528452409.831000,3368.424132
301F6_F6-11,50:bd:5f:15:99:35,TP-LINK_9935,-87,1528452414.643000,1528452409.831000,3368.424420
301F6_F6-11,70:f9:6d:c3:47:90,301wifi,-82,1528452414.643000,1528452409.831000,3368.424364
301F6_F6-11,70:f9:6d:c3:3b:d0,301wifi,-75,1528452414.643000,1528452409.831000,3368.424273
301F6_F6-11,70:f9:6d:c3:47:80,301wifi,-83,1528452414.643000,1528452409.831000,3368.424303
301F6_F6-11,70:f9:6d:c3:3b:c0,301wifi,-65,1528452414.643000,1528452409.831000,3368.424182
301F6_F6-11,70:f9:6d:c3:1a:f0,301wifi,-69,1528452414.643000,1528452409.831000,3368.424214
301F6_F6-11,70:f9:6d:c3:38:f0,301wifi,-74,1528452414.643000,1528452409.831000,3368.424245
301F6_F6-11,70:f9:6d:c3:26:30,301wifi,-93,1528452414.643000,1528452409.831000,3368.424475
301F6_F6-11,70:f9:6d:c3:38:e0,301wifi,-85,1528452414.643000,1528452409.831000,3368.424333
301F6_F6-11,8e:25:93:92:eb:02,laserpdt,-89,1528452414.643000,1528452409.831000,3368.424447
301F6_F6-11,70:f9:6d:c3:39:d0,301wifi,-83,1528452414.643000,1528452409.831000,3368.424394
301F6_F6-11,22:47:da:27:63:e4,÷©÷Î0916,-35,1528452419.446000,1528452414.648000,3373.239475
301F6_F6-11,50:bd:5f:15:99:35,TP-LINK_9935,-87,1528452419.446000,1528452414.648000,3373.239814
301F6_F6-11,70:f9:6d:c3:47:90,301wifi,-82,1528452419.446000,1528452414.648000,3373.239783
301F6_F6-11,70:f9:6d:c3:3b:d0,301wifi,-69,1528452419.446000,1528452414.648000,3373.239626
301F6_F6-11,70:f9:6d:c3:47:80,301wifi,-79,1528452419.446000,1528452414.648000,3373.239728
301F6_F6-11,70:f9:6d:c3:3b:c0,301wifi,-65,1528452419.446000,1528452414.648000,3373.239506
301F6_F6-11,70:f9:6d:c3:1a:f0,301wifi,-72,1528452419.446000,1528452414.648000,3373.239709
301F6_F6-11,70:f9:6d:c3:38:f0,301wifi,-79,1528452419.446000,1528452414.648000,3373.239745
301F6_F6-11,70:f9:6d:c3:26:30,301wifi,-90,1528452419.446000,1528452414.648000,3373.239845
301F6_F6-11,70:f9:6d:c3:38:e0,301wifi,-85,1528452419.446000,1528452414.648000,3373.239762
301F6_F6-11,8e:25:93:92:eb:02,laserpdt,-89,1528452419.446000,1528452414.648000,3373.239830
301F6_F6-11,70:f9:6d:c3:39:d0,301wifi,-83,1528452419.446000,1528452414.648000,3373.239799
301F6_F6-11,22:47:da:27:63:e4,÷©÷Î0916,-37,1528452424.277000,1528452419.451000,3378.049816
301F6_F6-11,50:bd:5f:15:99:35,TP-LINK_9935,-90,1528452424.277000,1528452419.451000,3378.050363
301F6_F6-11,70:f9:6d:c3:47:90,301wifi,-82,1528452424.277000,1528452419.451000,3378.050250
301F6_F6-11,70:f9:6d:c3:3b:d0,301wifi,-70,1528452424.277000,1528452419.451000,3378.049912
301F6_F6-11,70:f9:6d:c3:47:80,301wifi,-79,1528452424.277000,1528452419.451000,3378.049985
301F6_F6-11,70:f9:6d:c3:3b:c0,301wifi,-67,1528452424.277000,1528452419.451000,3378.049871
301F6_F6-11,70:f9:6d:c3:1a:f0,301wifi,-74,1528452424.277000,1528452419.451000,3378.049950
301F6_F6-11,70:f9:6d:c3:38:f0,301wifi,-79,1528452424.277000,1528452419.451000,3378.050062
301F6_F6-11,70:f9:6d:c3:26:30,301wifi,-89,1528452424.277000,1528452419.451000,3378.050328
301F6_F6-11,70:f9:6d:c3:38:e0,301wifi,-85,1528452424.277000,1528452419.451000,3378.050098
301F6_F6-11,8e:25:93:92:eb:02,laserpdt,-88,1528452424.277000,1528452419.451000,3378.050294
301F6_F6-11,70:f9:6d:c3:39:d0,301wifi,-81,1528452424.277000,1528452419.451000,3378.050134
301F6_F6-11,22:47:da:27:63:e4,÷©÷Î0916,-36,1528452429.075000,1528452424.285000,3382.861976
301F6_F6-11,50:bd:5f:15:99:35,TP-LINK_9935,-90,1528452429.075000,1528452424.285000,3382.862257
301F6_F6-11,70:f9:6d:c3:47:90,301wifi,-83,1528452429.075000,1528452424.285000,3382.862191
301F6_F6-11,70:f9:6d:c3:3b:d0,301wifi,-72,1528452429.075000,1528452424.285000,3382.862045
301F6_F6-11,70:f9:6d:c3:47:80,301wifi,-79,1528452429.075000,1528452424.285000,3382.862091
301F6_F6-11,70:f9:6d:c3:3b:c0,301wifi,-67,1528452429.075000,1528452424.285000,3382.862019
301F6_F6-11,70:f9:6d:c3:1a:f0,301wifi,-74,1528452429.075000,1528452424.285000,3382.862069
301F6_F6-11,70:f9:6d:c3:38:f0,301wifi,-79,1528452429.075000,1528452424.285000,3382.862115
301F6_F6-11,70:f9:6d:c3:26:30,301wifi,-89,1528452429.075000,1528452424.285000,3382.862235
301F6_F6-11,70:f9:6d:c3:38:e0,301wifi,-85,1528452429.075000,1528452424.285000,3382.862141
301F6_F6-11,8e:25:93:92:eb:02,laserpdt,-88,1528452429.075000,1528452424.285000,3382.862213
301F6_F6-11,70:f9:6d:c3:39:d0,301wifi,-82,1528452429.075000,1528452424.285000,3382.862168
301F6_F6-11,22:47:da:27:63:e4,÷©÷Î0916,-40,1528452433.890000,1528452429.094000,3387.674593
301F6_F6-11,50:bd:5f:15:99:35,TP-LINK_9935,-90,1528452433.890000,1528452429.094000,3382.862257
301F6_F6-11,70:f9:6d:c3:47:90,301wifi,-86,1528452433.890000,1528452429.094000,3387.674734
301F6_F6-11,70:f9:6d:c3:3b:d0,301wifi,-72,1528452433.890000,1528452429.094000,3387.674638
301F6_F6-11,70:f9:6d:c3:47:80,301wifi,-80,1528452433.890000,1528452429.094000,3387.674678
301F6_F6-11,70:f9:6d:c3:3b:c0,301wifi,-63,1528452433.890000,1528452429.094000,3387.674621
301F6_F6-11,70:f9:6d:c3:1a:f0,301wifi,-77,1528452433.890000,1528452429.094000,3387.674708
301F6_F6-11,70:f9:6d:c3:38:f0,301wifi,-76,1528452433.890000,1528452429.094000,3387.674694
301F6_F6-11,70:f9:6d:c3:26:30,301wifi,-89,1528452433.890000,1528452429.094000,3382.862235
301F6_F6-11,70:f9:6d:c3:38:e0,301wifi,-85,1528452433.890000,1528452429.094000,3382.862141
301F6_F6-11,8e:25:93:92:eb:02,laserpdt,-88,1528452433.890000,1528452429.094000,3382.862213
301F6_F6-11,70:f9:6d:c3:39:d0,301wifi,-85,1528452433.890000,1528452429.094000,3387.674721
301F6_F6-11,22:47:da:27:63:e4,÷©÷Î0916,-40,1528452438.720000,1528452433.896000,3392.487877
301F6_F6-11,50:bd:5f:15:99:35,TP-LINK_9935,-90,1528452438.720000,1528452433.896000,3382.862257
301F6_F6-11,70:f9:6d:c3:47:90,301wifi,-86,1528452438.720000,1528452433.896000,3392.488074
301F6_F6-11,70:f9:6d:c3:3b:d0,301wifi,-72,1528452438.720000,1528452433.896000,3392.487942
301F6_F6-11,70:f9:6d:c3:47:80,301wifi,-80,1528452438.720000,1528452433.896000,3392.487985
301F6_F6-11,70:f9:6d:c3:3b:c0,301wifi,-63,1528452438.720000,1528452433.896000,3392.487918
301F6_F6-11,70:f9:6d:c3:1a:f0,301wifi,-73,1528452438.720000,1528452433.896000,3392.487964
301F6_F6-11,70:f9:6d:c3:38:f0,301wifi,-76,1528452438.720000,1528452433.896000,3392.488008
301F6_F6-11,70:f9:6d:c3:26:30,301wifi,-89,1528452438.720000,1528452433.896000,3382.862235
301F6_F6-11,70:f9:6d:c3:38:e0,301wifi,-84,1528452438.720000,1528452433.896000,3392.488030
301F6_F6-11,8e:25:93:92:eb:02,laserpdt,-88,1528452438.720000,1528452433.896000,3382.862213
301F6_F6-11,70:f9:6d:c3:39:d0,301wifi,-85,1528452438.720000,1528452433.896000,3392.488053
301F6_F6-11,22:47:da:27:63:e4,÷©÷Î0916,-40,1528452443.511000,1528452438.726000,3397.302218
301F6_F6-11,70:f9:6d:c3:47:90,301wifi,-83,1528452443.511000,1528452438.726000,3397.302362
301F6_F6-11,70:f9:6d:c3:3b:d0,301wifi,-72,1528452443.511000,1528452438.726000,3397.302269
301F6_F6-11,70:f9:6d:c3:47:80,301wifi,-80,1528452443.511000,1528452438.726000,3397.302288
301F6_F6-11,70:f9:6d:c3:3b:c0,301wifi,-64,1528452443.511000,1528452438.726000,3397.302250
301F6_F6-11,70:f9:6d:c3:1a:f0,301wifi,-77,1528452443.511000,1528452438.726000,3397.302307
301F6_F6-11,70:f9:6d:c3:38:f0,301wifi,-79,1528452443.511000,1528452438.726000,3397.302324
301F6_F6-11,70:f9:6d:c3:38:e0,301wifi,-86,1528452443.511000,1528452438.726000,3397.302380
301F6_F6-11,8e:25:93:92:eb:02,laserpdt,-90,1528452443.511000,1528452438.726000,3397.302399
301F6_F6-11,70:f9:6d:c3:39:d0,301wifi,-83,1528452443.511000,1528452438.726000,3397.302343
301F6_F6-11,22:47:da:27:63:e4,÷©÷Î0916,-43,1528452448.344000,1528452443.524000,3402.117266
301F6_F6-11,70:f9:6d:c3:47:90,301wifi,-87,1528452448.344000,1528452443.524000,3402.117714
301F6_F6-11,70:f9:6d:c3:3b:d0,301wifi,-66,1528452448.344000,1528452443.524000,3402.117538
301F6_F6-11,70:f9:6d:c3:47:80,301wifi,-81,1528452448.344000,1528452443.524000,3402.117653
301F6_F6-11,70:f9:6d:c3:3b:c0,301wifi,-64,1528452448.344000,1528452443.524000,3402.117504
301F6_F6-11,70:f9:6d:c3:1a:f0,301wifi,-76,1528452448.344000,1528452443.524000,3402.117567
301F6_F6-11,70:f9:6d:c3:38:f0,301wifi,-77,1528452448.344000,1528452443.524000,3402.117597
301F6_F6-11,70:f9:6d:c3:38:e0,301wifi,-84,1528452448.344000,1528452443.524000,3402.117683
301F6_F6-11,8e:25:93:92:eb:02,laserpdt,-90,1528452448.344000,1528452443.524000,3402.117741
301F6_F6-11,70:f9:6d:c3:39:d0,301wifi,-80,1528452448.344000,1528452443.524000,3402.117626
301F6_F6-11,50:bd:5f:15:99:35,TP-LINK_9935,-93,1528452448.344000,1528452443.524000,3402.117769
301F6_F6-11,22:47:da:27:63:e4,÷©÷Î0916,-39,1528452453.134000,1528452448.351000,3406.925569
301F6_F6-11,70:f9:6d:c3:47:90,301wifi,-91,1528452453.134000,1528452448.351000,3406.925666
301F6_F6-11,70:f9:6d:c3:3b:d0,301wifi,-72,1528452453.134000,1528452448.351000,3406.925601
301F6_F6-11,70:f9:6d:c3:47:80,301wifi,-83,1528452453.134000,1528452448.351000,3406.925624
301F6_F6-11,70:f9:6d:c3:3b:c0,301wifi,-63,1528452453.134000,1528452448.351000,3406.925591
301F6_F6-11,70:f9:6d:c3:1a:f0,301wifi,-76,1528452453.134000,1528452448.351000,3406.925610
301F6_F6-11,70:f9:6d:c3:38:f0,301wifi,-79,1528452453.134000,1528452448.351000,3406.925617
301F6_F6-11,70:f9:6d:c3:38:e0,301wifi,-84,1528452453.134000,1528452448.351000,3406.925633
301F6_F6-11,8e:25:93:92:eb:02,laserpdt,-91,1528452453.134000,1528452448.351000,3406.925658
301F6_F6-11,70:f9:6d:c3:39:d0,301wifi,-81,1528452453.134000,1528452448.351000,3406.925642
301F6_F6-11,50:bd:5f:15:99:35,TP-LINK_9935,-89,1528452453.134000,1528452448.351000,3406.925650
301F6_F6-11,22:47:da:27:63:e4,÷©÷Î0916,-38,1528452457.974000,1528452453.140000,3411.738588
301F6_F6-11,70:f9:6d:c3:47:90,301wifi,-85,1528452457.974000,1528452453.140000,3411.739218
301F6_F6-11,70:f9:6d:c3:3b:d0,301wifi,-71,1528452457.974000,1528452453.140000,3411.739075
301F6_F6-11,70:f9:6d:c3:47:80,301wifi,-83,1528452457.974000,1528452453.140000,3411.739149
301F6_F6-11,70:f9:6d:c3:3b:c0,301wifi,-68,1528452457.974000,1528452453.140000,3411.739049
301F6_F6-11,70:f9:6d:c3:1a:f0,301wifi,-72,1528452457.974000,1528452453.140000,3411.739099
301F6_F6-11,70:f9:6d:c3:38:f0,301wifi,-79,1528452457.974000,1528452453.140000,3411.739123
301F6_F6-11,70:f9:6d:c3:38:e0,301wifi,-85,1528452457.974000,1528452453.140000,3411.739173
301F6_F6-11,8e:25:93:92:eb:02,laserpdt,-91,1528452457.974000,1528452453.140000,3411.739263
301F6_F6-11,70:f9:6d:c3:39:d0,301wifi,-81,1528452457.974000,1528452453.140000,3411.739195
301F6_F6-11,50:bd:5f:15:99:35,TP-LINK_9935,-89,1528452457.974000,1528452453.140000,3411.739241
301F6_F6-11,22:47:da:27:63:e4,÷©÷Î0916,-42,1528452462.770000,1528452457.980000,3416.557054
301F6_F6-11,70:f9:6d:c3:47:90,301wifi,-88,1528452462.770000,1528452457.980000,3416.557273
301F6_F6-11,70:f9:6d:c3:3b:d0,301wifi,-66,1528452462.770000,1528452457.980000,3416.557129
301F6_F6-11,70:f9:6d:c3:47:80,301wifi,-83,1528452462.770000,1528452457.980000,3411.739149
301F6_F6-11,70:f9:6d:c3:3b:c0,301wifi,-67,1528452462.770000,1528452457.980000,3416.557100
301F6_F6-11,70:f9:6d:c3:1a:f0,301wifi,-69,1528452462.770000,1528452457.980000,3416.557156
301F6_F6-11,70:f9:6d:c3:38:f0,301wifi,-79,1528452462.770000,1528452457.980000,3411.739123
301F6_F6-11,70:f9:6d:c3:38:e0,301wifi,-85,1528452462.770000,1528452457.980000,3416.557180
301F6_F6-11,8e:25:93:92:eb:02,laserpdt,-90,1528452462.770000,1528452457.980000,3416.557325
301F6_F6-11,70:f9:6d:c3:39:d0,301wifi,-81,1528452462.770000,1528452457.980000,3416.557211
301F6_F6-11,50:bd:5f:15:99:35,TP-LINK_9935,-89,1528452462.770000,1528452457.980000,3416.557300
301F6_F6-11,70:f9:6d:c1:49:30,301wifi,-82,1528452462.770000,1528452457.980000,3416.557236
301F6_F6-11,22:47:da:27:63:e4,÷©÷Î0916,-38,1528452467.585000,1528452462.777000,3421.374159
301F6_F6-11,70:f9:6d:c3:47:90,301wifi,-86,1528452467.585000,1528452462.777000,3421.374300
301F6_F6-11,70:f9:6d:c3:3b:d0,301wifi,-67,1528452467.585000,1528452462.777000,3421.374203
301F6_F6-11,70:f9:6d:c3:47:80,301wifi,-83,1528452467.585000,1528452462.777000,3411.739149
301F6_F6-11,70:f9:6d:c3:3b:c0,301wifi,-68,1528452467.585000,1528452462.777000,3421.374185
301F6_F6-11,70:f9:6d:c3:1a:f0,301wifi,-72,1528452467.585000,1528452462.777000,3421.374243
301F6_F6-11,70:f9:6d:c3:38:f0,301wifi,-80,1528452467.585000,1528452462.777000,3421.374255
301F6_F6-11,70:f9:6d:c3:38:e0,301wifi,-85,1528452467.585000,1528452462.777000,3421.374265
301F6_F6-11,8e:25:93:92:eb:02,laserpdt,-90,1528452467.585000,1528452462.777000,3421.374323
301F6_F6-11,70:f9:6d:c3:39:d0,301wifi,-81,1528452467.585000,1528452462.777000,3421.374277
301F6_F6-11,50:bd:5f:15:99:35,TP-LINK_9935,-87,1528452467.585000,1528452462.777000,3421.374311
301F6_F6-11,70:f9:6d:c1:49:30,301wifi,-82,1528452467.585000,1528452462.777000,3421.374289
301F6_F6-11,22:47:da:27:63:e4,÷©÷Î0916,-39,1528452472.435000,1528452467.591000,3426.195387
301F6_F6-11,70:f9:6d:c3:47:90,301wifi,-85,1528452472.435000,1528452467.591000,3426.195549
301F6_F6-11,70:f9:6d:c3:3b:d0,301wifi,-74,1528452472.435000,1528452467.591000,3426.195449
301F6_F6-11,70:f9:6d:c3:3b:c0,301wifi,-75,1528452472.435000,1528452467.591000,3426.195426
301F6_F6-11,70:f9:6d:c3:1a:f0,301wifi,-76,1528452472.435000,1528452467.591000,3426.195470
301F6_F6-11,70:f9:6d:c3:38:f0,301wifi,-80,1528452472.435000,1528452467.591000,3426.195489
301F6_F6-11,70:f9:6d:c3:38:e0,301wifi,-85,1528452472.435000,1528452467.591000,3421.374265
301F6_F6-11,8e:25:93:92:eb:02,laserpdt,-90,1528452472.435000,1528452467.591000,3421.374323
301F6_F6-11,70:f9:6d:c3:39:d0,301wifi,-81,1528452472.435000,1528452467.591000,3426.195509
301F6_F6-11,50:bd:5f:15:99:35,TP-LINK_9935,-91,1528452472.435000,1528452467.591000,3426.195590
301F6_F6-11,70:f9:6d:c1:49:30,301wifi,-82,1528452472.435000,1528452467.591000,3426.195528
301F6_F6-11,70:f9:6d:c3:29:90,301wifi,-85,1528452472.435000,1528452467.591000,3426.195568
301F6_F6-11,22:47:da:27:63:e4,÷©÷Î0916,-39,1528452487.089000,1528452472.442000,3440.826935
301F6_F6-11,70:f9:6d:c3:47:90,301wifi,-85,1528452487.089000,1528452472.442000,3440.827193
301F6_F6-11,70:f9:6d:c3:3b:d0,301wifi,-74,1528452487.089000,1528452472.442000,3440.827041
301F6_F6-11,70:f9:6d:c3:3b:c0,301wifi,-75,1528452487.089000,1528452472.442000,3440.827001
301F6_F6-11,70:f9:6d:c3:1a:f0,301wifi,-76,1528452487.089000,1528452472.442000,3440.827088
301F6_F6-11,70:f9:6d:c3:38:f0,301wifi,-80,1528452487.089000,1528452472.442000,3426.195489
301F6_F6-11,70:f9:6d:c3:38:e0,301wifi,-85,1528452487.089000,1528452472.442000,3421.374265
301F6_F6-11,8e:25:93:92:eb:02,laserpdt,-90,1528452487.089000,1528452472.442000,3421.374323
301F6_F6-11,70:f9:6d:c3:39:d0,301wifi,-81,1528452487.089000,1528452472.442000,3426.195509
301F6_F6-11,50:bd:5f:15:99:35,TP-LINK_9935,-91,1528452487.089000,1528452472.442000,3440.827260
301F6_F6-11,70:f9:6d:c1:49:30,301wifi,-82,1528452487.089000,1528452472.442000,3440.827161
301F6_F6-11,70:f9:6d:c3:29:90,301wifi,-85,1528452487.089000,1528452472.442000,3440.827226
301F6_F6-11,10:44:00:cd:5b:0c,HUAWEI-NTV3EY_5G,-85,1528452487.089000,1528452472.442000,3440.827123
301F6_F6-11,22:47:da:27:63:e4,÷©÷Î0916,-39,1528452487.289000,1528452487.095000,3440.826935
301F6_F6-11,70:f9:6d:c3:47:90,301wifi,-85,1528452487.289000,1528452487.095000,3440.827193
301F6_F6-11,70:f9:6d:c3:3b:d0,301wifi,-74,1528452487.289000,1528452487.095000,3440.827041
301F6_F6-11,70:f9:6d:c3:3b:c0,301wifi,-75,1528452487.289000,1528452487.095000,3440.827001
301F6_F6-11,70:f9:6d:c3:1a:f0,301wifi,-76,1528452487.289000,1528452487.095000,3440.827088
301F6_F6-11,70:f9:6d:c3:38:f0,301wifi,-80,1528452487.289000,1528452487.095000,3426.195489
301F6_F6-11,70:f9:6d:c3:38:e0,301wifi,-85,1528452487.289000,1528452487.095000,3421.374265
301F6_F6-11,8e:25:93:92:eb:02,laserpdt,-90,1528452487.289000,1528452487.095000,3421.374323
301F6_F6-11,70:f9:6d:c3:39:d0,301wifi,-81,1528452487.289000,1528452487.095000,3426.195509
301F6_F6-11,50:bd:5f:15:99:35,TP-LINK_9935,-91,1528452487.289000,1528452487.095000,3440.827260
301F6_F6-11,70:f9:6d:c1:49:30,301wifi,-82,1528452487.289000,1528452487.095000,3440.827161
301F6_F6-11,70:f9:6d:c3:29:90,301wifi,-85,1528452487.289000,1528452487.095000,3440.827226
301F6_F6-11,10:44:00:cd:5b:0c,HUAWEI-NTV3EY_5G,-85,1528452487.289000,1528452487.095000,3441.045147
301F6_F6-11,22:47:da:27:63:e4,÷©÷Î0916,-34,1528452500.939000,1528452487.300000,3454.704561
301F6_F6-11,70:f9:6d:c3:47:90,301wifi,-85,1528452500.939000,1528452487.300000,3440.827193
301F6_F6-11,70:f9:6d:c3:3b:d0,301wifi,-74,1528452500.939000,1528452487.300000,3440.827041
301F6_F6-11,70:f9:6d:c3:3b:c0,301wifi,-75,1528452500.939000,1528452487.300000,3440.827001
301F6_F6-11,70:f9:6d:c3:1a:f0,301wifi,-76,1528452500.939000,1528452487.300000,3440.827088
301F6_F6-11,50:bd:5f:15:99:35,TP-LINK_9935,-91,1528452500.939000,1528452487.300000,3440.827260
301F6_F6-11,70:f9:6d:c1:49:30,301wifi,-82,1528452500.939000,1528452487.300000,3440.827161
301F6_F6-11,70:f9:6d:c3:29:90,301wifi,-85,1528452500.939000,1528452487.300000,3440.827226
301F6_F6-11,10:44:00:cd:5b:0c,HUAWEI-NTV3EY_5G,-85,1528452500.939000,1528452487.300000,3454.704650
301F6_F6-11,70:f9:6d:c3:2d:60,301wifi,-68,1528452500.939000,1528452487.300000,3454.704615
301F6_F6-11,22:47:da:27:63:e4,÷©÷Î0916,-34,1528452501.055000,1528452500.943000,3454.704561
301F6_F6-11,70:f9:6d:c3:47:90,301wifi,-85,1528452501.055000,1528452500.943000,3440.827193
301F6_F6-11,70:f9:6d:c3:3b:d0,301wifi,-74,1528452501.055000,1528452500.943000,3440.827041
301F6_F6-11,70:f9:6d:c3:3b:c0,301wifi,-75,1528452501.055000,1528452500.943000,3440.827001
301F6_F6-11,70:f9:6d:c3:1a:f0,301wifi,-76,1528452501.055000,1528452500.943000,3440.827088
301F6_F6-11,50:bd:5f:15:99:35,TP-LINK_9935,-91,1528452501.055000,1528452500.943000,3440.827260
301F6_F6-11,70:f9:6d:c1:49:30,301wifi,-82,1528452501.055000,1528452500.943000,3440.827161
301F6_F6-11,70:f9:6d:c3:29:90,301wifi,-85,1528452501.055000,1528452500.943000,3440.827226
301F6_F6-11,10:44:00:cd:5b:0c,HUAWEI-NTV3EY_5G,-85,1528452501.055000,1528452500.943000,3454.704650
301F6_F6-11,70:f9:6d:c3:2d:60,301wifi,-68,1528452501.055000,1528452500.943000,3454.844306
301F6_F6-11,70:f9:6d:c3:1e:f0,301wifi,-85,1528452501.055000,1528452500.943000,3454.844328
301F6_F6-11,22:47:da:27:63:e4,÷©÷Î0916,-43,1528452516.891000,1528452501.074000,3470.632455
301F6_F6-11,10:44:00:cd:5b:0c,HUAWEI-NTV3EY_5G,-85,1528452516.891000,1528452501.074000,3454.704650
301F6_F6-11,70:f9:6d:c3:2d:60,301wifi,-58,1528452516.891000,1528452501.074000,3470.632552
301F6_F6-11,70:f9:6d:c3:1e:f0,301wifi,-71,1528452516.891000,1528452501.074000,3470.632750
301F6_F6-11,d6:6a:6a:9d:a0:37,DIRECT-37-HP M377 LaserJet,-93,1528452516.891000,1528452501.074000,3461.323820
301F6_F6-11,70:f9:6d:c3:2d:70,301wifi,-54,1528452516.891000,1528452501.074000,3470.632513
301F6_F6-11,70:f9:6d:c1:2f:90,301wifi,-59,1528452516.891000,1528452501.074000,3470.632592
301F6_F6-11,70:f9:6d:bc:85:40,301wifi,-70,1528452516.891000,1528452501.074000,3470.632629
301F6_F6-11,70:f9:6d:bc:85:50,301wifi,-78,1528452516.891000,1528452501.074000,3470.633549
301F6_F6-11,0c:4b:54:96:90:3d,TP-LINK_903B,-77,1528452516.891000,1528452501.074000,3470.632821
301F6_F6-11,f4:83:cd:5e:a7:31,≈Æ…Ò∫Õ≈Æ∫∫◊”,-82,1528452516.891000,1528452501.074000,3470.633693
301F6_F6-11,0c:82:68:5f:e9:06,icansee,-87,1528452516.891000,1528452501.074000,3470.633729
301F6_F6-11,34:96:72:23:cc:30,TP-LINK_CC0720,-94,1528452516.891000,1528452501.074000,3470.633763
301F6_F6-11,70:f9:6d:c1:2f:80,301wifi,-71,1528452516.891000,1528452501.074000,3470.632665
301F6_F6-11,70:f9:6d:bc:76:80,301wifi,-73,1528452516.891000,1528452501.074000,3470.632705
301F6_F6-11,70:f9:6d:c3:37:60,301wifi,-77,1528452516.891000,1528452501.074000,3470.632783
301F6_F6-11,70:f9:6d:c3:2d:20,301wifi,-78,1528452516.891000,1528452501.074000,3470.632856
301F6_F6-11,70:f9:6d:c1:84:80,301wifi,-78,1528452516.891000,1528452501.074000,3470.633437
301F6_F6-11,70:f9:6d:c3:1e:e0,301wifi,-82,1528452516.891000,1528452501.074000,3470.633625
301F6_F6-11,70:f9:6d:c3:37:70,301wifi,-77,1528452516.891000,1528452501.074000,3470.633509
301F6_F6-11,70:f9:6d:bc:76:90,301wifi,-80,1528452516.891000,1528452501.074000,3470.633589
301F6_F6-11,70:f9:6d:c3:45:10,301wifi,-84,1528452516.891000,1528452501.074000,3470.633660
301F6_F6-11,22:47:da:27:63:e4,÷©÷Î0916,-42,1528452521.867000,1528452516.942000,3475.624158
301F6_F6-11,70:f9:6d:c3:2d:60,301wifi,-66,1528452521.867000,1528452516.942000,3475.624385
301F6_F6-11,70:f9:6d:c3:1e:f0,301wifi,-62,1528452521.867000,1528452516.942000,3475.624240
301F6_F6-11,70:f9:6d:c3:2d:70,301wifi,-62,1528452521.867000,1528452516.942000,3475.624258
301F6_F6-11,70:f9:6d:c1:2f:90,301wifi,-57,1528452521.867000,1528452516.942000,3475.624195
301F6_F6-11,70:f9:6d:bc:85:40,301wifi,-62,1528452521.867000,1528452516.942000,3475.624217
301F6_F6-11,70:f9:6d:bc:85:50,301wifi,-69,1528452521.867000,1528452516.942000,3475.624405
301F6_F6-11,0c:4b:54:96:90:3d,TP-LINK_903B,-73,1528452521.867000,1528452516.942000,3475.624779
301F6_F6-11,f4:83:cd:5e:a7:31,≈Æ…Ò∫Õ≈Æ∫∫◊”,-77,1528452521.867000,1528452516.942000,3475.625373
301F6_F6-11,0c:82:68:5f:e9:06,icansee,-87,1528452521.867000,1528452516.942000,3475.625562
301F6_F6-11,34:96:72:23:cc:30,TP-LINK_CC0720,-94,1528452521.867000,1528452516.942000,3475.625589
301F6_F6-11,70:f9:6d:c1:2f:80,301wifi,-71,1528452521.867000,1528452516.942000,3475.624423
301F6_F6-11,70:f9:6d:bc:76:80,301wifi,-72,1528452521.867000,1528452516.942000,3475.624441
301F6_F6-11,70:f9:6d:c3:37:60,301wifi,-77,1528452521.867000,1528452516.942000,3475.624867
301F6_F6-11,70:f9:6d:c3:2d:20,301wifi,-78,1528452521.867000,1528452516.942000,3475.625212
301F6_F6-11,70:f9:6d:c1:84:80,301wifi,-74,1528452521.867000,1528452516.942000,3475.624831
301F6_F6-11,70:f9:6d:c3:1e:e0,301wifi,-82,1528452521.867000,1528452516.942000,3475.625403
301F6_F6-11,70:f9:6d:c3:37:70,301wifi,-77,1528452521.867000,1528452516.942000,3475.625311
301F6_F6-11,70:f9:6d:bc:76:90,301wifi,-76,1528452521.867000,1528452516.942000,3475.625280
301F6_F6-11,70:f9:6d:c3:45:10,301wifi,-84,1528452521.867000,1528452516.942000,3475.625498
301F6_F6-11,24:69:68:10:93:66,TP-LINK_yll,-85,1528452521.867000,1528452516.942000,3475.625532
301F6_F6-11,70:f9:6d:c0:b7:d0,XMZYL-link,-83,1528452521.867000,1528452516.942000,3475.625467
301F6_F6-11,70:f9:6d:c1:8e:c0,301wifi,-78,1528452521.867000,1528452516.942000,3475.625249
301F6_F6-11,70:f9:6d:c3:2d:30,301wifi,-80,1528452521.867000,1528452516.942000,3475.625342
301F6_F6-11,70:f9:6d:c1:8e:d0,301wifi,-81,1528452521.867000,1528452516.942000,3475.625436
301F6_F6-11,22:47:da:27:63:e4,÷©÷Î0916,-42,1528452526.679000,1528452521.902000,3480.435474
301F6_F6-11,70:f9:6d:c3:2d:60,301wifi,-70,1528452526.679000,1528452521.902000,3480.435603
301F6_F6-11,70:f9:6d:c3:1e:f0,301wifi,-60,1528452526.679000,1528452521.902000,3480.435542
301F6_F6-11,70:f9:6d:c3:2d:70,301wifi,-68,1528452526.679000,1528452521.902000,3480.435640
301F6_F6-11,70:f9:6d:c1:2f:90,301wifi,-65,1528452526.679000,1528452521.902000,3480.435564
301F6_F6-11,70:f9:6d:bc:85:40,301wifi,-59,1528452526.679000,1528452521.902000,3480.435517
301F6_F6-11,70:f9:6d:bc:85:50,301wifi,-67,1528452526.679000,1528452521.902000,3480.435622
301F6_F6-11,0c:4b:54:96:90:3d,TP-LINK_903B,-73,1528452526.679000,1528452521.902000,3480.435758
301F6_F6-11,f4:83:cd:5e:a7:31,≈Æ…Ò∫Õ≈Æ∫∫◊”,-77,1528452526.679000,1528452521.902000,3480.435878
301F6_F6-11,0c:82:68:5f:e9:06,icansee,-87,1528452526.679000,1528452521.902000,3475.625562
301F6_F6-11,34:96:72:23:cc:30,TP-LINK_CC0720,-94,1528452526.679000,1528452521.902000,3475.625589
301F6_F6-11,70:f9:6d:c1:2f:80,301wifi,-71,1528452526.679000,1528452521.902000,3475.624423
301F6_F6-11,70:f9:6d:bc:76:80,301wifi,-66,1528452526.679000,1528452521.902000,3480.435583
301F6_F6-11,70:f9:6d:c3:37:60,301wifi,-74,1528452526.679000,1528452521.902000,3480.435777
301F6_F6-11,70:f9:6d:c3:2d:20,301wifi,-78,1528452526.679000,1528452521.902000,3475.625212
301F6_F6-11,70:f9:6d:c1:84:80,301wifi,-73,1528452526.679000,1528452521.902000,3480.435658
301F6_F6-11,70:f9:6d:c3:1e:e0,301wifi,-73,1528452526.679000,1528452521.902000,3480.435732
301F6_F6-11,70:f9:6d:c3:37:70,301wifi,-77,1528452526.679000,1528452521.902000,3480.435839
301F6_F6-11,70:f9:6d:bc:76:90,301wifi,-79,1528452526.679000,1528452521.902000,3480.435858
301F6_F6-11,70:f9:6d:c3:45:10,301wifi,-81,1528452526.679000,1528452521.902000,3480.435920
301F6_F6-11,24:69:68:10:93:66,TP-LINK_yll,-87,1528452526.679000,1528452521.902000,3480.437115
301F6_F6-11,70:f9:6d:c0:b7:d0,XMZYL-link,-83,1528452526.679000,1528452521.902000,3480.435939
301F6_F6-11,70:f9:6d:c1:8e:c0,301wifi,-80,1528452526.679000,1528452521.902000,3480.435798
301F6_F6-11,70:f9:6d:c3:2d:30,301wifi,-76,1528452526.679000,1528452521.902000,3480.435818
301F6_F6-11,70:f9:6d:c1:8e:d0,301wifi,-81,1528452526.679000,1528452521.902000,3480.435897
301F6_F6-11,50:fa:84:2c:95:66,TP-LINK_9566,-86,1528452526.679000,1528452521.902000,3480.437092
301F6_F6-11,18:d2:76:04:1e:57,mreps,-88,1528452526.679000,1528452521.902000,3480.436999
301F6_F6-11,22:47:da:27:63:e4,÷©÷Î0916,-38,1528452531.482000,1528452526.692000,3485.254248
301F6_F6-11,70:f9:6d:c3:2d:60,301wifi,-76,1528452531.482000,1528452526.692000,3485.254462
301F6_F6-11,70:f9:6d:c3:1e:f0,301wifi,-51,1528452531.482000,1528452526.692000,3485.254276
301F6_F6-11,70:f9:6d:c3:2d:70,301wifi,-67,1528452531.482000,1528452526.692000,3485.254396
301F6_F6-11,70:f9:6d:c1:2f:90,301wifi,-68,1528452531.482000,1528452526.692000,3485.254423
301F6_F6-11,70:f9:6d:bc:85:40,301wifi,-61,1528452531.482000,1528452526.692000,3485.254307
301F6_F6-11,70:f9:6d:bc:85:50,301wifi,-65,1528452531.482000,1528452526.692000,3485.254321
301F6_F6-11,0c:4b:54:96:90:3d,TP-LINK_903B,-72,1528452531.482000,1528452526.692000,3485.254437
301F6_F6-11,f4:83:cd:5e:a7:31,≈Æ…Ò∫Õ≈Æ∫∫◊”,-77,1528452531.482000,1528452526.692000,3480.435878
301F6_F6-11,0c:82:68:5f:e9:06,icansee,-87,1528452531.482000,1528452526.692000,3475.625562
301F6_F6-11,34:96:72:23:cc:30,TP-LINK_CC0720,-94,1528452531.482000,1528452526.692000,3475.625589
301F6_F6-11,70:f9:6d:c1:2f:80,301wifi,-71,1528452531.482000,1528452526.692000,3475.624423
301F6_F6-11,70:f9:6d:bc:76:80,301wifi,-58,1528452531.482000,1528452526.692000,3485.254292
301F6_F6-11,70:f9:6d:c3:37:60,301wifi,-67,1528452531.482000,1528452526.692000,3485.254336
301F6_F6-11,70:f9:6d:c3:2d:20,301wifi,-70,1528452531.482000,1528452526.692000,3485.254369
301F6_F6-11,70:f9:6d:c1:84:80,301wifi,-73,1528452531.482000,1528452526.692000,3485.254450
301F6_F6-11,70:f9:6d:c3:1e:e0,301wifi,-79,1528452531.482000,1528452526.692000,3485.254499
301F6_F6-11,70:f9:6d:c3:37:70,301wifi,-81,1528452531.482000,1528452526.692000,3485.254539
301F6_F6-11,70:f9:6d:bc:76:90,301wifi,-66,1528452531.482000,1528452526.692000,3485.254383
301F6_F6-11,70:f9:6d:c3:45:10,301wifi,-80,1528452531.482000,1528452526.692000,3485.254527
301F6_F6-11,24:69:68:10:93:66,TP-LINK_yll,-87,1528452531.482000,1528452526.692000,3485.254613
301F6_F6-11,70:f9:6d:c0:b7:d0,XMZYL-link,-86,1528452531.482000,1528452526.692000,3485.254590
301F6_F6-11,70:f9:6d:c1:8e:c0,301wifi,-77,1528452531.482000,1528452526.692000,3485.254473
301F6_F6-11,70:f9:6d:c3:2d:30,301wifi,-68,1528452531.482000,1528452526.692000,3485.254409
301F6_F6-11,70:f9:6d:c1:8e:d0,301wifi,-81,1528452531.482000,1528452526.692000,3480.435897
301F6_F6-11,50:fa:84:2c:95:66,TP-LINK_9566,-85,1528452531.482000,1528452526.692000,3485.254577
301F6_F6-11,18:d2:76:04:1e:57,mreps,-88,1528452531.482000,1528452526.692000,3485.254600
301F6_F6-11,70:f9:6d:c1:46:00,301wifi,-68,1528452531.482000,1528452526.692000,3485.254354
301F6_F6-11,70:f9:6d:c3:45:00,301wifi,-79,1528452531.482000,1528452526.692000,3485.254485
301F6_F6-11,70:f9:6d:c1:84:90,301wifi,-78,1528452531.482000,1528452526.692000,3485.254512
301F6_F6-11,70:f9:6d:c1:46:10,301wifi,-82,1528452531.482000,1528452526.692000,3485.254551
301F6_F6-11,22:47:da:27:63:e4,÷©÷Î0916,-38,1528452532.072000,1528452531.505000,3485.817396
301F6_F6-11,70:f9:6d:c3:2d:60,301wifi,-76,1528452532.072000,1528452531.505000,3485.817725
301F6_F6-11,70:f9:6d:c3:1e:f0,301wifi,-51,1528452532.072000,1528452531.505000,3485.817435
301F6_F6-11,70:f9:6d:c3:2d:70,301wifi,-67,1528452532.072000,1528452531.505000,3485.817623
301F6_F6-11,70:f9:6d:c1:2f:90,301wifi,-72,1528452532.072000,1528452531.505000,3485.817706
301F6_F6-11,70:f9:6d:bc:85:40,301wifi,-61,1528452532.072000,1528452531.505000,3485.817481
301F6_F6-11,70:f9:6d:bc:85:50,301wifi,-65,1528452532.072000,1528452531.505000,3485.817521
301F6_F6-11,0c:4b:54:96:90:3d,TP-LINK_903B,-72,1528452532.072000,1528452531.505000,3485.817685
301F6_F6-11,f4:83:cd:5e:a7:31,≈Æ…Ò∫Õ≈Æ∫∫◊”,-77,1528452532.072000,1528452531.505000,3480.435878
301F6_F6-11,0c:82:68:5f:e9:06,icansee,-87,1528452532.072000,1528452531.505000,3475.625562
301F6_F6-11,70:f9:6d:bc:76:80,301wifi,-60,1528452532.072000,1528452531.505000,3485.817457
301F6_F6-11,70:f9:6d:c3:37:60,301wifi,-70,1528452532.072000,1528452531.505000,3485.817576
301F6_F6-11,70:f9:6d:c3:2d:20,301wifi,-71,1528452532.072000,1528452531.505000,3485.817664
301F6_F6-11,70:f9:6d:c1:84:80,301wifi,-73,1528452532.072000,1528452531.505000,3485.254450
301F6_F6-11,70:f9:6d:c3:1e:e0,301wifi,-79,1528452532.072000,1528452531.505000,3485.817790
301F6_F6-11,70:f9:6d:c3:37:70,301wifi,-81,1528452532.072000,1528452531.505000,3485.817851
301F6_F6-11,70:f9:6d:bc:76:90,301wifi,-66,1528452532.072000,1528452531.505000,3485.817602
301F6_F6-11,70:f9:6d:c3:45:10,301wifi,-80,1528452532.072000,1528452531.505000,3485.817830
301F6_F6-11,24:69:68:10:93:66,TP-LINK_yll,-87,1528452532.072000,1528452531.505000,3485.817969
301F6_F6-11,70:f9:6d:c0:b7:d0,XMZYL-link,-86,1528452532.072000,1528452531.505000,3485.817950
301F6_F6-11,70:f9:6d:c1:8e:c0,301wifi,-77,1528452532.072000,1528452531.505000,3485.817744
301F6_F6-11,70:f9:6d:c3:2d:30,301wifi,-68,1528452532.072000,1528452531.505000,3485.817643
301F6_F6-11,70:f9:6d:c1:8e:d0,301wifi,-82,1528452532.072000,1528452531.505000,3485.817890
301F6_F6-11,50:fa:84:2c:95:66,TP-LINK_9566,-85,1528452532.072000,1528452531.505000,3485.817930
301F6_F6-11,18:d2:76:04:1e:57,mreps,-88,1528452532.072000,1528452531.505000,3485.254600
301F6_F6-11,70:f9:6d:c1:46:00,301wifi,-64,1528452532.072000,1528452531.505000,3485.817502
301F6_F6-11,70:f9:6d:c3:45:00,301wifi,-78,1528452532.072000,1528452531.505000,3485.817767
301F6_F6-11,70:f9:6d:c1:84:90,301wifi,-78,1528452532.072000,1528452531.505000,3485.817810
301F6_F6-11,70:f9:6d:c1:46:10,301wifi,-82,1528452532.072000,1528452531.505000,3485.817871
301F6_F6-11,0c:4b:54:96:90:3b,TP-LINK_903B,-84,1528452532.072000,1528452531.505000,3485.817909
301F6_F6-11,22:47:da:27:63:e4,÷©÷Î0916,-38,1528452536.982000,1528452532.099000,3490.735217
301F6_F6-11,70:f9:6d:c3:2d:60,301wifi,-77,1528452536.982000,1528452532.099000,3490.735350
301F6_F6-11,70:f9:6d:c3:1e:f0,301wifi,-63,1528452536.982000,1528452532.099000,3490.735270
301F6_F6-11,70:f9:6d:c3:2d:70,301wifi,-73,1528452536.982000,1528452532.099000,3490.735331
301F6_F6-11,70:f9:6d:c1:2f:90,301wifi,-75,1528452536.982000,1528452532.099000,3490.735338
301F6_F6-11,70:f9:6d:bc:85:40,301wifi,-61,1528452536.982000,1528452532.099000,3490.735243
301F6_F6-11,70:f9:6d:bc:85:50,301wifi,-65,1528452536.982000,1528452532.099000,3490.735288
301F6_F6-11,0c:4b:54:96:90:3d,TP-LINK_903B,-72,1528452536.982000,1528452532.099000,3490.735310
301F6_F6-11,f4:83:cd:5e:a7:31,≈Æ…Ò∫Õ≈Æ∫∫◊”,-77,1528452536.982000,1528452532.099000,3480.435878
301F6_F6-11,70:f9:6d:bc:76:80,301wifi,-65,1528452536.982000,1528452532.099000,3490.735262
301F6_F6-11,70:f9:6d:c3:37:60,301wifi,-64,1528452536.982000,1528452532.099000,3490.735255
301F6_F6-11,70:f9:6d:c3:2d:20,301wifi,-68,1528452536.982000,1528452532.099000,3490.735296
301F6_F6-11,70:f9:6d:c1:84:80,301wifi,-73,1528452536.982000,1528452532.099000,3485.254450
301F6_F6-11,70:f9:6d:c3:1e:e0,301wifi,-79,1528452536.982000,1528452532.099000,3490.735359
301F6_F6-11,70:f9:6d:c3:37:70,301wifi,-81,1528452536.982000,1528452532.099000,3490.735402
301F6_F6-11,70:f9:6d:bc:76:90,301wifi,-65,1528452536.982000,1528452532.099000,3490.735281
301F6_F6-11,70:f9:6d:c3:45:10,301wifi,-76,1528452536.982000,1528452532.099000,3490.735366
301F6_F6-11,24:69:68:10:93:66,TP-LINK_yll,-85,1528452536.982000,1528452532.099000,3490.735436
301F6_F6-11,70:f9:6d:c0:b7:d0,XMZYL-link,-86,1528452536.982000,1528452532.099000,3490.735441
301F6_F6-11,70:f9:6d:c1:8e:c0,301wifi,-75,1528452536.982000,1528452532.099000,3490.735317
301F6_F6-11,70:f9:6d:c3:2d:30,301wifi,-70,1528452536.982000,1528452532.099000,3490.735302
301F6_F6-11,70:f9:6d:c1:8e:d0,301wifi,-82,1528452536.982000,1528452532.099000,3490.735407
301F6_F6-11,50:fa:84:2c:95:66,TP-LINK_9566,-85,1528452536.982000,1528452532.099000,3490.735429
301F6_F6-11,18:d2:76:04:1e:57,mreps,-90,1528452536.982000,1528452532.099000,3490.735447
301F6_F6-11,70:f9:6d:c1:46:00,301wifi,-76,1528452536.982000,1528452532.099000,3490.735344
301F6_F6-11,70:f9:6d:c3:45:00,301wifi,-75,1528452536.982000,1528452532.099000,3490.735325
301F6_F6-11,70:f9:6d:c1:84:90,301wifi,-76,1528452536.982000,1528452532.099000,3490.735383
301F6_F6-11,70:f9:6d:c1:46:10,301wifi,-79,1528452536.982000,1528452532.099000,3490.735396
301F6_F6-11,0c:4b:54:96:90:3b,TP-LINK_903B,-83,1528452536.982000,1528452532.099000,3490.735414
301F6_F6-11,70:f9:6d:c1:4b:10,301wifi,-79,1528452536.982000,1528452532.099000,3490.735389
301F6_F6-11,70:f9:6d:c3:41:b0,301wifi,-85,1528452536.982000,1528452532.099000,3490.735421
301F6_F6-11,22:47:da:27:63:e4,÷©÷Î0916,-40,1528452541.921000,1528452536.996000,3495.656675
301F6_F6-11,70:f9:6d:c3:2d:60,301wifi,-78,1528452541.921000,1528452536.996000,3495.657158
301F6_F6-11,70:f9:6d:c3:1e:f0,301wifi,-63,1528452541.921000,1528452536.996000,3495.656798
301F6_F6-11,70:f9:6d:c3:2d:70,301wifi,-71,1528452541.921000,1528452536.996000,3495.657016
301F6_F6-11,70:f9:6d:c1:2f:90,301wifi,-75,1528452541.921000,1528452536.996000,3495.657100
301F6_F6-11,70:f9:6d:bc:85:40,301wifi,-61,1528452541.921000,1528452536.996000,3490.735243
301F6_F6-11,70:f9:6d:bc:85:50,301wifi,-70,1528452541.921000,1528452536.996000,3495.656907
301F6_F6-11,0c:4b:54:96:90:3d,TP-LINK_903B,-69,1528452541.921000,1528452536.996000,3495.656827
301F6_F6-11,70:f9:6d:bc:76:80,301wifi,-71,1528452541.921000,1528452536.996000,3495.656934
301F6_F6-11,70:f9:6d:c3:37:60,301wifi,-56,1528452541.921000,1528452536.996000,3495.656734
301F6_F6-11,70:f9:6d:c3:2d:20,301wifi,-63,1528452541.921000,1528452536.996000,3495.656767
301F6_F6-11,70:f9:6d:c1:84:80,301wifi,-73,1528452541.921000,1528452536.996000,3485.254450
301F6_F6-11,70:f9:6d:c3:1e:e0,301wifi,-79,1528452541.921000,1528452536.996000,3490.735359
301F6_F6-11,70:f9:6d:c3:37:70,301wifi,-68,1528452541.921000,1528452536.996000,3495.656882
301F6_F6-11,70:f9:6d:bc:76:90,301wifi,-73,1528452541.921000,1528452536.996000,3495.657073
301F6_F6-11,70:f9:6d:c3:45:10,301wifi,-73,1528452541.921000,1528452536.996000,3495.657044
301F6_F6-11,24:69:68:10:93:66,TP-LINK_yll,-84,1528452541.921000,1528452536.996000,3495.657708
301F6_F6-11,70:f9:6d:c0:b7:d0,XMZYL-link,-86,1528452541.921000,1528452536.996000,3490.735441
301F6_F6-11,70:f9:6d:c1:8e:c0,301wifi,-74,1528452541.921000,1528452536.996000,3495.656962
301F6_F6-11,70:f9:6d:c3:2d:30,301wifi,-66,1528452541.921000,1528452536.996000,3495.656855
301F6_F6-11,70:f9:6d:c1:8e:d0,301wifi,-78,1528452541.921000,1528452536.996000,3495.657278
301F6_F6-11,50:fa:84:2c:95:66,TP-LINK_9566,-82,1528452541.921000,1528452536.996000,3495.657421
301F6_F6-11,18:d2:76:04:1e:57,mreps,-90,1528452541.921000,1528452536.996000,3495.657770
301F6_F6-11,70:f9:6d:c1:46:00,301wifi,-80,1528452541.921000,1528452536.996000,3495.657185
301F6_F6-11,70:f9:6d:c3:45:00,301wifi,-75,1528452541.921000,1528452536.996000,3495.656988
301F6_F6-11,70:f9:6d:c1:84:90,301wifi,-76,1528452541.921000,1528452536.996000,3495.657248
301F6_F6-11,70:f9:6d:c1:46:10,301wifi,-82,1528452541.921000,1528452536.996000,3495.657334
301F6_F6-11,0c:4b:54:96:90:3b,TP-LINK_903B,-83,1528452541.921000,1528452536.996000,3495.657367
301F6_F6-11,70:f9:6d:c1:4b:10,301wifi,-79,1528452541.921000,1528452536.996000,3495.657304
301F6_F6-11,70:f9:6d:c3:41:b0,301wifi,-85,1528452541.921000,1528452536.996000,3495.657395
301F6_F6-11,70:f9:6d:c1:4b:00,301wifi,-78,1528452541.921000,1528452536.996000,3495.657127
301F6_F6-11,70:f9:6d:c3:43:30,301wifi,-88,1528452541.921000,1528452536.996000,3495.657741
301F6_F6-11,22:47:da:27:63:e4,÷©÷Î0916,-40,1528452542.049000,1528452541.954000,3495.789332
301F6_F6-11,70:f9:6d:c3:2d:60,301wifi,-78,1528452542.049000,1528452541.954000,3495.789479
301F6_F6-11,70:f9:6d:c3:1e:f0,301wifi,-63,1528452542.049000,1528452541.954000,3495.789371
301F6_F6-11,70:f9:6d:c3:2d:70,301wifi,-71,1528452542.049000,1528452541.954000,3495.789443
301F6_F6-11,70:f9:6d:c1:2f:90,301wifi,-75,1528452542.049000,1528452541.954000,3495.657100
301F6_F6-11,70:f9:6d:bc:85:40,301wifi,-61,1528452542.049000,1528452541.954000,3490.735243
301F6_F6-11,70:f9:6d:bc:85:50,301wifi,-70,1528452542.049000,1528452541.954000,3495.789407
301F6_F6-11,0c:4b:54:96:90:3d,TP-LINK_903B,-69,1528452542.049000,1528452541.954000,3495.789380
301F6_F6-11,70:f9:6d:bc:76:80,301wifi,-71,1528452542.049000,1528452541.954000,3495.789416
301F6_F6-11,70:f9:6d:c3:37:60,301wifi,-56,1528452542.049000,1528452541.954000,3495.789351
301F6_F6-11,70:f9:6d:c3:2d:20,301wifi,-63,1528452542.049000,1528452541.954000,3495.789362
301F6_F6-11,70:f9:6d:c1:84:80,301wifi,-73,1528452542.049000,1528452541.954000,3485.254450
301F6_F6-11,70:f9:6d:c3:1e:e0,301wifi,-79,1528452542.049000,1528452541.954000,3490.735359
301F6_F6-11,70:f9:6d:c3:37:70,301wifi,-68,1528452542.049000,1528452541.954000,3495.789399
301F6_F6-11,70:f9:6d:bc:76:90,301wifi,-73,1528452542.049000,1528452541.954000,3495.789460
301F6_F6-11,70:f9:6d:c3:45:10,301wifi,-73,1528452542.049000,1528452541.954000,3495.789451
301F6_F6-11,24:69:68:10:93:66,TP-LINK_yll,-84,1528452542.049000,1528452541.954000,3495.789529
301F6_F6-11,70:f9:6d:c0:b7:d0,XMZYL-link,-86,1528452542.049000,1528452541.954000,3490.735441
301F6_F6-11,70:f9:6d:c1:8e:c0,301wifi,-74,1528452542.049000,1528452541.954000,3495.789425
301F6_F6-11,70:f9:6d:c3:2d:30,301wifi,-66,1528452542.049000,1528452541.954000,3495.789389
301F6_F6-11,70:f9:6d:c1:8e:d0,301wifi,-78,1528452542.049000,1528452541.954000,3495.789495
301F6_F6-11,50:fa:84:2c:95:66,TP-LINK_9566,-82,1528452542.049000,1528452541.954000,3495.789521
301F6_F6-11,18:d2:76:04:1e:57,mreps,-90,1528452542.049000,1528452541.954000,3495.657770
301F6_F6-11,70:f9:6d:c1:46:00,301wifi,-80,1528452542.049000,1528452541.954000,3495.789487
301F6_F6-11,70:f9:6d:c3:45:00,301wifi,-75,1528452542.049000,1528452541.954000,3495.789434
301F6_F6-11,70:f9:6d:c1:84:90,301wifi,-76,1528452542.049000,1528452541.954000,3495.657248
301F6_F6-11,70:f9:6d:c1:46:10,301wifi,-82,1528452542.049000,1528452541.954000,3495.789512
301F6_F6-11,0c:4b:54:96:90:3b,TP-LINK_903B,-83,1528452542.049000,1528452541.954000,3495.657367
301F6_F6-11,70:f9:6d:c1:4b:10,301wifi,-79,1528452542.049000,1528452541.954000,3495.789503
301F6_F6-11,70:f9:6d:c3:41:b0,301wifi,-85,1528452542.049000,1528452541.954000,3495.657395
301F6_F6-11,70:f9:6d:c1:4b:00,301wifi,-78,1528452542.049000,1528452541.954000,3495.789469
301F6_F6-11,70:f9:6d:c3:43:30,301wifi,-88,1528452542.049000,1528452541.954000,3495.789538
