301F5_F5-F7,22:47:da:27:63:e4,÷©÷Î0916,-43,1528451572.408000,1528451567.465000,2526.105511
301F5_F5-F7,70:f9:6d:b0:24:20,301wifi,-80,1528451572.408000,1528451567.465000,2450.142298
301F5_F5-F7,70:f9:6d:bb:26:c0,301wifi,-76,1528451572.408000,1528451567.465000,2450.142242
301F5_F5-F7,70:f9:6d:bb:2f:30,301wifi,-87,1528451572.408000,1528451567.465000,2526.106942
301F5_F5-F7,70:f9:6d:c1:32:80,301wifi,-74,1528451572.408000,1528451567.465000,2450.142131
301F5_F5-F7,10:44:00:45:3c:ae,HUAWEI-3CAE,-78,1528451572.408000,1528451567.465000,2450.142336
301F5_F5-F7,70:f9:6d:c1:40:20,301wifi,-76,1528451572.408000,1528451567.465000,2450.142219
301F5_F5-F7,70:f9:6d:c1:1b:b0,301wifi,-67,1528451572.408000,1528451567.465000,2450.142085
301F5_F5-F7,d8:c7:71:d5:d7:d2,Honor 9,-81,1528451572.408000,1528451567.465000,2383.174403
301F5_F5-F7,70:f9:6d:c1:1c:30,XMZYL-link,-63,1528451572.408000,1528451567.465000,2526.106276
301F5_F5-F7,70:f9:6d:c1:1e:20,301wifi,-81,1528451572.408000,1528451567.465000,2495.987665
301F5_F5-F7,70:f9:6d:bb:26:30,301wifi,-57,1528451572.408000,1528451567.465000,2450.141986
301F5_F5-F7,70:f9:6d:c1:1e:30,301wifi,-75,1528451572.408000,1528451567.465000,2526.106640
301F5_F5-F7,70:f9:6d:bb:26:d0,301wifi,-81,1528451572.408000,1528451567.465000,2378.366195
301F5_F5-F7,70:f9:6d:c1:3f:f0,301wifi,-81,1528451572.408000,1528451567.465000,2378.366188
301F5_F5-F7,30:fc:68:bb:52:d3,301xinkang,-90,1528451572.408000,1528451567.465000,2383.174463
301F5_F5-F7,70:f9:6d:c1:3e:f0,XMZYL-link,-84,1528451572.408000,1528451567.465000,2450.142490
301F5_F5-F7,cc:81:da:0b:2a:98,yue_zy,-95,1528451572.408000,1528451567.465000,2450.142565
301F5_F5-F7,70:f9:6d:ba:51:50,301wifi,-75,1528451572.408000,1528451567.465000,2526.106675
301F5_F5-F7,70:f9:6d:c1:9a:90,301wifi,-85,1528451572.408000,1528451567.465000,2450.142540
301F5_F5-F7,48:7d:2e:c0:db:f4,TP-LINK_DBF4_JQR,-57,1528451572.408000,1528451567.465000,2495.987553
301F5_F5-F7,70:f9:6d:c1:43:c0,301wifi,-82,1528451572.408000,1528451567.465000,2450.142388
301F5_F5-F7,70:f9:6d:c1:9a:80,301wifi,-84,1528451572.408000,1528451567.465000,2450.142436
301F5_F5-F7,70:f9:6d:bb:31:70,301wifi,-65,1528451572.408000,1528451567.465000,2456.270047
301F5_F5-F7,0c:da:41:20:6f:60,301wifi,-62,1528451572.408000,1528451567.465000,2526.105613
301F5_F5-F7,70:f9:6d:c1:0f:40,301wifi,-68,1528451572.408000,1528451567.465000,2526.106479
301F5_F5-F7,0c:da:41:20:6f:70,301wifi,-61,1528451572.408000,1528451567.465000,2526.106236
301F5_F5-F7,0c:da:41:1f:2c:e0,301wifi,-56,1528451572.408000,1528451567.465000,2526.105568
301F5_F5-F7,70:f9:6d:c1:0f:50,301wifi,-70,1528451572.408000,1528451567.465000,2526.106568
301F5_F5-F7,0c:da:41:1f:2c:f0,301wifi,-66,1528451572.408000,1528451567.465000,2526.106530
301F5_F5-F7,70:f9:6d:bb:31:60,301wifi,-84,1528451572.408000,1528451567.465000,2526.106838
301F5_F5-F7,70:f9:6d:c1:43:d0,301wifi,-85,1528451572.408000,1528451567.465000,2526.106875
301F5_F5-F7,70:f9:6d:c3:19:90,301wifi,-86,1528451572.408000,1528451567.465000,2526.106910
301F5_F5-F7,92:a6:df:10:41:19,yshz,-70,1528451572.408000,1528451567.465000,2526.106603
301F5_F5-F7,28:6c:07:5a:1c:13,iflytek_robot_0045,-89,1528451572.408000,1528451567.465000,2526.106975
301F5_F5-F7,70:f9:6d:bb:5c:60,301wifi,-77,1528451572.408000,1528451567.465000,2526.106714
301F5_F5-F7,70:f9:6d:ba:51:40,301wifi,-80,1528451572.408000,1528451567.465000,2526.106761
301F5_F5-F7,70:f9:6d:c2:e6:b0,301wifi,-80,1528451572.408000,1528451567.465000,2526.106800
301F5_F5-F7,22:47:da:27:63:e4,÷©÷Î0916,-33,1528451577.254000,1528451572.428000,2531.012206
301F5_F5-F7,70:f9:6d:bb:2f:30,301wifi,-87,1528451577.254000,1528451572.428000,2531.012591
301F5_F5-F7,70:f9:6d:c1:32:80,301wifi,-83,1528451577.254000,1528451572.428000,2531.012531
301F5_F5-F7,70:f9:6d:c1:1c:30,XMZYL-link,-72,1528451577.254000,1528451572.428000,2531.012320
301F5_F5-F7,70:f9:6d:c1:1e:30,301wifi,-75,1528451577.254000,1528451572.428000,2531.012336
301F5_F5-F7,70:f9:6d:ba:51:50,301wifi,-79,1528451577.254000,1528451572.428000,2531.012498
301F5_F5-F7,0c:da:41:20:6f:60,301wifi,-63,1528451577.254000,1528451572.428000,2531.012273
301F5_F5-F7,70:f9:6d:c1:0f:40,301wifi,-71,1528451577.254000,1528451572.428000,2531.012305
301F5_F5-F7,0c:da:41:20:6f:70,301wifi,-69,1528451577.254000,1528451572.428000,2531.012289
301F5_F5-F7,0c:da:41:1f:2c:e0,301wifi,-56,1528451577.254000,1528451572.428000,2531.012240
301F5_F5-F7,70:f9:6d:c1:0f:50,301wifi,-75,1528451577.254000,1528451572.428000,2531.012355
301F5_F5-F7,0c:da:41:1f:2c:f0,301wifi,-59,1528451577.254000,1528451572.428000,2531.012259
301F5_F5-F7,70:f9:6d:bb:31:60,301wifi,-84,1528451577.254000,1528451572.428000,2531.012548
301F5_F5-F7,70:f9:6d:c1:43:d0,301wifi,-85,1528451577.254000,1528451572.428000,2531.012563
301F5_F5-F7,70:f9:6d:c3:19:90,301wifi,-86,1528451577.254000,1528451572.428000,2531.012578
301F5_F5-F7,92:a6:df:10:41:19,yshz,-71,1528451577.254000,1528451572.428000,2531.012370
301F5_F5-F7,28:6c:07:5a:1c:13,iflytek_robot_0045,-89,1528451577.254000,1528451572.428000,2531.012640
301F5_F5-F7,70:f9:6d:bb:5c:60,301wifi,-77,1528451577.254000,1528451572.428000,2531.012446
301F5_F5-F7,70:f9:6d:ba:51:40,301wifi,-80,1528451577.254000,1528451572.428000,2531.012464
301F5_F5-F7,70:f9:6d:c2:e6:b0,301wifi,-80,1528451577.254000,1528451572.428000,2531.012516
301F5_F5-F7,22:47:da:27:63:e4,÷©÷Î0916,-39,1528451582.033000,1528451577.265000,2535.824125
301F5_F5-F7,70:f9:6d:bb:2f:30,301wifi,-87,1528451582.033000,1528451577.265000,2531.012591
301F5_F5-F7,70:f9:6d:c1:32:80,301wifi,-79,1528451582.033000,1528451577.265000,2535.824297
301F5_F5-F7,70:f9:6d:c1:1c:30,XMZYL-link,-68,1528451582.033000,1528451577.265000,2535.824209
301F5_F5-F7,70:f9:6d:c1:1e:30,301wifi,-75,1528451582.033000,1528451577.265000,2531.012336
301F5_F5-F7,70:f9:6d:ba:51:50,301wifi,-76,1528451582.033000,1528451577.265000,2535.824307
301F5_F5-F7,0c:da:41:20:6f:60,301wifi,-71,1528451582.033000,1528451577.265000,2535.824249
301F5_F5-F7,70:f9:6d:c1:0f:40,301wifi,-78,1528451582.033000,1528451577.265000,2535.824288
301F5_F5-F7,0c:da:41:20:6f:70,301wifi,-73,1528451582.033000,1528451577.265000,2535.824276
301F5_F5-F7,0c:da:41:1f:2c:e0,301wifi,-64,1528451582.033000,1528451577.265000,2535.824184
301F5_F5-F7,70:f9:6d:c1:0f:50,301wifi,-77,1528451582.033000,1528451577.265000,2535.824414
301F5_F5-F7,0c:da:41:1f:2c:f0,301wifi,-59,1528451582.033000,1528451577.265000,2535.824174
301F5_F5-F7,70:f9:6d:bb:31:60,301wifi,-81,1528451582.033000,1528451577.265000,2535.824443
301F5_F5-F7,70:f9:6d:c1:43:d0,301wifi,-85,1528451582.033000,1528451577.265000,2531.012563
301F5_F5-F7,70:f9:6d:c3:19:90,301wifi,-86,1528451582.033000,1528451577.265000,2531.012578
301F5_F5-F7,92:a6:df:10:41:19,yshz,-69,1528451582.033000,1528451577.265000,2535.824236
301F5_F5-F7,28:6c:07:5a:1c:13,iflytek_robot_0045,-89,1528451582.033000,1528451577.265000,2531.012640
301F5_F5-F7,70:f9:6d:bb:5c:60,301wifi,-59,1528451582.033000,1528451577.265000,2535.824157
301F5_F5-F7,70:f9:6d:ba:51:40,301wifi,-70,1528451582.033000,1528451577.265000,2535.824196
301F5_F5-F7,70:f9:6d:c2:e6:b0,301wifi,-80,1528451582.033000,1528451577.265000,2535.824427
301F5_F5-F7,70:f9:6d:c3:1d:80,301wifi,-72,1528451582.033000,1528451577.265000,2535.824264
301F5_F5-F7,22:47:da:27:63:e4,÷©÷Î0916,-40,1528451587.800000,1528451582.042000,2541.552946
301F5_F5-F7,70:f9:6d:bb:2f:30,301wifi,-77,1528451587.800000,1528451582.042000,2541.553330
301F5_F5-F7,70:f9:6d:c1:32:80,301wifi,-77,1528451587.800000,1528451582.042000,2541.553283
301F5_F5-F7,70:f9:6d:c1:1c:30,XMZYL-link,-63,1528451587.800000,1528451582.042000,2541.553110
301F5_F5-F7,70:f9:6d:c1:1e:30,301wifi,-75,1528451587.800000,1528451582.042000,2531.012336
301F5_F5-F7,70:f9:6d:ba:51:50,301wifi,-68,1528451587.800000,1528451582.042000,2541.553219
301F5_F5-F7,0c:da:41:20:6f:60,301wifi,-83,1528451587.800000,1528451582.042000,2541.553372
301F5_F5-F7,70:f9:6d:c1:0f:40,301wifi,-78,1528451587.800000,1528451582.042000,2535.824288
301F5_F5-F7,0c:da:41:20:6f:70,301wifi,-75,1528451587.800000,1528451582.042000,2541.553254
301F5_F5-F7,0c:da:41:1f:2c:e0,301wifi,-77,1528451587.800000,1528451582.042000,2541.553268
301F5_F5-F7,70:f9:6d:c1:0f:50,301wifi,-78,1528451587.800000,1528451582.042000,2541.553344
301F5_F5-F7,0c:da:41:1f:2c:f0,301wifi,-68,1528451587.800000,1528451582.042000,2541.553193
301F5_F5-F7,70:f9:6d:bb:31:60,301wifi,-81,1528451587.800000,1528451582.042000,2535.824443
301F5_F5-F7,70:f9:6d:c1:43:d0,301wifi,-85,1528451587.800000,1528451582.042000,2531.012563
301F5_F5-F7,70:f9:6d:c3:19:90,301wifi,-86,1528451587.800000,1528451582.042000,2531.012578
301F5_F5-F7,92:a6:df:10:41:19,yshz,-69,1528451587.800000,1528451582.042000,2535.824236
301F5_F5-F7,28:6c:07:5a:1c:13,iflytek_robot_0045,-89,1528451587.800000,1528451582.042000,2531.012640
301F5_F5-F7,70:f9:6d:bb:5c:60,301wifi,-62,1528451587.800000,1528451582.042000,2541.552975
301F5_F5-F7,70:f9:6d:ba:51:40,301wifi,-65,1528451587.800000,1528451582.042000,2541.553090
301F5_F5-F7,70:f9:6d:c2:e6:b0,301wifi,-80,1528451587.800000,1528451582.042000,2535.824427
301F5_F5-F7,70:f9:6d:c3:1d:80,301wifi,-70,1528451587.800000,1528451582.042000,2541.553162
301F5_F5-F7,48:7d:2e:c0:db:f4,TP-LINK_DBF4_JQR,-65,1528451587.800000,1528451582.042000,2541.553145
301F5_F5-F7,70:f9:6d:c1:3d:70,XMZYL-link,-78,1528451587.800000,1528451582.042000,2541.553358
301F5_F5-F7,70:f9:6d:c1:3e:f0,XMZYL-link,-83,1528451587.800000,1528451582.042000,2541.553401
301F5_F5-F7,70:f9:6d:bb:5c:70,301wifi,-64,1528451587.800000,1528451582.042000,2541.553128
301F5_F5-F7,70:f9:6d:c3:1d:90,301wifi,-66,1528451587.800000,1528451582.042000,2541.553177
301F5_F5-F7,70:f9:6d:c2:df:80,301wifi,-78,1528451587.800000,1528451582.042000,2541.553298
301F5_F5-F7,70:f9:6d:c1:40:20,301wifi,-80,1528451587.800000,1528451582.042000,2541.553313
301F5_F5-F7,70:f9:6d:bb:31:10,301wifi,-74,1528451587.800000,1528451582.042000,2541.553236
301F5_F5-F7,74:25:8a:59:ff:40,301wifi,-84,1528451587.800000,1528451582.042000,2541.553387
301F5_F5-F7,22:47:da:27:63:e4,÷©÷Î0916,-40,1528451588.384000,1528451587.825000,2542.155162
301F5_F5-F7,70:f9:6d:bb:2f:30,301wifi,-77,1528451588.384000,1528451587.825000,2542.155328
301F5_F5-F7,70:f9:6d:c1:32:80,301wifi,-77,1528451588.384000,1528451587.825000,2542.155295
301F5_F5-F7,70:f9:6d:c1:1c:30,XMZYL-link,-63,1528451588.384000,1528451587.825000,2542.155222
301F5_F5-F7,70:f9:6d:c1:1e:30,301wifi,-75,1528451588.384000,1528451587.825000,2531.012336
301F5_F5-F7,70:f9:6d:ba:51:50,301wifi,-68,1528451588.384000,1528451587.825000,2542.155254
301F5_F5-F7,0c:da:41:20:6f:60,301wifi,-83,1528451588.384000,1528451587.825000,2542.155354
301F5_F5-F7,70:f9:6d:c1:0f:40,301wifi,-78,1528451588.384000,1528451587.825000,2535.824288
301F5_F5-F7,0c:da:41:20:6f:70,301wifi,-75,1528451588.384000,1528451587.825000,2542.155282
301F5_F5-F7,0c:da:41:1f:2c:e0,301wifi,-77,1528451588.384000,1528451587.825000,2542.155288
301F5_F5-F7,70:f9:6d:c1:0f:50,301wifi,-78,1528451588.384000,1528451587.825000,2542.155335
301F5_F5-F7,0c:da:41:1f:2c:f0,301wifi,-68,1528451588.384000,1528451587.825000,2542.155237
301F5_F5-F7,70:f9:6d:bb:31:60,301wifi,-78,1528451588.384000,1528451587.825000,2542.155309
301F5_F5-F7,70:f9:6d:c1:43:d0,301wifi,-85,1528451588.384000,1528451587.825000,2531.012563
301F5_F5-F7,70:f9:6d:c3:19:90,301wifi,-86,1528451588.384000,1528451587.825000,2531.012578
301F5_F5-F7,92:a6:df:10:41:19,yshz,-69,1528451588.384000,1528451587.825000,2535.824236
301F5_F5-F7,28:6c:07:5a:1c:13,iflytek_robot_0045,-89,1528451588.384000,1528451587.825000,2531.012640
301F5_F5-F7,70:f9:6d:bb:5c:60,301wifi,-63,1528451588.384000,1528451587.825000,2542.155191
301F5_F5-F7,70:f9:6d:ba:51:40,301wifi,-65,1528451588.384000,1528451587.825000,2542.155200
301F5_F5-F7,70:f9:6d:c2:e6:b0,301wifi,-80,1528451588.384000,1528451587.825000,2535.824427
301F5_F5-F7,70:f9:6d:c3:1d:80,301wifi,-70,1528451588.384000,1528451587.825000,2542.155229
301F5_F5-F7,48:7d:2e:c0:db:f4,TP-LINK_DBF4_JQR,-61,1528451588.384000,1528451587.825000,2542.155208
301F5_F5-F7,70:f9:6d:c1:3d:70,XMZYL-link,-78,1528451588.384000,1528451587.825000,2542.155340
301F5_F5-F7,70:f9:6d:c1:3e:f0,XMZYL-link,-83,1528451588.384000,1528451587.825000,2542.155373
301F5_F5-F7,70:f9:6d:bb:5c:70,301wifi,-61,1528451588.384000,1528451587.825000,2542.155215
301F5_F5-F7,70:f9:6d:c3:1d:90,301wifi,-70,1528451588.384000,1528451587.825000,2542.155270
301F5_F5-F7,70:f9:6d:c2:df:80,301wifi,-78,1528451588.384000,1528451587.825000,2542.155302
301F5_F5-F7,70:f9:6d:c1:40:20,301wifi,-80,1528451588.384000,1528451587.825000,2542.155322
301F5_F5-F7,70:f9:6d:bb:31:10,301wifi,-74,1528451588.384000,1528451587.825000,2542.155276
301F5_F5-F7,74:25:8a:59:ff:40,301wifi,-84,1528451588.384000,1528451587.825000,2542.155366
301F5_F5-F7,74:25:8a:59:ff:50,301wifi,-69,1528451588.384000,1528451587.825000,2542.155261
301F5_F5-F7,70:f9:6d:ba:99:00,301wifi,-79,1528451588.384000,1528451587.825000,2542.155314
301F5_F5-F7,70:f9:6d:c1:1e:20,301wifi,-83,1528451588.384000,1528451587.825000,2542.155360
301F5_F5-F7,70:f9:6d:c2:df:90,301wifi,-78,1528451588.384000,1528451587.825000,2542.155345
301F5_F5-F7,22:47:da:27:63:e4,÷©÷Î0916,-38,1528451593.188000,1528451588.404000,2546.955063
301F5_F5-F7,70:f9:6d:bb:2f:30,301wifi,-77,1528451593.188000,1528451588.404000,2546.955302
301F5_F5-F7,70:f9:6d:c1:32:80,301wifi,-72,1528451593.188000,1528451588.404000,2546.955179
301F5_F5-F7,70:f9:6d:c1:1c:30,XMZYL-link,-62,1528451593.188000,1528451588.404000,2546.955129
301F5_F5-F7,70:f9:6d:ba:51:50,301wifi,-61,1528451593.188000,1528451588.404000,2546.955118
301F5_F5-F7,0c:da:41:20:6f:60,301wifi,-82,1528451593.188000,1528451588.404000,2546.955373
301F5_F5-F7,70:f9:6d:c1:0f:40,301wifi,-78,1528451593.188000,1528451588.404000,2535.824288
301F5_F5-F7,0c:da:41:20:6f:70,301wifi,-75,1528451593.188000,1528451588.404000,2542.155282
301F5_F5-F7,0c:da:41:1f:2c:e0,301wifi,-77,1528451593.188000,1528451588.404000,2546.955234
301F5_F5-F7,70:f9:6d:c1:0f:50,301wifi,-78,1528451593.188000,1528451588.404000,2546.955322
301F5_F5-F7,0c:da:41:1f:2c:f0,301wifi,-71,1528451593.188000,1528451588.404000,2546.955189
301F5_F5-F7,70:f9:6d:bb:31:60,301wifi,-79,1528451593.188000,1528451588.404000,2546.955280
301F5_F5-F7,70:f9:6d:c1:43:d0,301wifi,-80,1528451593.188000,1528451588.404000,2546.955363
301F5_F5-F7,92:a6:df:10:41:19,yshz,-69,1528451593.188000,1528451588.404000,2535.824236
301F5_F5-F7,70:f9:6d:bb:5c:60,301wifi,-61,1528451593.188000,1528451588.404000,2546.955083
301F5_F5-F7,70:f9:6d:ba:51:40,301wifi,-65,1528451593.188000,1528451588.404000,2546.955096
301F5_F5-F7,70:f9:6d:c2:e6:b0,301wifi,-80,1528451593.188000,1528451588.404000,2535.824427
301F5_F5-F7,70:f9:6d:c3:1d:80,301wifi,-67,1528451593.188000,1528451588.404000,2546.955149
301F5_F5-F7,48:7d:2e:c0:db:f4,TP-LINK_DBF4_JQR,-65,1528451593.188000,1528451588.404000,2546.955139
301F5_F5-F7,70:f9:6d:c1:3d:70,XMZYL-link,-78,1528451593.188000,1528451588.404000,2546.955332
301F5_F5-F7,70:f9:6d:c1:3e:f0,XMZYL-link,-77,1528451593.188000,1528451588.404000,2546.955312
301F5_F5-F7,70:f9:6d:bb:5c:70,301wifi,-61,1528451593.188000,1528451588.404000,2546.955106
301F5_F5-F7,70:f9:6d:c3:1d:90,301wifi,-67,1528451593.188000,1528451588.404000,2546.955160
301F5_F5-F7,70:f9:6d:c2:df:80,301wifi,-76,1528451593.188000,1528451588.404000,2546.955210
301F5_F5-F7,70:f9:6d:c1:40:20,301wifi,-80,1528451593.188000,1528451588.404000,2546.955290
301F5_F5-F7,70:f9:6d:bb:31:10,301wifi,-74,1528451593.188000,1528451588.404000,2546.955199
301F5_F5-F7,74:25:8a:59:ff:40,301wifi,-84,1528451593.188000,1528451588.404000,2546.955414
301F5_F5-F7,74:25:8a:59:ff:50,301wifi,-69,1528451593.188000,1528451588.404000,2546.955169
301F5_F5-F7,70:f9:6d:ba:99:00,301wifi,-77,1528451593.188000,1528451588.404000,2546.955269
301F5_F5-F7,70:f9:6d:c1:1e:20,301wifi,-83,1528451593.188000,1528451588.404000,2546.955385
301F5_F5-F7,70:f9:6d:c2:df:90,301wifi,-78,1528451593.188000,1528451588.404000,2546.955341
301F5_F5-F7,70:f9:6d:b0:24:20,301wifi,-77,1528451593.188000,1528451588.404000,2546.955246
301F5_F5-F7,70:f9:6d:bb:26:c0,301wifi,-77,1528451593.188000,1528451588.404000,2546.955258
301F5_F5-F7,70:f9:6d:c1:47:a0,301wifi,-83,1528451593.188000,1528451588.404000,2546.955404
301F5_F5-F7,70:f9:6d:c1:3f:e0,301wifi,-83,1528451593.188000,1528451588.404000,2546.955395
301F5_F5-F7,70:f9:6d:bb:31:70,301wifi,-78,1528451593.188000,1528451588.404000,2546.955352
301F5_F5-F7,70:f9:6d:c1:40:30,301wifi,-81,1528451593.188000,1528451588.404000,2546.955423
301F5_F5-F7,22:47:da:27:63:e4,÷©÷Î0916,-43,1528451598.044000,1528451593.207000,2551.772435
301F5_F5-F7,70:f9:6d:bb:2f:30,301wifi,-77,1528451598.044000,1528451593.207000,2546.955302
301F5_F5-F7,70:f9:6d:c1:32:80,301wifi,-68,1528451598.044000,1528451593.207000,2551.772664
301F5_F5-F7,70:f9:6d:c1:1c:30,XMZYL-link,-64,1528451598.044000,1528451593.207000,2551.772549
301F5_F5-F7,70:f9:6d:ba:51:50,301wifi,-61,1528451598.044000,1528451593.207000,2551.772520
301F5_F5-F7,0c:da:41:20:6f:60,301wifi,-82,1528451598.044000,1528451593.207000,2551.774445
301F5_F5-F7,0c:da:41:20:6f:70,301wifi,-75,1528451598.044000,1528451593.207000,2542.155282
301F5_F5-F7,0c:da:41:1f:2c:e0,301wifi,-77,1528451598.044000,1528451593.207000,2546.955234
301F5_F5-F7,70:f9:6d:c1:0f:50,301wifi,-78,1528451598.044000,1528451593.207000,2546.955322
301F5_F5-F7,0c:da:41:1f:2c:f0,301wifi,-71,1528451598.044000,1528451593.207000,2551.772967
301F5_F5-F7,70:f9:6d:bb:31:60,301wifi,-79,1528451598.044000,1528451593.207000,2551.773990
301F5_F5-F7,70:f9:6d:c1:43:d0,301wifi,-77,1528451598.044000,1528451593.207000,2551.774388
301F5_F5-F7,70:f9:6d:bb:5c:60,301wifi,-67,1528451598.044000,1528451593.207000,2551.772604
301F5_F5-F7,70:f9:6d:ba:51:40,301wifi,-69,1528451598.044000,1528451593.207000,2551.772692
301F5_F5-F7,70:f9:6d:c3:1d:80,301wifi,-67,1528451598.044000,1528451593.207000,2551.772636
301F5_F5-F7,48:7d:2e:c0:db:f4,TP-LINK_DBF4_JQR,-65,1528451598.044000,1528451593.207000,2551.772578
301F5_F5-F7,70:f9:6d:c1:3d:70,XMZYL-link,-78,1528451598.044000,1528451593.207000,2546.955332
301F5_F5-F7,70:f9:6d:c1:3e:f0,XMZYL-link,-77,1528451598.044000,1528451593.207000,2551.774360
301F5_F5-F7,70:f9:6d:bb:5c:70,301wifi,-61,1528451598.044000,1528451593.207000,2551.772485
301F5_F5-F7,70:f9:6d:c3:1d:90,301wifi,-67,1528451598.044000,1528451593.207000,2551.772750
301F5_F5-F7,70:f9:6d:c2:df:80,301wifi,-72,1528451598.044000,1528451593.207000,2551.772829
301F5_F5-F7,70:f9:6d:c1:40:20,301wifi,-80,1528451598.044000,1528451593.207000,2551.774294
301F5_F5-F7,70:f9:6d:bb:31:10,301wifi,-70,1528451598.044000,1528451593.207000,2551.772803
301F5_F5-F7,74:25:8a:59:ff:40,301wifi,-84,1528451598.044000,1528451593.207000,2546.955414
301F5_F5-F7,74:25:8a:59:ff:50,301wifi,-69,1528451598.044000,1528451593.207000,2546.955169
301F5_F5-F7,70:f9:6d:ba:99:00,301wifi,-77,1528451598.044000,1528451593.207000,2551.773918
301F5_F5-F7,70:f9:6d:c1:1e:20,301wifi,-83,1528451598.044000,1528451593.207000,2546.955385
301F5_F5-F7,70:f9:6d:c2:df:90,301wifi,-78,1528451598.044000,1528451593.207000,2546.955341
301F5_F5-F7,70:f9:6d:b0:24:20,301wifi,-73,1528451598.044000,1528451593.207000,2551.772856
301F5_F5-F7,70:f9:6d:bb:26:c0,301wifi,-74,1528451598.044000,1528451593.207000,2551.772912
301F5_F5-F7,70:f9:6d:c1:47:a0,301wifi,-80,1528451598.044000,1528451593.207000,2551.774330
301F5_F5-F7,70:f9:6d:c1:3f:e0,301wifi,-83,1528451598.044000,1528451593.207000,2551.774473
301F5_F5-F7,70:f9:6d:bb:31:70,301wifi,-78,1528451598.044000,1528451593.207000,2551.774416
301F5_F5-F7,70:f9:6d:c1:40:30,301wifi,-81,1528451598.044000,1528451593.207000,2551.774536
301F5_F5-F7,28:6c:07:5a:1c:13,iflytek_robot_0045,-69,1528451598.044000,1528451593.207000,2551.772775
301F5_F5-F7,70:f9:6d:bb:62:30,301wifi,-66,1528451598.044000,1528451593.207000,2551.772718
301F5_F5-F7,70:f9:6d:bb:31:00,301wifi,-74,1528451598.044000,1528451593.207000,2551.772882
301F5_F5-F7,70:f9:6d:c2:e6:a0,301wifi,-75,1528451598.044000,1528451593.207000,2551.772936
301F5_F5-F7,70:f9:6d:c1:43:c0,301wifi,-77,1528451598.044000,1528451593.207000,2551.773958
301F5_F5-F7,70:f9:6d:ba:7c:a0,301wifi,-84,1528451598.044000,1528451593.207000,2551.774502
301F5_F5-F7,22:47:da:27:63:e4,÷©÷Î0916,-36,1528451603.009000,1528451598.069000,2556.777420
301F5_F5-F7,70:f9:6d:bb:2f:30,301wifi,-76,1528451603.009000,1528451598.069000,2556.778497
301F5_F5-F7,70:f9:6d:c1:32:80,301wifi,-68,1528451603.009000,1528451598.069000,2556.778281
301F5_F5-F7,70:f9:6d:c1:1c:30,XMZYL-link,-69,1528451603.009000,1528451598.069000,2556.778325
301F5_F5-F7,70:f9:6d:ba:51:50,301wifi,-63,1528451603.009000,1528451598.069000,2556.778236
301F5_F5-F7,0c:da:41:20:6f:60,301wifi,-82,1528451603.009000,1528451598.069000,2551.774445
301F5_F5-F7,0c:da:41:1f:2c:e0,301wifi,-82,1528451603.009000,1528451598.069000,2556.778540
301F5_F5-F7,70:f9:6d:c1:0f:50,301wifi,-78,1528451603.009000,1528451598.069000,2546.955322
301F5_F5-F7,0c:da:41:1f:2c:f0,301wifi,-71,1528451603.009000,1528451598.069000,2551.772967
301F5_F5-F7,70:f9:6d:bb:31:60,301wifi,-79,1528451603.009000,1528451598.069000,2551.773990
301F5_F5-F7,70:f9:6d:c1:43:d0,301wifi,-77,1528451603.009000,1528451598.069000,2556.778512
301F5_F5-F7,70:f9:6d:bb:5c:60,301wifi,-71,1528451603.009000,1528451598.069000,2556.778351
301F5_F5-F7,70:f9:6d:ba:51:40,301wifi,-75,1528451603.009000,1528451598.069000,2556.778411
301F5_F5-F7,70:f9:6d:c3:1d:80,301wifi,-56,1528451603.009000,1528451598.069000,2556.777448
301F5_F5-F7,48:7d:2e:c0:db:f4,TP-LINK_DBF4_JQR,-65,1528451603.009000,1528451598.069000,2556.778252
301F5_F5-F7,70:f9:6d:c1:3d:70,XMZYL-link,-78,1528451603.009000,1528451598.069000,2546.955332
301F5_F5-F7,70:f9:6d:c1:3e:f0,XMZYL-link,-77,1528451603.009000,1528451598.069000,2551.774360
301F5_F5-F7,70:f9:6d:bb:5c:70,301wifi,-61,1528451603.009000,1528451598.069000,2551.772485
301F5_F5-F7,70:f9:6d:c3:1d:90,301wifi,-67,1528451603.009000,1528451598.069000,2551.772750
301F5_F5-F7,70:f9:6d:c2:df:80,301wifi,-67,1528451603.009000,1528451598.069000,2556.778266
301F5_F5-F7,70:f9:6d:c1:40:20,301wifi,-69,1528451603.009000,1528451598.069000,2556.778295
301F5_F5-F7,70:f9:6d:bb:31:10,301wifi,-70,1528451603.009000,1528451598.069000,2556.778338
301F5_F5-F7,74:25:8a:59:ff:40,301wifi,-84,1528451603.009000,1528451598.069000,2546.955414
301F5_F5-F7,74:25:8a:59:ff:50,301wifi,-69,1528451603.009000,1528451598.069000,2546.955169
301F5_F5-F7,70:f9:6d:ba:99:00,301wifi,-77,1528451603.009000,1528451598.069000,2551.773918
301F5_F5-F7,70:f9:6d:c1:1e:20,301wifi,-83,1528451603.009000,1528451598.069000,2546.955385
301F5_F5-F7,70:f9:6d:c2:df:90,301wifi,-78,1528451603.009000,1528451598.069000,2546.955341
301F5_F5-F7,70:f9:6d:b0:24:20,301wifi,-65,1528451603.009000,1528451598.069000,2556.778211
301F5_F5-F7,70:f9:6d:bb:26:c0,301wifi,-64,1528451603.009000,1528451598.069000,2556.777464
301F5_F5-F7,70:f9:6d:c1:47:a0,301wifi,-80,1528451603.009000,1528451598.069000,2556.778484
301F5_F5-F7,70:f9:6d:c1:3f:e0,301wifi,-83,1528451603.009000,1528451598.069000,2551.774473
301F5_F5-F7,70:f9:6d:bb:31:70,301wifi,-78,1528451603.009000,1528451598.069000,2551.774416
301F5_F5-F7,70:f9:6d:c1:40:30,301wifi,-81,1528451603.009000,1528451598.069000,2551.774536
301F5_F5-F7,28:6c:07:5a:1c:13,iflytek_robot_0045,-73,1528451603.009000,1528451598.069000,2556.778442
301F5_F5-F7,70:f9:6d:bb:62:30,301wifi,-66,1528451603.009000,1528451598.069000,2556.778309
301F5_F5-F7,70:f9:6d:bb:31:00,301wifi,-78,1528451603.009000,1528451598.069000,2556.778471
301F5_F5-F7,70:f9:6d:c2:e6:a0,301wifi,-75,1528451603.009000,1528451598.069000,2556.778381
301F5_F5-F7,70:f9:6d:c1:43:c0,301wifi,-77,1528451603.009000,1528451598.069000,2556.778457
301F5_F5-F7,70:f9:6d:ba:7c:a0,301wifi,-84,1528451603.009000,1528451598.069000,2556.778573
301F5_F5-F7,d8:c7:71:d5:d7:d2,Honor 9,-77,1528451603.009000,1528451598.069000,2556.778525
301F5_F5-F7,70:f9:6d:bb:62:20,301wifi,-74,1528451603.009000,1528451598.069000,2556.778366
301F5_F5-F7,70:f9:6d:c2:e6:b0,301wifi,-72,1528451603.009000,1528451598.069000,2556.778426
301F5_F5-F7,70:f9:6d:b3:71:40,301wifi,-82,1528451603.009000,1528451598.069000,2556.778557
301F5_F5-F7,70:f9:6d:c3:27:50,301wifi,-89,1528451603.009000,1528451598.069000,2556.778587
301F5_F5-F7,22:47:da:27:63:e4,÷©÷Î0916,-38,1528451609.293000,1528451603.029000,2563.018193
301F5_F5-F7,70:f9:6d:bb:2f:30,301wifi,-52,1528451609.293000,1528451603.029000,2563.018225
301F5_F5-F7,70:f9:6d:c1:32:80,301wifi,-68,1528451609.293000,1528451603.029000,2556.778281
301F5_F5-F7,70:f9:6d:c1:1c:30,XMZYL-link,-76,1528451609.293000,1528451603.029000,2563.018487
301F5_F5-F7,70:f9:6d:ba:51:50,301wifi,-63,1528451609.293000,1528451603.029000,2556.778236
301F5_F5-F7,0c:da:41:20:6f:60,301wifi,-82,1528451609.293000,1528451603.029000,2551.774445
301F5_F5-F7,0c:da:41:1f:2c:e0,301wifi,-82,1528451609.293000,1528451603.029000,2556.778540
301F5_F5-F7,0c:da:41:1f:2c:f0,301wifi,-71,1528451609.293000,1528451603.029000,2551.772967
301F5_F5-F7,70:f9:6d:bb:31:60,301wifi,-80,1528451609.293000,1528451603.029000,2563.018470
301F5_F5-F7,70:f9:6d:c1:43:d0,301wifi,-84,1528451609.293000,1528451603.029000,2563.018542
301F5_F5-F7,70:f9:6d:bb:5c:60,301wifi,-79,1528451609.293000,1528451603.029000,2563.018439
301F5_F5-F7,70:f9:6d:ba:51:40,301wifi,-75,1528451609.293000,1528451603.029000,2556.778411
301F5_F5-F7,70:f9:6d:c3:1d:80,301wifi,-70,1528451609.293000,1528451603.029000,2563.018350
301F5_F5-F7,48:7d:2e:c0:db:f4,TP-LINK_DBF4_JQR,-65,1528451609.293000,1528451603.029000,2556.778252
301F5_F5-F7,70:f9:6d:c1:3e:f0,XMZYL-link,-77,1528451609.293000,1528451603.029000,2551.774360
301F5_F5-F7,70:f9:6d:bb:5c:70,301wifi,-61,1528451609.293000,1528451603.029000,2551.772485
301F5_F5-F7,70:f9:6d:c3:1d:90,301wifi,-63,1528451609.293000,1528451603.029000,2563.018286
301F5_F5-F7,70:f9:6d:c2:df:80,301wifi,-67,1528451609.293000,1528451603.029000,2556.778266
301F5_F5-F7,70:f9:6d:c1:40:20,301wifi,-69,1528451609.293000,1528451603.029000,2563.018334
301F5_F5-F7,70:f9:6d:bb:31:10,301wifi,-70,1528451609.293000,1528451603.029000,2556.778338
301F5_F5-F7,70:f9:6d:ba:99:00,301wifi,-68,1528451609.293000,1528451603.029000,2563.018318
301F5_F5-F7,70:f9:6d:c1:1e:20,301wifi,-77,1528451609.293000,1528451603.029000,2563.018417
301F5_F5-F7,70:f9:6d:c2:df:90,301wifi,-53,1528451609.293000,1528451603.029000,2563.018243
301F5_F5-F7,70:f9:6d:b0:24:20,301wifi,-65,1528451609.293000,1528451603.029000,2556.778211
301F5_F5-F7,70:f9:6d:bb:26:c0,301wifi,-67,1528451609.293000,1528451603.029000,2563.018302
301F5_F5-F7,70:f9:6d:c1:47:a0,301wifi,-80,1528451609.293000,1528451603.029000,2556.778484
301F5_F5-F7,70:f9:6d:c1:3f:e0,301wifi,-83,1528451609.293000,1528451603.029000,2551.774473
301F5_F5-F7,70:f9:6d:bb:31:70,301wifi,-78,1528451609.293000,1528451603.029000,2551.774416
301F5_F5-F7,70:f9:6d:c1:40:30,301wifi,-67,1528451609.293000,1528451603.029000,2563.018385
301F5_F5-F7,28:6c:07:5a:1c:13,iflytek_robot_0045,-73,1528451609.293000,1528451603.029000,2556.778442
301F5_F5-F7,70:f9:6d:bb:62:30,301wifi,-66,1528451609.293000,1528451603.029000,2556.778309
301F5_F5-F7,70:f9:6d:bb:31:00,301wifi,-78,1528451609.293000,1528451603.029000,2556.778471
301F5_F5-F7,70:f9:6d:c2:e6:a0,301wifi,-62,1528451609.293000,1528451603.029000,2563.018267
301F5_F5-F7,70:f9:6d:c1:43:c0,301wifi,-77,1528451609.293000,1528451603.029000,2556.778457
301F5_F5-F7,70:f9:6d:ba:7c:a0,301wifi,-84,1528451609.293000,1528451603.029000,2556.778573
301F5_F5-F7,d8:c7:71:d5:d7:d2,Honor 9,-77,1528451609.293000,1528451603.029000,2556.778525
301F5_F5-F7,70:f9:6d:bb:62:20,301wifi,-74,1528451609.293000,1528451603.029000,2556.778366
301F5_F5-F7,70:f9:6d:c2:e6:b0,301wifi,-72,1528451609.293000,1528451603.029000,2556.778426
301F5_F5-F7,70:f9:6d:b3:71:40,301wifi,-82,1528451609.293000,1528451603.029000,2556.778557
301F5_F5-F7,70:f9:6d:c3:27:50,301wifi,-89,1528451609.293000,1528451603.029000,2556.778587
301F5_F5-F7,70:f9:6d:bb:26:d0,301wifi,-67,1528451609.293000,1528451603.029000,2563.018370
301F5_F5-F7,70:f9:6d:c0:af:40,301wifi,-80,1528451609.293000,1528451603.029000,2563.018453
301F5_F5-F7,70:f9:6d:b0:24:30,301wifi,-73,1528451609.293000,1528451603.029000,2563.018400
301F5_F5-F7,0c:da:41:08:64:40,301wifi,-81,1528451609.293000,1528451603.029000,2563.018521
301F5_F5-F7,70:f9:6d:c3:20:90,301wifi,-76,1528451609.293000,1528451603.029000,2563.018503
301F5_F5-F7,22:47:da:27:63:e4,÷©÷Î0916,-38,1528451609.384000,1528451609.313000,2563.018193
301F5_F5-F7,70:f9:6d:bb:2f:30,301wifi,-52,1528451609.384000,1528451609.313000,2563.018225
301F5_F5-F7,70:f9:6d:c1:32:80,301wifi,-68,1528451609.384000,1528451609.313000,2556.778281
301F5_F5-F7,70:f9:6d:c1:1c:30,XMZYL-link,-76,1528451609.384000,1528451609.313000,2563.018487
301F5_F5-F7,70:f9:6d:ba:51:50,301wifi,-63,1528451609.384000,1528451609.313000,2556.778236
301F5_F5-F7,0c:da:41:20:6f:60,301wifi,-82,1528451609.384000,1528451609.313000,2551.774445
301F5_F5-F7,0c:da:41:1f:2c:e0,301wifi,-82,1528451609.384000,1528451609.313000,2556.778540
301F5_F5-F7,0c:da:41:1f:2c:f0,301wifi,-71,1528451609.384000,1528451609.313000,2551.772967
301F5_F5-F7,70:f9:6d:bb:31:60,301wifi,-80,1528451609.384000,1528451609.313000,2563.018470
301F5_F5-F7,70:f9:6d:c1:43:d0,301wifi,-84,1528451609.384000,1528451609.313000,2563.018542
301F5_F5-F7,70:f9:6d:bb:5c:60,301wifi,-79,1528451609.384000,1528451609.313000,2563.018439
301F5_F5-F7,70:f9:6d:ba:51:40,301wifi,-75,1528451609.384000,1528451609.313000,2556.778411
301F5_F5-F7,70:f9:6d:c3:1d:80,301wifi,-70,1528451609.384000,1528451609.313000,2563.018350
301F5_F5-F7,48:7d:2e:c0:db:f4,TP-LINK_DBF4_JQR,-65,1528451609.384000,1528451609.313000,2556.778252
301F5_F5-F7,70:f9:6d:c1:3e:f0,XMZYL-link,-77,1528451609.384000,1528451609.313000,2551.774360
301F5_F5-F7,70:f9:6d:bb:5c:70,301wifi,-61,1528451609.384000,1528451609.313000,2551.772485
301F5_F5-F7,70:f9:6d:c3:1d:90,301wifi,-63,1528451609.384000,1528451609.313000,2563.018286
301F5_F5-F7,70:f9:6d:c2:df:80,301wifi,-67,1528451609.384000,1528451609.313000,2556.778266
301F5_F5-F7,70:f9:6d:c1:40:20,301wifi,-69,1528451609.384000,1528451609.313000,2563.018334
301F5_F5-F7,70:f9:6d:bb:31:10,301wifi,-70,1528451609.384000,1528451609.313000,2556.778338
301F5_F5-F7,70:f9:6d:ba:99:00,301wifi,-68,1528451609.384000,1528451609.313000,2563.018318
301F5_F5-F7,70:f9:6d:c1:1e:20,301wifi,-77,1528451609.384000,1528451609.313000,2563.018417
301F5_F5-F7,70:f9:6d:c2:df:90,301wifi,-53,1528451609.384000,1528451609.313000,2563.018243
301F5_F5-F7,70:f9:6d:b0:24:20,301wifi,-65,1528451609.384000,1528451609.313000,2556.778211
301F5_F5-F7,70:f9:6d:bb:26:c0,301wifi,-67,1528451609.384000,1528451609.313000,2563.018302
301F5_F5-F7,70:f9:6d:c1:47:a0,301wifi,-80,1528451609.384000,1528451609.313000,2556.778484
301F5_F5-F7,70:f9:6d:c1:3f:e0,301wifi,-83,1528451609.384000,1528451609.313000,2551.774473
301F5_F5-F7,70:f9:6d:bb:31:70,301wifi,-78,1528451609.384000,1528451609.313000,2551.774416
301F5_F5-F7,70:f9:6d:c1:40:30,301wifi,-67,1528451609.384000,1528451609.313000,2563.018385
301F5_F5-F7,28:6c:07:5a:1c:13,iflytek_robot_0045,-73,1528451609.384000,1528451609.313000,2556.778442
301F5_F5-F7,70:f9:6d:bb:62:30,301wifi,-66,1528451609.384000,1528451609.313000,2556.778309
301F5_F5-F7,70:f9:6d:bb:31:00,301wifi,-78,1528451609.384000,1528451609.313000,2556.778471
301F5_F5-F7,70:f9:6d:c2:e6:a0,301wifi,-62,1528451609.384000,1528451609.313000,2563.018267
301F5_F5-F7,70:f9:6d:c1:43:c0,301wifi,-77,1528451609.384000,1528451609.313000,2556.778457
301F5_F5-F7,70:f9:6d:ba:7c:a0,301wifi,-84,1528451609.384000,1528451609.313000,2556.778573
301F5_F5-F7,d8:c7:71:d5:d7:d2,Honor 9,-77,1528451609.384000,1528451609.313000,2556.778525
301F5_F5-F7,70:f9:6d:bb:62:20,301wifi,-74,1528451609.384000,1528451609.313000,2556.778366
301F5_F5-F7,70:f9:6d:c2:e6:b0,301wifi,-72,1528451609.384000,1528451609.313000,2556.778426
301F5_F5-F7,70:f9:6d:b3:71:40,301wifi,-82,1528451609.384000,1528451609.313000,2556.778557
301F5_F5-F7,70:f9:6d:c3:27:50,301wifi,-89,1528451609.384000,1528451609.313000,2556.778587
301F5_F5-F7,70:f9:6d:bb:26:d0,301wifi,-67,1528451609.384000,1528451609.313000,2563.018370
301F5_F5-F7,70:f9:6d:c0:af:40,301wifi,-80,1528451609.384000,1528451609.313000,2563.018453
301F5_F5-F7,70:f9:6d:b0:24:30,301wifi,-73,1528451609.384000,1528451609.313000,2563.018400
301F5_F5-F7,0c:da:41:08:64:40,301wifi,-81,1528451609.384000,1528451609.313000,2563.018521
301F5_F5-F7,70:f9:6d:c3:20:90,301wifi,-76,1528451609.384000,1528451609.313000,2563.018503
301F5_F5-F7,22:47:da:27:63:e4,÷©÷Î0916,-36,1528451611.038000,1528451609.405000,2564.821863
301F5_F5-F7,70:f9:6d:bb:2f:30,301wifi,-56,1528451611.038000,1528451609.405000,2564.821896
301F5_F5-F7,70:f9:6d:c1:32:80,301wifi,-66,1528451611.038000,1528451609.405000,2564.821927
301F5_F5-F7,70:f9:6d:c1:1c:30,XMZYL-link,-76,1528451611.038000,1528451609.405000,2564.822083
301F5_F5-F7,70:f9:6d:ba:51:50,301wifi,-63,1528451611.038000,1528451609.405000,2556.778236
301F5_F5-F7,0c:da:41:1f:2c:e0,301wifi,-82,1528451611.038000,1528451609.405000,2556.778540
301F5_F5-F7,70:f9:6d:bb:31:60,301wifi,-80,1528451611.038000,1528451609.405000,2564.822069
301F5_F5-F7,70:f9:6d:c1:43:d0,301wifi,-83,1528451611.038000,1528451609.405000,2564.822121
301F5_F5-F7,70:f9:6d:bb:5c:60,301wifi,-79,1528451611.038000,1528451609.405000,2564.822055
301F5_F5-F7,70:f9:6d:ba:51:40,301wifi,-75,1528451611.038000,1528451609.405000,2556.778411
301F5_F5-F7,70:f9:6d:c3:1d:80,301wifi,-70,1528451611.038000,1528451609.405000,2564.821949
301F5_F5-F7,48:7d:2e:c0:db:f4,TP-LINK_DBF4_JQR,-65,1528451611.038000,1528451609.405000,2556.778252
301F5_F5-F7,70:f9:6d:c3:1d:90,301wifi,-63,1528451611.038000,1528451609.405000,2564.821919
301F5_F5-F7,70:f9:6d:c2:df:80,301wifi,-67,1528451611.038000,1528451609.405000,2556.778266
301F5_F5-F7,70:f9:6d:c1:40:20,301wifi,-68,1528451611.038000,1528451609.405000,2564.821941
301F5_F5-F7,70:f9:6d:bb:31:10,301wifi,-70,1528451611.038000,1528451609.405000,2556.778338
301F5_F5-F7,70:f9:6d:ba:99:00,301wifi,-66,1528451611.038000,1528451609.405000,2564.821934
301F5_F5-F7,70:f9:6d:c1:1e:20,301wifi,-77,1528451611.038000,1528451609.405000,2564.822047
301F5_F5-F7,70:f9:6d:c2:df:90,301wifi,-53,1528451611.038000,1528451609.405000,2564.821878
301F5_F5-F7,70:f9:6d:b0:24:20,301wifi,-73,1528451611.038000,1528451609.405000,2564.822023
301F5_F5-F7,70:f9:6d:bb:26:c0,301wifi,-63,1528451611.038000,1528451609.405000,2564.821911
301F5_F5-F7,70:f9:6d:c1:47:a0,301wifi,-80,1528451611.038000,1528451609.405000,2564.822076
301F5_F5-F7,70:f9:6d:c1:3f:e0,301wifi,-72,1528451611.038000,1528451609.405000,2564.822006
301F5_F5-F7,70:f9:6d:c1:40:30,301wifi,-67,1528451611.038000,1528451609.405000,2564.821981
301F5_F5-F7,28:6c:07:5a:1c:13,iflytek_robot_0045,-73,1528451611.038000,1528451609.405000,2556.778442
301F5_F5-F7,70:f9:6d:bb:62:30,301wifi,-75,1528451611.038000,1528451609.405000,2564.822041
301F5_F5-F7,70:f9:6d:bb:31:00,301wifi,-78,1528451611.038000,1528451609.405000,2556.778471
301F5_F5-F7,70:f9:6d:c2:e6:a0,301wifi,-56,1528451611.038000,1528451609.405000,2564.821887
301F5_F5-F7,70:f9:6d:c1:43:c0,301wifi,-77,1528451611.038000,1528451609.405000,2556.778457
301F5_F5-F7,70:f9:6d:ba:7c:a0,301wifi,-84,1528451611.038000,1528451609.405000,2556.778573
301F5_F5-F7,d8:c7:71:d5:d7:d2,Honor 9,-77,1528451611.038000,1528451609.405000,2556.778525
301F5_F5-F7,70:f9:6d:bb:62:20,301wifi,-74,1528451611.038000,1528451609.405000,2556.778366
301F5_F5-F7,70:f9:6d:c2:e6:b0,301wifi,-60,1528451611.038000,1528451609.405000,2564.821904
301F5_F5-F7,70:f9:6d:b3:71:40,301wifi,-82,1528451611.038000,1528451609.405000,2564.822107
301F5_F5-F7,70:f9:6d:c3:27:50,301wifi,-89,1528451611.038000,1528451609.405000,2556.778587
301F5_F5-F7,70:f9:6d:bb:26:d0,301wifi,-67,1528451611.038000,1528451609.405000,2564.821957
301F5_F5-F7,70:f9:6d:c0:af:40,301wifi,-80,1528451611.038000,1528451609.405000,2564.822062
301F5_F5-F7,70:f9:6d:b0:24:30,301wifi,-68,1528451611.038000,1528451609.405000,2564.821989
301F5_F5-F7,0c:da:41:08:64:40,301wifi,-81,1528451611.038000,1528451609.405000,2564.822098
301F5_F5-F7,70:f9:6d:c3:20:90,301wifi,-76,1528451611.038000,1528451609.405000,2564.822090
301F5_F5-F7,70:f9:6d:c1:97:a0,301wifi,-73,1528451611.038000,1528451609.405000,2564.822014
301F5_F5-F7,70:f9:6d:ba:99:10,301wifi,-68,1528451611.038000,1528451609.405000,2564.821998
301F5_F5-F7,70:f9:6d:bb:30:b0,301wifi,-72,1528451611.038000,1528451609.405000,2564.822031
301F5_F5-F7,70:f9:6d:c3:37:c0,301wifi,-84,1528451611.038000,1528451609.405000,2564.822114
301F5_F5-F7,74:25:8a:97:2d:50,301wifi,-83,1528451611.038000,1528451609.405000,2564.822128
301F5_F5-F7,70:f9:6d:2d:45:10,301wifi,-87,1528451611.038000,1528451609.405000,2564.822135
301F5_F5-F7,22:47:da:27:63:e4,÷©÷Î0916,-44,1528451613.782000,1528451611.055000,2567.512033
301F5_F5-F7,70:f9:6d:bb:2f:30,301wifi,-69,1528451613.782000,1528451611.055000,2567.512364
301F5_F5-F7,70:f9:6d:c1:32:80,301wifi,-66,1528451613.782000,1528451611.055000,2567.512104
301F5_F5-F7,70:f9:6d:c1:1c:30,XMZYL-link,-76,1528451613.782000,1528451611.055000,2564.822083
301F5_F5-F7,70:f9:6d:bb:31:60,301wifi,-80,1528451613.782000,1528451611.055000,2567.512591
301F5_F5-F7,70:f9:6d:c1:43:d0,301wifi,-83,1528451613.782000,1528451611.055000,2567.512748
301F5_F5-F7,70:f9:6d:bb:5c:60,301wifi,-79,1528451613.782000,1528451611.055000,2567.512550
301F5_F5-F7,70:f9:6d:c3:1d:80,301wifi,-70,1528451613.782000,1528451611.055000,2567.512169
301F5_F5-F7,70:f9:6d:c3:1d:90,301wifi,-63,1528451613.782000,1528451611.055000,2564.821919
301F5_F5-F7,70:f9:6d:c2:df:80,301wifi,-80,1528451613.782000,1528451611.055000,2567.512630
301F5_F5-F7,70:f9:6d:c1:40:20,301wifi,-72,1528451613.782000,1528451611.055000,2567.512384
301F5_F5-F7,70:f9:6d:ba:99:00,301wifi,-67,1528451613.782000,1528451611.055000,2567.512148
301F5_F5-F7,70:f9:6d:c1:1e:20,301wifi,-77,1528451613.782000,1528451611.055000,2567.512488
301F5_F5-F7,70:f9:6d:c2:df:90,301wifi,-53,1528451613.782000,1528451611.055000,2564.821878
301F5_F5-F7,70:f9:6d:b0:24:20,301wifi,-73,1528451613.782000,1528451611.055000,2567.512425
301F5_F5-F7,70:f9:6d:bb:26:c0,301wifi,-67,1528451613.782000,1528451611.055000,2567.512127
301F5_F5-F7,70:f9:6d:c1:47:a0,301wifi,-80,1528451613.782000,1528451611.055000,2567.512611
301F5_F5-F7,70:f9:6d:c1:3f:e0,301wifi,-77,1528451613.782000,1528451611.055000,2567.512508
301F5_F5-F7,70:f9:6d:c1:40:30,301wifi,-67,1528451613.782000,1528451611.055000,2564.821981
301F5_F5-F7,28:6c:07:5a:1c:13,iflytek_robot_0045,-73,1528451613.782000,1528451611.055000,2556.778442
301F5_F5-F7,70:f9:6d:bb:62:30,301wifi,-75,1528451613.782000,1528451611.055000,2567.512464
301F5_F5-F7,70:f9:6d:c2:e6:a0,301wifi,-60,1528451613.782000,1528451611.055000,2567.512078
301F5_F5-F7,70:f9:6d:bb:62:20,301wifi,-77,1528451613.782000,1528451611.055000,2567.512528
301F5_F5-F7,70:f9:6d:c2:e6:b0,301wifi,-68,1528451613.782000,1528451611.055000,2567.512346
301F5_F5-F7,70:f9:6d:b3:71:40,301wifi,-82,1528451613.782000,1528451611.055000,2567.512688
301F5_F5-F7,70:f9:6d:bb:26:d0,301wifi,-67,1528451613.782000,1528451611.055000,2564.821957
301F5_F5-F7,70:f9:6d:c0:af:40,301wifi,-80,1528451613.782000,1528451611.055000,2567.512571
301F5_F5-F7,70:f9:6d:b0:24:30,301wifi,-68,1528451613.782000,1528451611.055000,2567.512191
301F5_F5-F7,0c:da:41:08:64:40,301wifi,-81,1528451613.782000,1528451611.055000,2567.512668
301F5_F5-F7,70:f9:6d:c3:20:90,301wifi,-76,1528451613.782000,1528451611.055000,2564.822090
301F5_F5-F7,70:f9:6d:c1:97:a0,301wifi,-73,1528451613.782000,1528451611.055000,2567.512406
301F5_F5-F7,70:f9:6d:ba:99:10,301wifi,-68,1528451613.782000,1528451611.055000,2567.512318
301F5_F5-F7,70:f9:6d:bb:30:b0,301wifi,-73,1528451613.782000,1528451611.055000,2567.512444
301F5_F5-F7,70:f9:6d:c3:37:c0,301wifi,-84,1528451613.782000,1528451611.055000,2567.512706
301F5_F5-F7,74:25:8a:97:2d:50,301wifi,-83,1528451613.782000,1528451611.055000,2567.512767
301F5_F5-F7,70:f9:6d:2d:45:10,301wifi,-87,1528451613.782000,1528451611.055000,2567.512785
301F5_F5-F7,70:f9:6d:bb:2f:20,301wifi,-84,1528451613.782000,1528451611.055000,2567.512725
301F5_F5-F7,70:f9:6d:c1:3f:f0,301wifi,-80,1528451613.782000,1528451611.055000,2567.512650
301F5_F5-F7,70:f9:6d:c1:1b:b0,301wifi,-88,1528451613.782000,1528451611.055000,2567.512804
301F5_F5-F7,22:47:da:27:63:e4,÷©÷Î0916,-44,1528451613.914000,1528451613.811000,2567.689417
301F5_F5-F7,70:f9:6d:bb:2f:30,301wifi,-69,1528451613.914000,1528451613.811000,2567.689469
301F5_F5-F7,70:f9:6d:c1:32:80,301wifi,-66,1528451613.914000,1528451613.811000,2567.689441
301F5_F5-F7,70:f9:6d:c1:1c:30,XMZYL-link,-76,1528451613.914000,1528451613.811000,2564.822083
301F5_F5-F7,70:f9:6d:bb:31:60,301wifi,-80,1528451613.914000,1528451613.811000,2567.512591
301F5_F5-F7,70:f9:6d:c1:43:d0,301wifi,-83,1528451613.914000,1528451613.811000,2567.512748
301F5_F5-F7,70:f9:6d:bb:5c:60,301wifi,-79,1528451613.914000,1528451613.811000,2567.512550
301F5_F5-F7,70:f9:6d:c3:1d:80,301wifi,-70,1528451613.914000,1528451613.811000,2567.512169
301F5_F5-F7,70:f9:6d:c3:1d:90,301wifi,-63,1528451613.914000,1528451613.811000,2564.821919
301F5_F5-F7,70:f9:6d:c2:df:80,301wifi,-80,1528451613.914000,1528451613.811000,2567.689517
301F5_F5-F7,70:f9:6d:c1:40:20,301wifi,-72,1528451613.914000,1528451613.811000,2567.689475
301F5_F5-F7,70:f9:6d:ba:99:00,301wifi,-67,1528451613.914000,1528451613.811000,2567.689453
301F5_F5-F7,70:f9:6d:c1:1e:20,301wifi,-77,1528451613.914000,1528451613.811000,2567.512488
301F5_F5-F7,70:f9:6d:c2:df:90,301wifi,-53,1528451613.914000,1528451613.811000,2564.821878
301F5_F5-F7,70:f9:6d:b0:24:20,301wifi,-73,1528451613.914000,1528451613.811000,2567.689482
301F5_F5-F7,70:f9:6d:bb:26:c0,301wifi,-67,1528451613.914000,1528451613.811000,2567.689447
301F5_F5-F7,70:f9:6d:c1:47:a0,301wifi,-80,1528451613.914000,1528451613.811000,2567.512611
301F5_F5-F7,70:f9:6d:c1:3f:e0,301wifi,-77,1528451613.914000,1528451613.811000,2567.689506
301F5_F5-F7,70:f9:6d:c1:40:30,301wifi,-67,1528451613.914000,1528451613.811000,2564.821981
301F5_F5-F7,28:6c:07:5a:1c:13,iflytek_robot_0045,-73,1528451613.914000,1528451613.811000,2556.778442
301F5_F5-F7,70:f9:6d:bb:62:30,301wifi,-75,1528451613.914000,1528451613.811000,2567.512464
301F5_F5-F7,70:f9:6d:c2:e6:a0,301wifi,-60,1528451613.914000,1528451613.811000,2567.689434
301F5_F5-F7,70:f9:6d:bb:62:20,301wifi,-77,1528451613.914000,1528451613.811000,2567.689512
301F5_F5-F7,70:f9:6d:c2:e6:b0,301wifi,-68,1528451613.914000,1528451613.811000,2567.689463
301F5_F5-F7,70:f9:6d:b3:71:40,301wifi,-82,1528451613.914000,1528451613.811000,2567.512688
301F5_F5-F7,70:f9:6d:bb:26:d0,301wifi,-67,1528451613.914000,1528451613.811000,2564.821957
301F5_F5-F7,70:f9:6d:c0:af:40,301wifi,-80,1528451613.914000,1528451613.811000,2567.512571
301F5_F5-F7,70:f9:6d:b0:24:30,301wifi,-68,1528451613.914000,1528451613.811000,2567.512191
301F5_F5-F7,0c:da:41:08:64:40,301wifi,-81,1528451613.914000,1528451613.811000,2567.512668
301F5_F5-F7,70:f9:6d:c3:20:90,301wifi,-76,1528451613.914000,1528451613.811000,2564.822090
301F5_F5-F7,70:f9:6d:c1:97:a0,301wifi,-73,1528451613.914000,1528451613.811000,2567.512406
301F5_F5-F7,70:f9:6d:ba:99:10,301wifi,-68,1528451613.914000,1528451613.811000,2567.689458
301F5_F5-F7,70:f9:6d:bb:30:b0,301wifi,-73,1528451613.914000,1528451613.811000,2567.689488
301F5_F5-F7,70:f9:6d:c3:37:c0,301wifi,-84,1528451613.914000,1528451613.811000,2567.512706
301F5_F5-F7,74:25:8a:97:2d:50,301wifi,-83,1528451613.914000,1528451613.811000,2567.512767
301F5_F5-F7,70:f9:6d:2d:45:10,301wifi,-75,1528451613.914000,1528451613.811000,2567.689494
301F5_F5-F7,70:f9:6d:bb:2f:20,301wifi,-84,1528451613.914000,1528451613.811000,2567.689529
301F5_F5-F7,70:f9:6d:c1:3f:f0,301wifi,-80,1528451613.914000,1528451613.811000,2567.689524
301F5_F5-F7,70:f9:6d:c1:1b:b0,301wifi,-88,1528451613.914000,1528451613.811000,2567.689535
301F5_F5-F7,70:f9:6d:ba:51:50,301wifi,-75,1528451613.914000,1528451613.811000,2567.689499
301F5_F5-F7,22:47:da:27:63:e4,÷©÷Î0916,-42,1528451629.682000,1528451613.958000,2583.439323
301F5_F5-F7,70:f9:6d:bb:2f:30,301wifi,-62,1528451629.682000,1528451613.958000,2583.439367
301F5_F5-F7,70:f9:6d:c1:32:80,301wifi,-66,1528451629.682000,1528451613.958000,2583.439394
301F5_F5-F7,70:f9:6d:c1:1c:30,XMZYL-link,-76,1528451629.682000,1528451613.958000,2583.440336
301F5_F5-F7,70:f9:6d:bb:31:60,301wifi,-80,1528451629.682000,1528451613.958000,2567.512591
301F5_F5-F7,70:f9:6d:c1:43:d0,301wifi,-77,1528451629.682000,1528451613.958000,2583.440435
301F5_F5-F7,70:f9:6d:bb:5c:60,301wifi,-79,1528451629.682000,1528451613.958000,2567.512550
301F5_F5-F7,70:f9:6d:c3:1d:80,301wifi,-70,1528451629.682000,1528451613.958000,2567.512169
301F5_F5-F7,70:f9:6d:c3:1d:90,301wifi,-63,1528451629.682000,1528451613.958000,2564.821919
301F5_F5-F7,70:f9:6d:c2:df:80,301wifi,-80,1528451629.682000,1528451613.958000,2583.439610
301F5_F5-F7,70:f9:6d:c1:40:20,301wifi,-78,1528451629.682000,1528451613.958000,2583.439597
301F5_F5-F7,70:f9:6d:ba:99:00,301wifi,-72,1528451629.682000,1528451613.958000,2583.439423
301F5_F5-F7,70:f9:6d:c1:1e:20,301wifi,-83,1528451629.682000,1528451613.958000,2583.440463
301F5_F5-F7,70:f9:6d:c2:df:90,301wifi,-53,1528451629.682000,1528451613.958000,2564.821878
301F5_F5-F7,70:f9:6d:b0:24:20,301wifi,-76,1528451629.682000,1528451613.958000,2583.439565
301F5_F5-F7,70:f9:6d:bb:26:c0,301wifi,-74,1528451629.682000,1528451613.958000,2583.439441
301F5_F5-F7,70:f9:6d:c1:47:a0,301wifi,-80,1528451629.682000,1528451613.958000,2567.512611
301F5_F5-F7,70:f9:6d:c1:3f:e0,301wifi,-80,1528451629.682000,1528451613.958000,2583.439624
301F5_F5-F7,70:f9:6d:c1:40:30,301wifi,-67,1528451629.682000,1528451613.958000,2564.821981
301F5_F5-F7,28:6c:07:5a:1c:13,iflytek_robot_0045,-76,1528451629.682000,1528451613.958000,2583.440391
301F5_F5-F7,70:f9:6d:bb:62:30,301wifi,-75,1528451629.682000,1528451613.958000,2567.512464
301F5_F5-F7,70:f9:6d:c2:e6:a0,301wifi,-61,1528451629.682000,1528451613.958000,2583.439350
301F5_F5-F7,70:f9:6d:bb:62:20,301wifi,-77,1528451629.682000,1528451613.958000,2583.439583
301F5_F5-F7,70:f9:6d:c2:e6:b0,301wifi,-64,1528451629.682000,1528451613.958000,2583.439382
301F5_F5-F7,70:f9:6d:b3:71:40,301wifi,-82,1528451629.682000,1528451613.958000,2567.512688
301F5_F5-F7,70:f9:6d:bb:26:d0,301wifi,-76,1528451629.682000,1528451613.958000,2583.440377
301F5_F5-F7,70:f9:6d:c0:af:40,301wifi,-80,1528451629.682000,1528451613.958000,2567.512571
301F5_F5-F7,70:f9:6d:b0:24:30,301wifi,-68,1528451629.682000,1528451613.958000,2567.512191
301F5_F5-F7,0c:da:41:08:64:40,301wifi,-81,1528451629.682000,1528451613.958000,2567.512668
301F5_F5-F7,70:f9:6d:c3:20:90,301wifi,-76,1528451629.682000,1528451613.958000,2564.822090
301F5_F5-F7,70:f9:6d:c1:97:a0,301wifi,-73,1528451629.682000,1528451613.958000,2567.512406
301F5_F5-F7,70:f9:6d:ba:99:10,301wifi,-68,1528451629.682000,1528451613.958000,2583.439410
301F5_F5-F7,70:f9:6d:bb:30:b0,301wifi,-73,1528451629.682000,1528451613.958000,2583.439454
301F5_F5-F7,70:f9:6d:c3:37:c0,301wifi,-84,1528451629.682000,1528451613.958000,2567.512706
301F5_F5-F7,74:25:8a:97:2d:50,301wifi,-83,1528451629.682000,1528451613.958000,2567.512767
301F5_F5-F7,70:f9:6d:2d:45:10,301wifi,-75,1528451629.682000,1528451613.958000,2583.439508
301F5_F5-F7,70:f9:6d:bb:2f:20,301wifi,-84,1528451629.682000,1528451613.958000,2583.440476
301F5_F5-F7,70:f9:6d:c1:3f:f0,301wifi,-81,1528451629.682000,1528451613.958000,2583.440490
301F5_F5-F7,70:f9:6d:c1:1b:b0,301wifi,-88,1528451629.682000,1528451613.958000,2567.689535
301F5_F5-F7,70:f9:6d:ba:51:50,301wifi,-77,1528451629.682000,1528451613.958000,2583.440450
301F5_F5-F7,0c:4b:54:96:8f:2d,TP-LINK_8F2D,-91,1528451629.682000,1528451613.958000,2583.440515
301F5_F5-F7,70:f9:6d:bb:31:10,301wifi,-85,1528451629.682000,1528451613.958000,2583.440502
301F5_F5-F7,22:47:da:27:63:e4,÷©÷Î0916,-42,1528451630.073000,1528451629.703000,2583.841493
301F5_F5-F7,70:f9:6d:bb:2f:30,301wifi,-62,1528451630.073000,1528451629.703000,2583.841552
301F5_F5-F7,70:f9:6d:c1:32:80,301wifi,-70,1528451630.073000,1528451629.703000,2583.841584
301F5_F5-F7,70:f9:6d:c1:1c:30,XMZYL-link,-76,1528451630.073000,1528451629.703000,2583.841853
301F5_F5-F7,70:f9:6d:c1:43:d0,301wifi,-77,1528451630.073000,1528451629.703000,2583.841898
301F5_F5-F7,70:f9:6d:c3:1d:80,301wifi,-77,1528451630.073000,1528451629.703000,2583.841805
301F5_F5-F7,70:f9:6d:c2:df:80,301wifi,-80,1528451630.073000,1528451629.703000,2583.439610
301F5_F5-F7,70:f9:6d:c1:40:20,301wifi,-78,1528451630.073000,1528451629.703000,2583.841822
301F5_F5-F7,70:f9:6d:ba:99:00,301wifi,-72,1528451630.073000,1528451629.703000,2583.841723
301F5_F5-F7,70:f9:6d:c1:1e:20,301wifi,-84,1528451630.073000,1528451629.703000,2583.841997
301F5_F5-F7,70:f9:6d:b0:24:20,301wifi,-76,1528451630.073000,1528451629.703000,2583.841789
301F5_F5-F7,70:f9:6d:bb:26:c0,301wifi,-74,1528451630.073000,1528451629.703000,2583.841739
301F5_F5-F7,70:f9:6d:c1:47:a0,301wifi,-80,1528451630.073000,1528451629.703000,2567.512611
301F5_F5-F7,70:f9:6d:c1:3f:e0,301wifi,-80,1528451630.073000,1528451629.703000,2583.841837
301F5_F5-F7,28:6c:07:5a:1c:13,iflytek_robot_0045,-76,1528451630.073000,1528451629.703000,2583.841883
301F5_F5-F7,70:f9:6d:bb:62:30,301wifi,-80,1528451630.073000,1528451629.703000,2583.841981
301F5_F5-F7,70:f9:6d:c2:e6:a0,301wifi,-59,1528451630.073000,1528451629.703000,2583.841528
301F5_F5-F7,70:f9:6d:bb:62:20,301wifi,-77,1528451630.073000,1528451629.703000,2583.439583
301F5_F5-F7,70:f9:6d:c2:e6:b0,301wifi,-64,1528451630.073000,1528451629.703000,2583.841571
301F5_F5-F7,70:f9:6d:bb:26:d0,301wifi,-76,1528451630.073000,1528451629.703000,2583.841868
301F5_F5-F7,70:f9:6d:c0:af:40,301wifi,-80,1528451630.073000,1528451629.703000,2567.512571
301F5_F5-F7,70:f9:6d:b0:24:30,301wifi,-68,1528451630.073000,1528451629.703000,2567.512191
301F5_F5-F7,70:f9:6d:ba:99:10,301wifi,-70,1528451630.073000,1528451629.703000,2583.841702
301F5_F5-F7,70:f9:6d:bb:30:b0,301wifi,-75,1528451630.073000,1528451629.703000,2583.841770
301F5_F5-F7,70:f9:6d:c3:37:c0,301wifi,-84,1528451630.073000,1528451629.703000,2567.512706
301F5_F5-F7,74:25:8a:97:2d:50,301wifi,-83,1528451630.073000,1528451629.703000,2567.512767
301F5_F5-F7,70:f9:6d:2d:45:10,301wifi,-75,1528451630.073000,1528451629.703000,2583.439508
301F5_F5-F7,70:f9:6d:bb:2f:20,301wifi,-84,1528451630.073000,1528451629.703000,2583.440476
301F5_F5-F7,70:f9:6d:c1:3f:f0,301wifi,-81,1528451630.073000,1528451629.703000,2583.842014
301F5_F5-F7,70:f9:6d:c1:1b:b0,301wifi,-88,1528451630.073000,1528451629.703000,2567.689535
301F5_F5-F7,70:f9:6d:ba:51:50,301wifi,-77,1528451630.073000,1528451629.703000,2583.841918
301F5_F5-F7,0c:4b:54:96:8f:2d,TP-LINK_8F2D,-91,1528451630.073000,1528451629.703000,2583.842059
301F5_F5-F7,70:f9:6d:bb:31:10,301wifi,-85,1528451630.073000,1528451629.703000,2583.842032
301F5_F5-F7,70:f9:6d:c1:32:90,301wifi,-72,1528451630.073000,1528451629.703000,2583.841752
301F5_F5-F7,0c:da:41:20:6f:70,301wifi,-80,1528451630.073000,1528451629.703000,2583.841965
301F5_F5-F7,22:47:da:27:63:e4,÷©÷Î0916,-41,1528451634.913000,1528451630.091000,2588.661166
301F5_F5-F7,70:f9:6d:bb:2f:30,301wifi,-58,1528451634.913000,1528451630.091000,2588.661231
301F5_F5-F7,70:f9:6d:c1:32:80,301wifi,-70,1528451634.913000,1528451630.091000,2588.661274
301F5_F5-F7,70:f9:6d:c1:1c:30,XMZYL-link,-76,1528451634.913000,1528451630.091000,2588.662456
301F5_F5-F7,70:f9:6d:c1:43:d0,301wifi,-79,1528451634.913000,1528451630.091000,2588.662545
301F5_F5-F7,70:f9:6d:c3:1d:80,301wifi,-77,1528451634.913000,1528451630.091000,2588.661496
301F5_F5-F7,70:f9:6d:c2:df:80,301wifi,-80,1528451634.913000,1528451630.091000,2583.439610
301F5_F5-F7,70:f9:6d:c1:40:20,301wifi,-76,1528451634.913000,1528451630.091000,2588.661458
301F5_F5-F7,70:f9:6d:ba:99:00,301wifi,-74,1528451634.913000,1528451630.091000,2588.661417
301F5_F5-F7,70:f9:6d:c1:1e:20,301wifi,-84,1528451634.913000,1528451630.091000,2588.664276
301F5_F5-F7,70:f9:6d:b0:24:20,301wifi,-76,1528451634.913000,1528451630.091000,2588.661477
301F5_F5-F7,70:f9:6d:bb:26:c0,301wifi,-74,1528451634.913000,1528451630.091000,2588.661340
301F5_F5-F7,70:f9:6d:c1:3f:e0,301wifi,-80,1528451634.913000,1528451630.091000,2583.841837
301F5_F5-F7,28:6c:07:5a:1c:13,iflytek_robot_0045,-76,1528451634.913000,1528451630.091000,2588.662523
301F5_F5-F7,70:f9:6d:bb:62:30,301wifi,-80,1528451634.913000,1528451630.091000,2588.662566
301F5_F5-F7,70:f9:6d:c2:e6:a0,301wifi,-60,1528451634.913000,1528451630.091000,2588.661205
301F5_F5-F7,70:f9:6d:bb:62:20,301wifi,-77,1528451634.913000,1528451630.091000,2583.439583
301F5_F5-F7,70:f9:6d:c2:e6:b0,301wifi,-62,1528451634.913000,1528451630.091000,2588.661254
301F5_F5-F7,70:f9:6d:bb:26:d0,301wifi,-76,1528451634.913000,1528451630.091000,2588.662501
301F5_F5-F7,70:f9:6d:ba:99:10,301wifi,-70,1528451634.913000,1528451630.091000,2588.661297
301F5_F5-F7,70:f9:6d:bb:30:b0,301wifi,-75,1528451634.913000,1528451630.091000,2588.661440
301F5_F5-F7,70:f9:6d:2d:45:10,301wifi,-75,1528451634.913000,1528451630.091000,2583.439508
301F5_F5-F7,70:f9:6d:bb:2f:20,301wifi,-84,1528451634.913000,1528451630.091000,2583.440476
301F5_F5-F7,70:f9:6d:c1:3f:f0,301wifi,-81,1528451634.913000,1528451630.091000,2588.664301
301F5_F5-F7,70:f9:6d:ba:51:50,301wifi,-82,1528451634.913000,1528451630.091000,2588.664345
301F5_F5-F7,0c:4b:54:96:8f:2d,TP-LINK_8F2D,-91,1528451634.913000,1528451630.091000,2588.664412
301F5_F5-F7,70:f9:6d:bb:31:10,301wifi,-85,1528451634.913000,1528451630.091000,2588.664368
301F5_F5-F7,70:f9:6d:c1:32:90,301wifi,-70,1528451634.913000,1528451630.091000,2588.661318
301F5_F5-F7,0c:da:41:20:6f:70,301wifi,-81,1528451634.913000,1528451630.091000,2588.664322
301F5_F5-F7,d8:c7:71:d5:d7:d2,Honor 9,-85,1528451634.913000,1528451630.091000,2588.664388
301F5_F5-F7,0c:da:41:1f:2c:e0,301wifi,-79,1528451634.913000,1528451630.091000,2588.661515
301F5_F5-F7,70:f9:6d:c1:97:a0,301wifi,-82,1528451634.913000,1528451630.091000,2588.664235
301F5_F5-F7,22:47:da:27:63:e4,÷©÷Î0916,-42,1528451639.827000,1528451634.976000,2593.575226
301F5_F5-F7,70:f9:6d:bb:2f:30,301wifi,-58,1528451639.827000,1528451634.976000,2593.575360
301F5_F5-F7,70:f9:6d:c1:32:80,301wifi,-69,1528451639.827000,1528451634.976000,2593.575399
301F5_F5-F7,70:f9:6d:c1:1c:30,XMZYL-link,-82,1528451639.827000,1528451634.976000,2593.578778
301F5_F5-F7,70:f9:6d:c1:43:d0,301wifi,-79,1528451639.827000,1528451634.976000,2593.578560
301F5_F5-F7,70:f9:6d:c3:1d:80,301wifi,-77,1528451639.827000,1528451634.976000,2593.578366
301F5_F5-F7,70:f9:6d:c2:df:80,301wifi,-80,1528451639.827000,1528451634.976000,2583.439610
301F5_F5-F7,70:f9:6d:c1:40:20,301wifi,-76,1528451639.827000,1528451634.976000,2593.575624
301F5_F5-F7,70:f9:6d:ba:99:00,301wifi,-70,1528451639.827000,1528451634.976000,2593.575439
301F5_F5-F7,70:f9:6d:c1:1e:20,301wifi,-84,1528451639.827000,1528451634.976000,2593.578671
301F5_F5-F7,70:f9:6d:b0:24:20,301wifi,-76,1528451639.827000,1528451634.976000,2593.575746
301F5_F5-F7,70:f9:6d:bb:26:c0,301wifi,-74,1528451639.827000,1528451634.976000,2593.575517
301F5_F5-F7,70:f9:6d:c1:3f:e0,301wifi,-82,1528451639.827000,1528451634.976000,2593.578637
301F5_F5-F7,28:6c:07:5a:1c:13,iflytek_robot_0045,-73,1528451639.827000,1528451634.976000,2593.575587
301F5_F5-F7,70:f9:6d:bb:62:30,301wifi,-80,1528451639.827000,1528451634.976000,2588.662566
301F5_F5-F7,70:f9:6d:c2:e6:a0,301wifi,-56,1528451639.827000,1528451634.976000,2593.575286
301F5_F5-F7,70:f9:6d:bb:62:20,301wifi,-77,1528451639.827000,1528451634.976000,2583.439583
301F5_F5-F7,70:f9:6d:c2:e6:b0,301wifi,-56,1528451639.827000,1528451634.976000,2593.575326
301F5_F5-F7,70:f9:6d:bb:26:d0,301wifi,-76,1528451639.827000,1528451634.976000,2588.662501
301F5_F5-F7,70:f9:6d:ba:99:10,301wifi,-70,1528451639.827000,1528451634.976000,2588.661297
301F5_F5-F7,70:f9:6d:bb:30:b0,301wifi,-73,1528451639.827000,1528451634.976000,2593.575551
301F5_F5-F7,70:f9:6d:2d:45:10,301wifi,-75,1528451639.827000,1528451634.976000,2583.439508
301F5_F5-F7,70:f9:6d:bb:2f:20,301wifi,-84,1528451639.827000,1528451634.976000,2583.440476
301F5_F5-F7,70:f9:6d:c1:3f:f0,301wifi,-81,1528451639.827000,1528451634.976000,2588.664301
301F5_F5-F7,70:f9:6d:ba:51:50,301wifi,-78,1528451639.827000,1528451634.976000,2593.578521
301F5_F5-F7,0c:4b:54:96:8f:2d,TP-LINK_8F2D,-91,1528451639.827000,1528451634.976000,2588.664412
301F5_F5-F7,70:f9:6d:bb:31:10,301wifi,-85,1528451639.827000,1528451634.976000,2588.664368
301F5_F5-F7,70:f9:6d:c1:32:90,301wifi,-70,1528451639.827000,1528451634.976000,2593.575478
301F5_F5-F7,0c:da:41:20:6f:70,301wifi,-81,1528451639.827000,1528451634.976000,2593.578742
301F5_F5-F7,d8:c7:71:d5:d7:d2,Honor 9,-84,1528451639.827000,1528451634.976000,2593.578813
301F5_F5-F7,0c:da:41:1f:2c:e0,301wifi,-79,1528451639.827000,1528451634.976000,2593.578432
301F5_F5-F7,70:f9:6d:c1:97:a0,301wifi,-82,1528451639.827000,1528451634.976000,2593.578601
301F5_F5-F7,70:f9:6d:b0:24:30,301wifi,-76,1528451639.827000,1528451634.976000,2593.578476
301F5_F5-F7,70:f9:6d:c0:af:40,301wifi,-84,1528451639.827000,1528451634.976000,2593.578703
301F5_F5-F7,74:25:8a:97:2d:50,301wifi,-85,1528451639.827000,1528451634.976000,2593.578856
301F5_F5-F7,22:47:da:27:63:e4,÷©÷Î0916,-35,1528451644.645000,1528451639.874000,2598.387740
301F5_F5-F7,70:f9:6d:bb:2f:30,301wifi,-57,1528451644.645000,1528451639.874000,2598.387858
301F5_F5-F7,70:f9:6d:c1:32:80,301wifi,-71,1528451644.645000,1528451639.874000,2598.388741
301F5_F5-F7,70:f9:6d:c1:1c:30,XMZYL-link,-82,1528451644.645000,1528451639.874000,2598.390592
301F5_F5-F7,70:f9:6d:c1:43:d0,301wifi,-79,1528451644.645000,1528451639.874000,2593.578560
301F5_F5-F7,70:f9:6d:c3:1d:80,301wifi,-78,1528451644.645000,1528451639.874000,2598.389036
301F5_F5-F7,70:f9:6d:c1:40:20,301wifi,-76,1528451644.645000,1528451639.874000,2593.575624
301F5_F5-F7,70:f9:6d:ba:99:00,301wifi,-70,1528451644.645000,1528451639.874000,2598.387949
301F5_F5-F7,70:f9:6d:c1:1e:20,301wifi,-82,1528451644.645000,1528451639.874000,2598.389167
301F5_F5-F7,70:f9:6d:b0:24:20,301wifi,-76,1528451644.645000,1528451639.874000,2598.388895
301F5_F5-F7,70:f9:6d:bb:26:c0,301wifi,-69,1528451644.645000,1528451639.874000,2598.387919
301F5_F5-F7,70:f9:6d:c1:3f:e0,301wifi,-79,1528451644.645000,1528451639.874000,2598.389070
301F5_F5-F7,28:6c:07:5a:1c:13,iflytek_robot_0045,-71,1528451644.645000,1528451639.874000,2598.388777
301F5_F5-F7,70:f9:6d:bb:62:30,301wifi,-80,1528451644.645000,1528451639.874000,2588.662566
301F5_F5-F7,70:f9:6d:c2:e6:a0,301wifi,-60,1528451644.645000,1528451639.874000,2598.387826
301F5_F5-F7,70:f9:6d:c2:e6:b0,301wifi,-55,1528451644.645000,1528451639.874000,2598.387793
301F5_F5-F7,70:f9:6d:bb:26:d0,301wifi,-76,1528451644.645000,1528451639.874000,2588.662501
301F5_F5-F7,70:f9:6d:ba:99:10,301wifi,-73,1528451644.645000,1528451639.874000,2598.388836
301F5_F5-F7,70:f9:6d:bb:30:b0,301wifi,-73,1528451644.645000,1528451639.874000,2598.388808
301F5_F5-F7,70:f9:6d:c1:3f:f0,301wifi,-81,1528451644.645000,1528451639.874000,2588.664301
301F5_F5-F7,70:f9:6d:ba:51:50,301wifi,-75,1528451644.645000,1528451639.874000,2598.388866
301F5_F5-F7,0c:4b:54:96:8f:2d,TP-LINK_8F2D,-91,1528451644.645000,1528451639.874000,2588.664412
301F5_F5-F7,70:f9:6d:bb:31:10,301wifi,-85,1528451644.645000,1528451639.874000,2588.664368
301F5_F5-F7,70:f9:6d:c1:32:90,301wifi,-59,1528451644.645000,1528451639.874000,2598.387888
301F5_F5-F7,0c:da:41:20:6f:70,301wifi,-81,1528451644.645000,1528451639.874000,2598.390544
301F5_F5-F7,d8:c7:71:d5:d7:d2,Honor 9,-84,1528451644.645000,1528451639.874000,2598.390629
301F5_F5-F7,0c:da:41:1f:2c:e0,301wifi,-79,1528451644.645000,1528451639.874000,2593.578432
301F5_F5-F7,70:f9:6d:c1:97:a0,301wifi,-82,1528451644.645000,1528451639.874000,2593.578601
301F5_F5-F7,70:f9:6d:b0:24:30,301wifi,-76,1528451644.645000,1528451639.874000,2598.389138
301F5_F5-F7,70:f9:6d:c0:af:40,301wifi,-84,1528451644.645000,1528451639.874000,2598.390203
301F5_F5-F7,74:25:8a:97:2d:50,301wifi,-85,1528451644.645000,1528451639.874000,2598.390665
301F5_F5-F7,70:f9:6d:bb:5c:60,301wifi,-80,1528451644.645000,1528451639.874000,2598.389101
301F5_F5-F7,70:f9:6d:bb:31:60,301wifi,-83,1528451644.645000,1528451639.874000,2598.389197
301F5_F5-F7,22:47:da:27:63:e4,÷©÷Î0916,-39,1528451649.463000,1528451644.660000,2603.197148
301F5_F5-F7,70:f9:6d:bb:2f:30,301wifi,-62,1528451649.463000,1528451644.660000,2603.197246
301F5_F5-F7,70:f9:6d:c1:32:80,301wifi,-79,1528451649.463000,1528451644.660000,2603.200856
301F5_F5-F7,70:f9:6d:c1:1c:30,XMZYL-link,-82,1528451649.463000,1528451644.660000,2598.390592
301F5_F5-F7,70:f9:6d:c1:43:d0,301wifi,-82,1528451649.463000,1528451644.660000,2603.202431
301F5_F5-F7,70:f9:6d:c3:1d:80,301wifi,-78,1528451649.463000,1528451644.660000,2603.200783
301F5_F5-F7,70:f9:6d:c1:40:20,301wifi,-76,1528451649.463000,1528451644.660000,2593.575624
301F5_F5-F7,70:f9:6d:ba:99:00,301wifi,-70,1528451649.463000,1528451644.660000,2598.387949
301F5_F5-F7,70:f9:6d:c1:1e:20,301wifi,-82,1528451649.463000,1528451644.660000,2603.202353
301F5_F5-F7,70:f9:6d:b0:24:20,301wifi,-76,1528451649.463000,1528451644.660000,2603.200737
301F5_F5-F7,70:f9:6d:bb:26:c0,301wifi,-69,1528451649.463000,1528451644.660000,2603.197281
301F5_F5-F7,70:f9:6d:c1:3f:e0,301wifi,-79,1528451649.463000,1528451644.660000,2603.200821
301F5_F5-F7,28:6c:07:5a:1c:13,iflytek_robot_0045,-71,1528451649.463000,1528451644.660000,2603.198190
301F5_F5-F7,70:f9:6d:c2:e6:a0,301wifi,-74,1528451649.463000,1528451644.660000,2603.198149
301F5_F5-F7,70:f9:6d:c2:e6:b0,301wifi,-58,1528451649.463000,1528451644.660000,2603.197209
301F5_F5-F7,70:f9:6d:ba:99:10,301wifi,-73,1528451649.463000,1528451644.660000,2603.198270
301F5_F5-F7,70:f9:6d:bb:30:b0,301wifi,-73,1528451649.463000,1528451644.660000,2598.388808
301F5_F5-F7,70:f9:6d:c1:3f:f0,301wifi,-80,1528451649.463000,1528451644.660000,2603.202317
301F5_F5-F7,70:f9:6d:ba:51:50,301wifi,-75,1528451649.463000,1528451644.660000,2603.200668
301F5_F5-F7,0c:4b:54:96:8f:2d,TP-LINK_8F2D,-87,1528451649.463000,1528451644.660000,2603.203222
301F5_F5-F7,70:f9:6d:c1:32:90,301wifi,-67,1528451649.463000,1528451644.660000,2603.197325
301F5_F5-F7,0c:da:41:20:6f:70,301wifi,-81,1528451649.463000,1528451644.660000,2598.390544
301F5_F5-F7,d8:c7:71:d5:d7:d2,Honor 9,-84,1528451649.463000,1528451644.660000,2598.390629
301F5_F5-F7,0c:da:41:1f:2c:e0,301wifi,-79,1528451649.463000,1528451644.660000,2593.578432
301F5_F5-F7,70:f9:6d:c1:97:a0,301wifi,-82,1528451649.463000,1528451644.660000,2593.578601
301F5_F5-F7,70:f9:6d:b0:24:30,301wifi,-79,1528451649.463000,1528451644.660000,2603.202274
301F5_F5-F7,70:f9:6d:c0:af:40,301wifi,-84,1528451649.463000,1528451644.660000,2598.390203
301F5_F5-F7,74:25:8a:97:2d:50,301wifi,-85,1528451649.463000,1528451644.660000,2598.390665
301F5_F5-F7,70:f9:6d:bb:5c:60,301wifi,-80,1528451649.463000,1528451644.660000,2603.202181
301F5_F5-F7,70:f9:6d:bb:31:60,301wifi,-83,1528451649.463000,1528451644.660000,2603.202390
301F5_F5-F7,70:f9:6d:c1:3e:f0,XMZYL-link,-86,1528451649.463000,1528451644.660000,2603.202507
301F5_F5-F7,70:f9:6d:bb:26:30,301wifi,-72,1528451649.463000,1528451644.660000,2603.198228
301F5_F5-F7,70:f9:6d:c1:1e:30,301wifi,-77,1528451649.463000,1528451644.660000,2603.202228
301F5_F5-F7,70:f9:6d:c1:1b:b0,301wifi,-84,1528451649.463000,1528451644.660000,2603.202470
301F5_F5-F7,22:47:da:27:63:e4,÷©÷Î0916,-36,1528451654.365000,1528451649.483000,2608.120240
301F5_F5-F7,70:f9:6d:bb:2f:30,301wifi,-62,1528451654.365000,1528451649.483000,2608.120337
301F5_F5-F7,70:f9:6d:c1:32:80,301wifi,-79,1528451654.365000,1528451649.483000,2608.120488
301F5_F5-F7,70:f9:6d:c1:1c:30,XMZYL-link,-82,1528451654.365000,1528451649.483000,2598.390592
301F5_F5-F7,70:f9:6d:c1:43:d0,301wifi,-82,1528451654.365000,1528451649.483000,2608.120631
301F5_F5-F7,70:f9:6d:c3:1d:80,301wifi,-78,1528451654.365000,1528451649.483000,2603.200783
301F5_F5-F7,70:f9:6d:ba:99:00,301wifi,-70,1528451654.365000,1528451649.483000,2598.387949
301F5_F5-F7,70:f9:6d:c1:1e:20,301wifi,-82,1528451654.365000,1528451649.483000,2603.202353
301F5_F5-F7,70:f9:6d:b0:24:20,301wifi,-76,1528451654.365000,1528451649.483000,2603.200737
301F5_F5-F7,70:f9:6d:bb:26:c0,301wifi,-69,1528451654.365000,1528451649.483000,2603.197281
301F5_F5-F7,70:f9:6d:c1:3f:e0,301wifi,-79,1528451654.365000,1528451649.483000,2603.200821
301F5_F5-F7,28:6c:07:5a:1c:13,iflytek_robot_0045,-71,1528451654.365000,1528451649.483000,2603.198190
301F5_F5-F7,70:f9:6d:c2:e6:a0,301wifi,-74,1528451654.365000,1528451649.483000,2608.120414
301F5_F5-F7,70:f9:6d:c2:e6:b0,301wifi,-58,1528451654.365000,1528451649.483000,2608.120300
301F5_F5-F7,70:f9:6d:ba:99:10,301wifi,-73,1528451654.365000,1528451649.483000,2603.198270
301F5_F5-F7,70:f9:6d:bb:30:b0,301wifi,-73,1528451654.365000,1528451649.483000,2598.388808
301F5_F5-F7,70:f9:6d:c1:3f:f0,301wifi,-80,1528451654.365000,1528451649.483000,2608.120594
301F5_F5-F7,70:f9:6d:ba:51:50,301wifi,-75,1528451654.365000,1528451649.483000,2603.200668
301F5_F5-F7,0c:4b:54:96:8f:2d,TP-LINK_8F2D,-87,1528451654.365000,1528451649.483000,2608.120732
301F5_F5-F7,70:f9:6d:c1:32:90,301wifi,-67,1528451654.365000,1528451649.483000,2608.120375
301F5_F5-F7,0c:da:41:20:6f:70,301wifi,-81,1528451654.365000,1528451649.483000,2598.390544
301F5_F5-F7,d8:c7:71:d5:d7:d2,Honor 9,-84,1528451654.365000,1528451649.483000,2598.390629
301F5_F5-F7,70:f9:6d:b0:24:30,301wifi,-79,1528451654.365000,1528451649.483000,2608.120559
301F5_F5-F7,70:f9:6d:c0:af:40,301wifi,-84,1528451654.365000,1528451649.483000,2598.390203
301F5_F5-F7,74:25:8a:97:2d:50,301wifi,-85,1528451654.365000,1528451649.483000,2598.390665
301F5_F5-F7,70:f9:6d:bb:5c:60,301wifi,-80,1528451654.365000,1528451649.483000,2603.202181
301F5_F5-F7,70:f9:6d:bb:31:60,301wifi,-83,1528451654.365000,1528451649.483000,2603.202390
301F5_F5-F7,70:f9:6d:c1:3e:f0,XMZYL-link,-86,1528451654.365000,1528451649.483000,2608.120699
301F5_F5-F7,70:f9:6d:bb:26:30,301wifi,-72,1528451654.365000,1528451649.483000,2608.120451
301F5_F5-F7,70:f9:6d:c1:1e:30,301wifi,-77,1528451654.365000,1528451649.483000,2608.120525
301F5_F5-F7,70:f9:6d:c1:1b:b0,301wifi,-84,1528451654.365000,1528451649.483000,2608.120665
301F5_F5-F7,22:47:da:27:63:e4,÷©÷Î0916,-31,1528451659.289000,1528451654.380000,2613.025804
301F5_F5-F7,70:f9:6d:bb:2f:30,301wifi,-62,1528451659.289000,1528451654.380000,2608.120337
301F5_F5-F7,70:f9:6d:c1:32:80,301wifi,-79,1528451659.289000,1528451654.380000,2608.120488
301F5_F5-F7,70:f9:6d:c1:43:d0,301wifi,-82,1528451659.289000,1528451654.380000,2608.120631
301F5_F5-F7,70:f9:6d:c3:1d:80,301wifi,-78,1528451659.289000,1528451654.380000,2603.200783
301F5_F5-F7,70:f9:6d:c1:1e:20,301wifi,-82,1528451659.289000,1528451654.380000,2603.202353
301F5_F5-F7,70:f9:6d:b0:24:20,301wifi,-76,1528451659.289000,1528451654.380000,2603.200737
301F5_F5-F7,70:f9:6d:bb:26:c0,301wifi,-69,1528451659.289000,1528451654.380000,2603.197281
301F5_F5-F7,70:f9:6d:c1:3f:e0,301wifi,-79,1528451659.289000,1528451654.380000,2603.200821
301F5_F5-F7,28:6c:07:5a:1c:13,iflytek_robot_0045,-71,1528451659.289000,1528451654.380000,2603.198190
301F5_F5-F7,70:f9:6d:c2:e6:a0,301wifi,-74,1528451659.289000,1528451654.380000,2613.025862
301F5_F5-F7,70:f9:6d:c2:e6:b0,301wifi,-58,1528451659.289000,1528451654.380000,2608.120300
301F5_F5-F7,70:f9:6d:ba:99:10,301wifi,-73,1528451659.289000,1528451654.380000,2603.198270
301F5_F5-F7,70:f9:6d:c1:3f:f0,301wifi,-80,1528451659.289000,1528451654.380000,2608.120594
301F5_F5-F7,70:f9:6d:ba:51:50,301wifi,-75,1528451659.289000,1528451654.380000,2603.200668
301F5_F5-F7,0c:4b:54:96:8f:2d,TP-LINK_8F2D,-87,1528451659.289000,1528451654.380000,2608.120732
301F5_F5-F7,70:f9:6d:c1:32:90,301wifi,-67,1528451659.289000,1528451654.380000,2608.120375
301F5_F5-F7,70:f9:6d:b0:24:30,301wifi,-79,1528451659.289000,1528451654.380000,2608.120559
301F5_F5-F7,70:f9:6d:bb:5c:60,301wifi,-80,1528451659.289000,1528451654.380000,2603.202181
301F5_F5-F7,70:f9:6d:bb:31:60,301wifi,-83,1528451659.289000,1528451654.380000,2603.202390
301F5_F5-F7,70:f9:6d:c1:3e:f0,XMZYL-link,-86,1528451659.289000,1528451654.380000,2608.120699
301F5_F5-F7,70:f9:6d:bb:26:30,301wifi,-72,1528451659.289000,1528451654.380000,2608.120451
301F5_F5-F7,70:f9:6d:c1:1e:30,301wifi,-77,1528451659.289000,1528451654.380000,2608.120525
301F5_F5-F7,70:f9:6d:c1:1b:b0,301wifi,-84,1528451659.289000,1528451654.380000,2608.120665
301F5_F5-F7,22:47:da:27:63:e4,÷©÷Î0916,-29,1528451664.284000,1528451659.319000,2618.044093
301F5_F5-F7,70:f9:6d:bb:2f:30,301wifi,-62,1528451664.284000,1528451659.319000,2608.120337
301F5_F5-F7,70:f9:6d:c1:32:80,301wifi,-70,1528451664.284000,1528451659.319000,2618.044147
301F5_F5-F7,70:f9:6d:c1:43:d0,301wifi,-82,1528451664.284000,1528451659.319000,2608.120631
301F5_F5-F7,70:f9:6d:b0:24:20,301wifi,-73,1528451664.284000,1528451659.319000,2618.044165
301F5_F5-F7,70:f9:6d:c1:3f:e0,301wifi,-73,1528451664.284000,1528451659.319000,2618.044183
301F5_F5-F7,70:f9:6d:c2:e6:a0,301wifi,-74,1528451664.284000,1528451659.319000,2618.044199
301F5_F5-F7,70:f9:6d:c2:e6:b0,301wifi,-58,1528451664.284000,1528451659.319000,2608.120300
301F5_F5-F7,70:f9:6d:c1:3f:f0,301wifi,-80,1528451664.284000,1528451659.319000,2608.120594
301F5_F5-F7,0c:4b:54:96:8f:2d,TP-LINK_8F2D,-87,1528451664.284000,1528451659.319000,2608.120732
301F5_F5-F7,70:f9:6d:c1:32:90,301wifi,-67,1528451664.284000,1528451659.319000,2608.120375
301F5_F5-F7,70:f9:6d:b0:24:30,301wifi,-79,1528451664.284000,1528451659.319000,2608.120559
301F5_F5-F7,70:f9:6d:c1:3e:f0,XMZYL-link,-86,1528451664.284000,1528451659.319000,2608.120699
301F5_F5-F7,70:f9:6d:bb:26:30,301wifi,-72,1528451664.284000,1528451659.319000,2608.120451
301F5_F5-F7,70:f9:6d:c1:1e:30,301wifi,-77,1528451664.284000,1528451659.319000,2608.120525
301F5_F5-F7,70:f9:6d:c1:1b:b0,301wifi,-84,1528451664.284000,1528451659.319000,2608.120665
301F5_F5-F7,70:f9:6d:c1:40:20,301wifi,-53,1528451664.284000,1528451659.319000,2618.044127
301F5_F5-F7,70:f9:6d:c1:3c:a0,301wifi,-80,1528451664.284000,1528451659.319000,2618.044215
301F5_F5-F7,70:f9:6d:c3:24:60,301wifi,-81,1528451664.284000,1528451659.319000,2618.044256
301F5_F5-F7,70:f9:6d:c1:97:a0,301wifi,-86,1528451664.284000,1528451659.319000,2618.044273
301F5_F5-F7,70:f9:6d:c1:46:80,301wifi,-86,1528451664.284000,1528451659.319000,2618.044289
301F5_F5-F7,22:47:da:27:63:e4,÷©÷Î0916,-29,1528451669.105000,1528451664.293000,2622.856533
301F5_F5-F7,70:f9:6d:c1:32:80,301wifi,-66,1528451669.105000,1528451664.293000,2622.856580
301F5_F5-F7,70:f9:6d:b0:24:20,301wifi,-61,1528451669.105000,1528451664.293000,2622.856567
301F5_F5-F7,70:f9:6d:c1:3f:e0,301wifi,-73,1528451669.105000,1528451664.293000,2622.856588
301F5_F5-F7,70:f9:6d:c2:e6:a0,301wifi,-74,1528451669.105000,1528451664.293000,2622.856598
301F5_F5-F7,70:f9:6d:c1:40:20,301wifi,-45,1528451669.105000,1528451664.293000,2622.856556
301F5_F5-F7,70:f9:6d:c1:3c:a0,301wifi,-80,1528451669.105000,1528451664.293000,2622.856636
301F5_F5-F7,70:f9:6d:c3:24:60,301wifi,-75,1528451669.105000,1528451664.293000,2622.856606
301F5_F5-F7,70:f9:6d:c1:97:a0,301wifi,-86,1528451669.105000,1528451664.293000,2622.857406
301F5_F5-F7,70:f9:6d:c1:46:80,301wifi,-86,1528451669.105000,1528451664.293000,2622.857419
301F5_F5-F7,30:fc:68:bb:52:d5,301xinkang5g,-78,1528451669.105000,1528451664.293000,2622.856615
301F5_F5-F7,48:7d:2e:43:0b:29,TP-LINK_0B27-bscj,-80,1528451669.105000,1528451664.293000,2622.856653
301F5_F5-F7,0c:da:41:25:eb:80,301wifi,-78,1528451669.105000,1528451664.293000,2622.856626
301F5_F5-F7,70:f9:6d:c1:38:a0,301wifi,-80,1528451669.105000,1528451664.293000,2622.856645
301F5_F5-F7,70:f9:6d:30:26:60,301wifi,-82,1528451669.105000,1528451664.293000,2622.856662
301F5_F5-F7,70:f9:6d:c3:37:c0,301wifi,-84,1528451669.105000,1528451664.293000,2622.857387
301F5_F5-F7,22:47:da:27:63:e4,÷©÷Î0916,-29,1528451669.321000,1528451669.112000,2622.856533
301F5_F5-F7,70:f9:6d:c1:32:80,301wifi,-66,1528451669.321000,1528451669.112000,2623.058619
301F5_F5-F7,70:f9:6d:b0:24:20,301wifi,-61,1528451669.321000,1528451669.112000,2623.058610
301F5_F5-F7,70:f9:6d:c1:3f:e0,301wifi,-73,1528451669.321000,1528451669.112000,2623.058626
301F5_F5-F7,70:f9:6d:c2:e6:a0,301wifi,-74,1528451669.321000,1528451669.112000,2622.856598
301F5_F5-F7,70:f9:6d:c1:40:20,301wifi,-45,1528451669.321000,1528451669.112000,2623.058595
301F5_F5-F7,70:f9:6d:c1:3c:a0,301wifi,-80,1528451669.321000,1528451669.112000,2622.856636
301F5_F5-F7,70:f9:6d:c3:24:60,301wifi,-75,1528451669.321000,1528451669.112000,2623.058634
301F5_F5-F7,70:f9:6d:c1:97:a0,301wifi,-86,1528451669.321000,1528451669.112000,2622.857406
301F5_F5-F7,70:f9:6d:c1:46:80,301wifi,-86,1528451669.321000,1528451669.112000,2622.857419
301F5_F5-F7,30:fc:68:bb:52:d5,301xinkang5g,-78,1528451669.321000,1528451669.112000,2623.058643
301F5_F5-F7,48:7d:2e:43:0b:29,TP-LINK_0B27-bscj,-80,1528451669.321000,1528451669.112000,2623.058665
301F5_F5-F7,0c:da:41:25:eb:80,301wifi,-78,1528451669.321000,1528451669.112000,2623.058650
301F5_F5-F7,70:f9:6d:c1:38:a0,301wifi,-80,1528451669.321000,1528451669.112000,2623.058658
301F5_F5-F7,70:f9:6d:30:26:60,301wifi,-82,1528451669.321000,1528451669.112000,2623.058672
301F5_F5-F7,70:f9:6d:c3:37:c0,301wifi,-84,1528451669.321000,1528451669.112000,2623.058679
301F5_F5-F7,48:7d:2e:43:0b:27,TP-LINK_0B27-bscj,-81,1528451669.321000,1528451669.112000,2623.058686
301F5_F5-F7,22:47:da:27:63:e4,÷©÷Î0916,-35,1528451685.374000,1528451669.353000,2639.116744
301F5_F5-F7,70:f9:6d:c1:32:80,301wifi,-66,1528451685.374000,1528451669.353000,2639.116825
301F5_F5-F7,70:f9:6d:b0:24:20,301wifi,-69,1528451685.374000,1528451669.353000,2639.116860
301F5_F5-F7,70:f9:6d:c1:3f:e0,301wifi,-77,1528451685.374000,1528451669.353000,2639.117012
301F5_F5-F7,70:f9:6d:c2:e6:a0,301wifi,-74,1528451685.374000,1528451669.353000,2622.856598
301F5_F5-F7,70:f9:6d:c1:40:20,301wifi,-61,1528451685.374000,1528451669.353000,2639.116790
301F5_F5-F7,70:f9:6d:c1:3c:a0,301wifi,-80,1528451685.374000,1528451669.353000,2622.856636
301F5_F5-F7,70:f9:6d:c3:24:60,301wifi,-68,1528451685.374000,1528451669.353000,2639.116844
301F5_F5-F7,70:f9:6d:c1:97:a0,301wifi,-86,1528451685.374000,1528451669.353000,2622.857406
301F5_F5-F7,70:f9:6d:c1:46:80,301wifi,-86,1528451685.374000,1528451669.353000,2622.857419
301F5_F5-F7,30:fc:68:bb:52:d5,301xinkang5g,-78,1528451685.374000,1528451669.353000,2639.116995
301F5_F5-F7,48:7d:2e:43:0b:29,TP-LINK_0B27-bscj,-71,1528451685.374000,1528451669.353000,2639.116948
301F5_F5-F7,0c:da:41:25:eb:80,301wifi,-78,1528451685.374000,1528451669.353000,2639.117027
301F5_F5-F7,70:f9:6d:c1:38:a0,301wifi,-80,1528451685.374000,1528451669.353000,2639.117042
301F5_F5-F7,70:f9:6d:30:26:60,301wifi,-84,1528451685.374000,1528451669.353000,2639.117155
301F5_F5-F7,70:f9:6d:c3:37:c0,301wifi,-84,1528451685.374000,1528451669.353000,2628.632887
301F5_F5-F7,48:7d:2e:43:0b:27,TP-LINK_0B27-bscj,-81,1528451685.374000,1528451669.353000,2639.117187
301F5_F5-F7,70:f9:6d:c1:40:30,301wifi,-78,1528451685.374000,1528451669.353000,2639.117057
301F5_F5-F7,70:f9:6d:c1:32:90,301wifi,-69,1528451685.374000,1528451669.353000,2639.116894
301F5_F5-F7,70:f9:6d:b3:6e:20,301wifi,-81,1528451685.374000,1528451669.353000,2639.117108
301F5_F5-F7,70:f9:6d:c3:24:70,301wifi,-58,1528451685.374000,1528451669.353000,2639.116772
301F5_F5-F7,70:f9:6d:c1:2c:60,301wifi,-83,1528451685.374000,1528451669.353000,2639.117124
301F5_F5-F7,70:f9:6d:bb:62:20,301wifi,-85,1528451685.374000,1528451669.353000,2639.117171
301F5_F5-F7,30:fc:68:bb:52:d3,301xinkang,-80,1528451685.374000,1528451669.353000,2639.117071
301F5_F5-F7,e4:a7:c5:ce:9c:46,HUAWEI-9C46,-80,1528451685.374000,1528451669.353000,2639.117091
301F5_F5-F7,70:f9:6d:c3:35:90,XMZYL-link,-81,1528451685.374000,1528451669.353000,2639.117219
301F5_F5-F7,70:f9:6d:bb:26:c0,301wifi,-71,1528451685.374000,1528451669.353000,2639.116927
301F5_F5-F7,70:f9:6d:c3:27:50,301wifi,-68,1528451685.374000,1528451669.353000,2639.116877
301F5_F5-F7,70:f9:6d:c3:25:50,301wifi,-69,1528451685.374000,1528451669.353000,2639.116910
301F5_F5-F7,70:f9:6d:c1:41:b0,301wifi,-73,1528451685.374000,1528451669.353000,2639.116963
301F5_F5-F7,70:f9:6d:c1:4a:70,301wifi,-73,1528451685.374000,1528451669.353000,2639.116978
301F5_F5-F7,70:f9:6d:bc:8c:00,301wifi,-83,1528451685.374000,1528451669.353000,2639.117139
301F5_F5-F7,70:f9:6d:bb:26:d0,301wifi,-81,1528451685.374000,1528451669.353000,2639.117203
301F5_F5-F7,70:f9:6d:c1:24:90,301wifi,-82,1528451685.374000,1528451669.353000,2639.117239
301F5_F5-F7,70:f9:6d:c1:1f:70,301wifi,-82,1528451685.374000,1528451669.353000,2639.117255
301F5_F5-F7,70:f9:6d:b0:24:30,301wifi,-87,1528451685.374000,1528451669.353000,2639.117270
301F5_F5-F7,22:47:da:27:63:e4,÷©÷Î0916,-36,1528451690.280000,1528451685.417000,2644.031126
301F5_F5-F7,70:f9:6d:c1:32:80,301wifi,-69,1528451690.280000,1528451685.417000,2644.031202
301F5_F5-F7,70:f9:6d:b0:24:20,301wifi,-72,1528451690.280000,1528451685.417000,2644.031308
301F5_F5-F7,70:f9:6d:c1:3f:e0,301wifi,-78,1528451690.280000,1528451685.417000,2644.031448
301F5_F5-F7,70:f9:6d:c1:40:20,301wifi,-65,1528451690.280000,1528451685.417000,2644.031157
301F5_F5-F7,70:f9:6d:c3:24:60,301wifi,-76,1528451690.280000,1528451685.417000,2644.031429
301F5_F5-F7,30:fc:68:bb:52:d5,301xinkang5g,-78,1528451690.280000,1528451685.417000,2639.116995
301F5_F5-F7,48:7d:2e:43:0b:29,TP-LINK_0B27-bscj,-71,1528451690.280000,1528451685.417000,2644.031274
301F5_F5-F7,0c:da:41:25:eb:80,301wifi,-78,1528451690.280000,1528451685.417000,2639.117027
301F5_F5-F7,70:f9:6d:c1:38:a0,301wifi,-80,1528451690.280000,1528451685.417000,2639.117042
301F5_F5-F7,70:f9:6d:30:26:60,301wifi,-84,1528451690.280000,1528451685.417000,2644.031555
301F5_F5-F7,48:7d:2e:43:0b:27,TP-LINK_0B27-bscj,-70,1528451690.280000,1528451685.417000,2644.031256
301F5_F5-F7,70:f9:6d:c1:40:30,301wifi,-71,1528451690.280000,1528451685.417000,2644.031350
301F5_F5-F7,70:f9:6d:c1:32:90,301wifi,-68,1528451690.280000,1528451685.417000,2644.031238
301F5_F5-F7,70:f9:6d:b3:6e:20,301wifi,-81,1528451690.280000,1528451685.417000,2639.117108
301F5_F5-F7,70:f9:6d:c3:24:70,301wifi,-63,1528451690.280000,1528451685.417000,2644.031178
301F5_F5-F7,70:f9:6d:c1:2c:60,301wifi,-83,1528451690.280000,1528451685.417000,2639.117124
301F5_F5-F7,70:f9:6d:bb:62:20,301wifi,-85,1528451690.280000,1528451685.417000,2639.117171
301F5_F5-F7,30:fc:68:bb:52:d3,301xinkang,-80,1528451690.280000,1528451685.417000,2644.031521
301F5_F5-F7,e4:a7:c5:ce:9c:46,HUAWEI-9C46,-82,1528451690.280000,1528451685.417000,2644.031644
301F5_F5-F7,70:f9:6d:c3:35:90,XMZYL-link,-81,1528451690.280000,1528451685.417000,2644.031590
301F5_F5-F7,70:f9:6d:bb:26:c0,301wifi,-75,1528451690.280000,1528451685.417000,2644.031330
301F5_F5-F7,70:f9:6d:c3:27:50,301wifi,-68,1528451690.280000,1528451685.417000,2644.031221
301F5_F5-F7,70:f9:6d:c3:25:50,301wifi,-76,1528451690.280000,1528451685.417000,2644.031488
301F5_F5-F7,70:f9:6d:c1:41:b0,301wifi,-73,1528451690.280000,1528451685.417000,2644.031369
301F5_F5-F7,70:f9:6d:c1:4a:70,301wifi,-77,1528451690.280000,1528451685.417000,2644.031505
301F5_F5-F7,70:f9:6d:bc:8c:00,301wifi,-83,1528451690.280000,1528451685.417000,2644.031538
301F5_F5-F7,70:f9:6d:bb:26:d0,301wifi,-81,1528451690.280000,1528451685.417000,2644.031572
301F5_F5-F7,70:f9:6d:c1:24:90,301wifi,-74,1528451690.280000,1528451685.417000,2644.031391
301F5_F5-F7,70:f9:6d:c1:1f:70,301wifi,-82,1528451690.280000,1528451685.417000,2644.031609
301F5_F5-F7,70:f9:6d:b0:24:30,301wifi,-87,1528451690.280000,1528451685.417000,2644.031677
301F5_F5-F7,70:f9:6d:c1:3b:d0,XMZYL-link,-82,1528451690.280000,1528451685.417000,2644.031627
301F5_F5-F7,70:f9:6d:c1:1c:a0,301wifi,-79,1528451690.280000,1528451685.417000,2644.031467
301F5_F5-F7,70:f9:6d:c1:4b:70,301wifi,-75,1528451690.280000,1528451685.417000,2644.031409
301F5_F5-F7,70:f9:6d:c1:3a:90,301wifi,-85,1528451690.280000,1528451685.417000,2644.031660
301F5_F5-F7,22:47:da:27:63:e4,÷©÷Î0916,-37,1528451695.110000,1528451690.296000,2648.846490
301F5_F5-F7,70:f9:6d:c1:32:80,301wifi,-69,1528451695.110000,1528451690.296000,2648.846621
301F5_F5-F7,70:f9:6d:b0:24:20,301wifi,-72,1528451695.110000,1528451690.296000,2648.846894
301F5_F5-F7,70:f9:6d:c1:3f:e0,301wifi,-79,1528451695.110000,1528451690.296000,2648.847229
301F5_F5-F7,70:f9:6d:c1:40:20,301wifi,-72,1528451695.110000,1528451690.296000,2648.846852
301F5_F5-F7,70:f9:6d:c3:24:60,301wifi,-77,1528451695.110000,1528451690.296000,2648.847157
301F5_F5-F7,30:fc:68:bb:52:d5,301xinkang5g,-78,1528451695.110000,1528451690.296000,2639.116995
301F5_F5-F7,48:7d:2e:43:0b:29,TP-LINK_0B27-bscj,-71,1528451695.110000,1528451690.296000,2644.031274
301F5_F5-F7,0c:da:41:25:eb:80,301wifi,-78,1528451695.110000,1528451690.296000,2639.117027
301F5_F5-F7,70:f9:6d:c1:38:a0,301wifi,-80,1528451695.110000,1528451690.296000,2639.117042
301F5_F5-F7,70:f9:6d:30:26:60,301wifi,-84,1528451695.110000,1528451690.296000,2644.031555
301F5_F5-F7,48:7d:2e:43:0b:27,TP-LINK_0B27-bscj,-70,1528451695.110000,1528451690.296000,2648.846815
301F5_F5-F7,70:f9:6d:c1:40:30,301wifi,-69,1528451695.110000,1528451690.296000,2648.846776
301F5_F5-F7,70:f9:6d:c1:32:90,301wifi,-66,1528451695.110000,1528451690.296000,2648.846704
301F5_F5-F7,70:f9:6d:b3:6e:20,301wifi,-81,1528451695.110000,1528451690.296000,2639.117108
301F5_F5-F7,70:f9:6d:c3:24:70,301wifi,-63,1528451695.110000,1528451690.296000,2648.846578
301F5_F5-F7,70:f9:6d:c1:2c:60,301wifi,-83,1528451695.110000,1528451690.296000,2639.117124
301F5_F5-F7,70:f9:6d:bb:62:20,301wifi,-85,1528451695.110000,1528451690.296000,2639.117171
301F5_F5-F7,30:fc:68:bb:52:d3,301xinkang,-80,1528451695.110000,1528451690.296000,2648.847445
301F5_F5-F7,e4:a7:c5:ce:9c:46,HUAWEI-9C46,-82,1528451695.110000,1528451690.296000,2648.847687
301F5_F5-F7,70:f9:6d:c3:35:90,XMZYL-link,-81,1528451695.110000,1528451690.296000,2644.031590
301F5_F5-F7,70:f9:6d:bb:26:c0,301wifi,-75,1528451695.110000,1528451690.296000,2648.846934
301F5_F5-F7,70:f9:6d:c3:27:50,301wifi,-68,1528451695.110000,1528451690.296000,2644.031221
301F5_F5-F7,70:f9:6d:c3:25:50,301wifi,-76,1528451695.110000,1528451690.296000,2648.847300
301F5_F5-F7,70:f9:6d:c1:41:b0,301wifi,-73,1528451695.110000,1528451690.296000,2648.847055
301F5_F5-F7,70:f9:6d:c1:4a:70,301wifi,-77,1528451695.110000,1528451690.296000,2648.847332
301F5_F5-F7,70:f9:6d:bc:8c:00,301wifi,-80,1528451695.110000,1528451690.296000,2648.847266
301F5_F5-F7,70:f9:6d:bb:26:d0,301wifi,-69,1528451695.110000,1528451690.296000,2648.846740
301F5_F5-F7,70:f9:6d:c1:24:90,301wifi,-74,1528451695.110000,1528451690.296000,2648.847089
301F5_F5-F7,70:f9:6d:c1:1f:70,301wifi,-82,1528451695.110000,1528451690.296000,2644.031609
301F5_F5-F7,70:f9:6d:b0:24:30,301wifi,-77,1528451695.110000,1528451690.296000,2648.847369
301F5_F5-F7,70:f9:6d:c1:3b:d0,XMZYL-link,-82,1528451695.110000,1528451690.296000,2648.847596
301F5_F5-F7,70:f9:6d:c1:1c:a0,301wifi,-79,1528451695.110000,1528451690.296000,2648.847191
301F5_F5-F7,70:f9:6d:c1:4b:70,301wifi,-75,1528451695.110000,1528451690.296000,2648.847123
301F5_F5-F7,70:f9:6d:c1:3a:90,301wifi,-85,1528451695.110000,1528451690.296000,2648.847805
301F5_F5-F7,48:7d:2e:50:99:cb,TP-LINK_5G_99C6,-89,1528451695.110000,1528451690.296000,2648.847842
301F5_F5-F7,48:7d:2e:43:10:58,TP-LINK_1058-jqr,-83,1528451695.110000,1528451690.296000,2648.847727
301F5_F5-F7,70:f9:6d:c3:42:10,301wifi,-66,1528451695.110000,1528451690.296000,2648.846661
301F5_F5-F7,70:f9:6d:bc:8c:10,301wifi,-71,1528451695.110000,1528451690.296000,2648.847007
301F5_F5-F7,70:f9:6d:b3:71:40,301wifi,-84,1528451695.110000,1528451690.296000,2648.847479
301F5_F5-F7,70:f9:6d:c1:1c:b0,301wifi,-79,1528451695.110000,1528451690.296000,2648.847409
301F5_F5-F7,70:f9:6d:c1:3f:f0,301wifi,-81,1528451695.110000,1528451690.296000,2648.847519
301F5_F5-F7,70:f9:6d:c1:43:d0,301wifi,-81,1528451695.110000,1528451690.296000,2648.847561
301F5_F5-F7,70:f9:6d:c1:2c:70,301wifi,-84,1528451695.110000,1528451690.296000,2648.847767
301F5_F5-F7,22:47:da:27:63:e4,÷©÷Î0916,-41,1528451699.905000,1528451695.130000,2653.657526
301F5_F5-F7,70:f9:6d:c1:32:80,301wifi,-67,1528451699.905000,1528451695.130000,2653.657576
301F5_F5-F7,70:f9:6d:b0:24:20,301wifi,-72,1528451699.905000,1528451695.130000,2653.657690
301F5_F5-F7,70:f9:6d:c1:3f:e0,301wifi,-79,1528451699.905000,1528451695.130000,2653.657827
301F5_F5-F7,70:f9:6d:c1:40:20,301wifi,-72,1528451699.905000,1528451695.130000,2653.657718
301F5_F5-F7,70:f9:6d:c3:24:60,301wifi,-79,1528451699.905000,1528451695.130000,2653.657852
301F5_F5-F7,48:7d:2e:43:0b:29,TP-LINK_0B27-bscj,-71,1528451699.905000,1528451695.130000,2644.031274
301F5_F5-F7,70:f9:6d:30:26:60,301wifi,-84,1528451699.905000,1528451695.130000,2644.031555
301F5_F5-F7,48:7d:2e:43:0b:27,TP-LINK_0B27-bscj,-70,1528451699.905000,1528451695.130000,2648.846815
301F5_F5-F7,70:f9:6d:c1:40:30,301wifi,-73,1528451699.905000,1528451695.130000,2653.657801
301F5_F5-F7,70:f9:6d:c1:32:90,301wifi,-68,1528451699.905000,1528451695.130000,2653.657661
301F5_F5-F7,70:f9:6d:c3:24:70,301wifi,-82,1528451699.905000,1528451695.130000,2653.658063
301F5_F5-F7,30:fc:68:bb:52:d3,301xinkang,-80,1528451699.905000,1528451695.130000,2648.847445
301F5_F5-F7,e4:a7:c5:ce:9c:46,HUAWEI-9C46,-80,1528451699.905000,1528451695.130000,2653.657979
301F5_F5-F7,70:f9:6d:c3:35:90,XMZYL-link,-81,1528451699.905000,1528451695.130000,2644.031590
301F5_F5-F7,70:f9:6d:bb:26:c0,301wifi,-73,1528451699.905000,1528451695.130000,2653.657744
301F5_F5-F7,70:f9:6d:c3:27:50,301wifi,-68,1528451699.905000,1528451695.130000,2644.031221
301F5_F5-F7,70:f9:6d:c3:25:50,301wifi,-76,1528451699.905000,1528451695.130000,2648.847300
301F5_F5-F7,70:f9:6d:c1:41:b0,301wifi,-73,1528451699.905000,1528451695.130000,2648.847055
301F5_F5-F7,70:f9:6d:c1:4a:70,301wifi,-77,1528451699.905000,1528451695.130000,2648.847332
301F5_F5-F7,70:f9:6d:bc:8c:00,301wifi,-80,1528451699.905000,1528451695.130000,2653.657875
301F5_F5-F7,70:f9:6d:bb:26:d0,301wifi,-71,1528451699.905000,1528451695.130000,2653.657776
301F5_F5-F7,70:f9:6d:c1:24:90,301wifi,-74,1528451699.905000,1528451695.130000,2648.847089
301F5_F5-F7,70:f9:6d:c1:1f:70,301wifi,-82,1528451699.905000,1528451695.130000,2644.031609
301F5_F5-F7,70:f9:6d:b0:24:30,301wifi,-78,1528451699.905000,1528451695.130000,2653.657923
301F5_F5-F7,70:f9:6d:c1:3b:d0,XMZYL-link,-82,1528451699.905000,1528451695.130000,2648.847596
301F5_F5-F7,70:f9:6d:c1:1c:a0,301wifi,-79,1528451699.905000,1528451695.130000,2648.847191
301F5_F5-F7,70:f9:6d:c1:4b:70,301wifi,-75,1528451699.905000,1528451695.130000,2648.847123
301F5_F5-F7,70:f9:6d:c1:3a:90,301wifi,-85,1528451699.905000,1528451695.130000,2648.847805
301F5_F5-F7,48:7d:2e:50:99:cb,TP-LINK_5G_99C6,-89,1528451699.905000,1528451695.130000,2653.658303
301F5_F5-F7,48:7d:2e:43:10:58,TP-LINK_1058-jqr,-83,1528451699.905000,1528451695.130000,2653.658087
301F5_F5-F7,70:f9:6d:c3:42:10,301wifi,-68,1528451699.905000,1528451695.130000,2653.657605
301F5_F5-F7,70:f9:6d:bc:8c:10,301wifi,-79,1528451699.905000,1528451695.130000,2653.657950
301F5_F5-F7,70:f9:6d:b3:71:40,301wifi,-84,1528451699.905000,1528451695.130000,2653.658008
301F5_F5-F7,70:f9:6d:c1:1c:b0,301wifi,-76,1528451699.905000,1528451695.130000,2653.657898
301F5_F5-F7,70:f9:6d:c1:3f:f0,301wifi,-81,1528451699.905000,1528451695.130000,2653.658035
301F5_F5-F7,70:f9:6d:c1:43:d0,301wifi,-85,1528451699.905000,1528451695.130000,2653.658191
301F5_F5-F7,70:f9:6d:c1:2c:70,301wifi,-84,1528451699.905000,1528451695.130000,2653.658136
301F5_F5-F7,02:21:43:a8:c0:b9,wangqing,-83,1528451699.905000,1528451695.130000,2653.658111
301F5_F5-F7,d8:c7:71:d5:d7:d2,Honor 9,-84,1528451699.905000,1528451695.130000,2653.658161
301F5_F5-F7,22:47:da:27:63:e4,÷©÷Î0916,-44,1528451706.513000,1528451699.926000,2660.249806
301F5_F5-F7,70:f9:6d:c1:32:80,301wifi,-60,1528451706.513000,1528451699.926000,2660.250412
301F5_F5-F7,70:f9:6d:b0:24:20,301wifi,-80,1528451706.513000,1528451699.926000,2660.250639
301F5_F5-F7,70:f9:6d:c1:3f:e0,301wifi,-79,1528451706.513000,1528451699.926000,2653.657827
301F5_F5-F7,70:f9:6d:c1:40:20,301wifi,-79,1528451706.513000,1528451699.926000,2660.250617
301F5_F5-F7,70:f9:6d:c3:24:60,301wifi,-79,1528451706.513000,1528451699.926000,2653.657852
301F5_F5-F7,48:7d:2e:43:0b:27,TP-LINK_0B27-bscj,-70,1528451706.513000,1528451699.926000,2648.846815
301F5_F5-F7,70:f9:6d:c1:40:30,301wifi,-73,1528451706.513000,1528451699.926000,2653.657801
301F5_F5-F7,70:f9:6d:c1:32:90,301wifi,-79,1528451706.513000,1528451699.926000,2660.250708
301F5_F5-F7,70:f9:6d:c3:24:70,301wifi,-82,1528451706.513000,1528451699.926000,2653.658063
301F5_F5-F7,30:fc:68:bb:52:d3,301xinkang,-80,1528451706.513000,1528451699.926000,2648.847445
301F5_F5-F7,e4:a7:c5:ce:9c:46,HUAWEI-9C46,-80,1528451706.513000,1528451699.926000,2653.657979
301F5_F5-F7,70:f9:6d:bb:26:c0,301wifi,-73,1528451706.513000,1528451699.926000,2653.657744
301F5_F5-F7,70:f9:6d:c3:25:50,301wifi,-76,1528451706.513000,1528451699.926000,2648.847300
301F5_F5-F7,70:f9:6d:c1:41:b0,301wifi,-73,1528451706.513000,1528451699.926000,2648.847055
301F5_F5-F7,70:f9:6d:c1:4a:70,301wifi,-77,1528451706.513000,1528451699.926000,2648.847332
301F5_F5-F7,70:f9:6d:bc:8c:00,301wifi,-80,1528451706.513000,1528451699.926000,2653.657875
301F5_F5-F7,70:f9:6d:bb:26:d0,301wifi,-79,1528451706.513000,1528451699.926000,2660.250686
301F5_F5-F7,70:f9:6d:c1:24:90,301wifi,-74,1528451706.513000,1528451699.926000,2648.847089
301F5_F5-F7,70:f9:6d:b0:24:30,301wifi,-74,1528451706.513000,1528451699.926000,2660.250568
301F5_F5-F7,70:f9:6d:c1:3b:d0,XMZYL-link,-82,1528451706.513000,1528451699.926000,2648.847596
301F5_F5-F7,70:f9:6d:c1:1c:a0,301wifi,-68,1528451706.513000,1528451699.926000,2660.250470
301F5_F5-F7,70:f9:6d:c1:4b:70,301wifi,-75,1528451706.513000,1528451699.926000,2648.847123
301F5_F5-F7,70:f9:6d:c1:3a:90,301wifi,-85,1528451706.513000,1528451699.926000,2648.847805
301F5_F5-F7,48:7d:2e:50:99:cb,TP-LINK_5G_99C6,-89,1528451706.513000,1528451699.926000,2653.658303
301F5_F5-F7,48:7d:2e:43:10:58,TP-LINK_1058-jqr,-85,1528451706.513000,1528451699.926000,2660.250751
301F5_F5-F7,70:f9:6d:c3:42:10,301wifi,-63,1528451706.513000,1528451699.926000,2660.250447
301F5_F5-F7,70:f9:6d:bc:8c:10,301wifi,-79,1528451706.513000,1528451699.926000,2653.657950
301F5_F5-F7,70:f9:6d:b3:71:40,301wifi,-84,1528451706.513000,1528451699.926000,2653.658008
301F5_F5-F7,70:f9:6d:c1:1c:b0,301wifi,-66,1528451706.513000,1528451699.926000,2660.250493
301F5_F5-F7,70:f9:6d:c1:3f:f0,301wifi,-81,1528451706.513000,1528451699.926000,2653.658035
301F5_F5-F7,70:f9:6d:c1:43:d0,301wifi,-85,1528451706.513000,1528451699.926000,2653.658191
301F5_F5-F7,70:f9:6d:c1:2c:70,301wifi,-84,1528451706.513000,1528451699.926000,2653.658136
301F5_F5-F7,02:21:43:a8:c0:b9,wangqing,-83,1528451706.513000,1528451699.926000,2653.658111
301F5_F5-F7,d8:c7:71:d5:d7:d2,Honor 9,-84,1528451706.513000,1528451699.926000,2653.658161
301F5_F5-F7,70:f9:6d:c3:42:00,301wifi,-78,1528451706.513000,1528451699.926000,2660.250592
301F5_F5-F7,70:f9:6d:c1:2c:60,301wifi,-80,1528451706.513000,1528451699.926000,2660.250662
301F5_F5-F7,70:f9:6d:c1:97:b0,301wifi,-74,1528451706.513000,1528451699.926000,2660.250517
301F5_F5-F7,70:f9:6d:bc:5f:40,301wifi,-82,1528451706.513000,1528451699.926000,2660.250729
301F5_F5-F7,70:f9:6d:c1:38:b0,301wifi,-86,1528451706.513000,1528451699.926000,2660.250773
301F5_F5-F7,22:47:da:27:63:e4,÷©÷Î0916,-44,1528451706.560000,1528451706.533000,2660.249806
301F5_F5-F7,70:f9:6d:c1:32:80,301wifi,-60,1528451706.560000,1528451706.533000,2660.250412
301F5_F5-F7,70:f9:6d:b0:24:20,301wifi,-80,1528451706.560000,1528451706.533000,2660.250639
301F5_F5-F7,70:f9:6d:c1:3f:e0,301wifi,-79,1528451706.560000,1528451706.533000,2653.657827
301F5_F5-F7,70:f9:6d:c1:40:20,301wifi,-79,1528451706.560000,1528451706.533000,2660.250617
301F5_F5-F7,70:f9:6d:c3:24:60,301wifi,-79,1528451706.560000,1528451706.533000,2653.657852
301F5_F5-F7,48:7d:2e:43:0b:27,TP-LINK_0B27-bscj,-70,1528451706.560000,1528451706.533000,2648.846815
301F5_F5-F7,70:f9:6d:c1:40:30,301wifi,-73,1528451706.560000,1528451706.533000,2653.657801
301F5_F5-F7,70:f9:6d:c1:32:90,301wifi,-79,1528451706.560000,1528451706.533000,2660.250708
301F5_F5-F7,70:f9:6d:c3:24:70,301wifi,-82,1528451706.560000,1528451706.533000,2653.658063
301F5_F5-F7,30:fc:68:bb:52:d3,301xinkang,-80,1528451706.560000,1528451706.533000,2648.847445
301F5_F5-F7,e4:a7:c5:ce:9c:46,HUAWEI-9C46,-80,1528451706.560000,1528451706.533000,2653.657979
301F5_F5-F7,70:f9:6d:bb:26:c0,301wifi,-73,1528451706.560000,1528451706.533000,2653.657744
301F5_F5-F7,70:f9:6d:c3:25:50,301wifi,-76,1528451706.560000,1528451706.533000,2648.847300
301F5_F5-F7,70:f9:6d:c1:41:b0,301wifi,-73,1528451706.560000,1528451706.533000,2648.847055
301F5_F5-F7,70:f9:6d:c1:4a:70,301wifi,-77,1528451706.560000,1528451706.533000,2648.847332
301F5_F5-F7,70:f9:6d:bc:8c:00,301wifi,-80,1528451706.560000,1528451706.533000,2653.657875
301F5_F5-F7,70:f9:6d:bb:26:d0,301wifi,-79,1528451706.560000,1528451706.533000,2660.250686
301F5_F5-F7,70:f9:6d:c1:24:90,301wifi,-74,1528451706.560000,1528451706.533000,2648.847089
301F5_F5-F7,70:f9:6d:b0:24:30,301wifi,-74,1528451706.560000,1528451706.533000,2660.250568
301F5_F5-F7,70:f9:6d:c1:3b:d0,XMZYL-link,-82,1528451706.560000,1528451706.533000,2648.847596
301F5_F5-F7,70:f9:6d:c1:1c:a0,301wifi,-68,1528451706.560000,1528451706.533000,2660.250470
301F5_F5-F7,70:f9:6d:c1:4b:70,301wifi,-75,1528451706.560000,1528451706.533000,2648.847123
301F5_F5-F7,70:f9:6d:c1:3a:90,301wifi,-85,1528451706.560000,1528451706.533000,2648.847805
301F5_F5-F7,48:7d:2e:50:99:cb,TP-LINK_5G_99C6,-89,1528451706.560000,1528451706.533000,2653.658303
301F5_F5-F7,48:7d:2e:43:10:58,TP-LINK_1058-jqr,-85,1528451706.560000,1528451706.533000,2660.250751
301F5_F5-F7,70:f9:6d:c3:42:10,301wifi,-63,1528451706.560000,1528451706.533000,2660.250447
301F5_F5-F7,70:f9:6d:bc:8c:10,301wifi,-79,1528451706.560000,1528451706.533000,2653.657950
301F5_F5-F7,70:f9:6d:b3:71:40,301wifi,-84,1528451706.560000,1528451706.533000,2653.658008
301F5_F5-F7,70:f9:6d:c1:1c:b0,301wifi,-66,1528451706.560000,1528451706.533000,2660.250493
301F5_F5-F7,70:f9:6d:c1:3f:f0,301wifi,-81,1528451706.560000,1528451706.533000,2653.658035
301F5_F5-F7,70:f9:6d:c1:43:d0,301wifi,-85,1528451706.560000,1528451706.533000,2653.658191
301F5_F5-F7,70:f9:6d:c1:2c:70,301wifi,-84,1528451706.560000,1528451706.533000,2653.658136
301F5_F5-F7,02:21:43:a8:c0:b9,wangqing,-83,1528451706.560000,1528451706.533000,2653.658111
301F5_F5-F7,d8:c7:71:d5:d7:d2,Honor 9,-84,1528451706.560000,1528451706.533000,2653.658161
301F5_F5-F7,70:f9:6d:c3:42:00,301wifi,-78,1528451706.560000,1528451706.533000,2660.250592
301F5_F5-F7,70:f9:6d:c1:2c:60,301wifi,-80,1528451706.560000,1528451706.533000,2660.250662
301F5_F5-F7,70:f9:6d:c1:97:b0,301wifi,-74,1528451706.560000,1528451706.533000,2660.250517
301F5_F5-F7,70:f9:6d:bc:5f:40,301wifi,-82,1528451706.560000,1528451706.533000,2660.250729
301F5_F5-F7,70:f9:6d:c1:38:b0,301wifi,-86,1528451706.560000,1528451706.533000,2660.250773
