0,0,0,-3.16877,0,-2.26971,13.4146,-35.0818,1,2.46
0.00514205,-0.502287,0.502313,-3.15183,0.0169365,-5.05231,12.323,-35.1286,2,2.927
0.00514205,-0.502287,0,-3.15305,-0.00121686,-4.86031,11.4606,-37.3634,3,4.001
0.0799425,-1.04123,0.544104,3.00368,6.15673,3.35242,16.149,-38.544,4,4.669
0.092167,-1.63053,0.589432,-3.16233,-6.16602,-0.412337,16.3953,-38.9202,5,5.277
0.162459,-2.17493,0.548919,3.01318,6.17552,5.11428,18.0018,-39.0572,6,5.904
0.0956508,-2.73704,0.566069,-3.02329,-6.03648,-0.111985,19.0318,-40.0138,7,6.476
0.130223,-3.40465,0.668505,-3.19333,-0.170037,4.78968,19.1114,-41.3145,8,7.02
0.0552011,-4.00358,0.60361,-3.01698,0.176349,-3.84165,13.6538,-44.4577,9,7.608
0.105492,-4.60414,0.602663,-3.22514,-0.208155,7.67508,18.5779,-43.6926,10,8.193
0.066812,-5.19798,0.595091,-3.07655,0.148588,2.17159,14.3968,-45.3498,11,8.783
0.113057,-5.82495,0.628677,-3.21522,-0.138669,10.4154,15.635,-45.806,12,9.349
0.0561029,-6.4356,0.613301,-3.04859,0.166625,1.5018,9.49361,-49.0702,13,9.917
0.0615651,-7.0304,0.594823,-3.15078,-0.102182,12.0828,16.0205,-47.3099,14,10.464
0.00902529,-7.56329,0.535473,-3.04332,0.10746,3.85011,16.6775,-50.4794,15,11.091
0.0511964,-8.14586,0.584099,-3.21385,-0.170538,9.48566,15.4302,-49.6434,16,11.643
-0.0199626,-8.73489,0.593316,-3.02137,0.192485,2.93616,19.9509,-50.644,17,12.246
0.00934984,-9.34528,0.611094,-3.18958,-0.168209,5.6214,19.4391,-50.616,18,12.834
-0.0539459,-9.95628,0.614262,-3.03837,0.151212,-2.27112,16.0509,-51.9679,19,13.4
0.0119369,-10.5798,0.626988,-3.24687,-0.208499,5.21157,15.6653,-51.7719,20,13.952
-0.0323434,-11.1434,0.565315,-3.06318,0.183681,2.88576,21.7415,-50.2361,21,14.596
0.00228118,-11.7244,0.582038,-3.20112,-0.137932,8.78978,22.2748,-50.0585,22,15.205
-0.174691,-12.3427,0.643193,-2.86285,0.338265,-3.63945,21.4169,-52.2722,23,15.752
-0.218371,-12.9846,0.643359,-3.07365,-0.210795,2.4049,26.2764,-47.8008,24,16.258
-0.335241,-13.6909,0.715921,-2.97761,0.0960318,-0.73558,23.4571,-50.2756,25,16.621
-0.576442,-14.236,0.596054,-2.72498,0.252633,-12.118,19.6003,-51.8355,26,17.087
-1.0991,-14.609,0.642087,-2.1906,0.534381,-19.2323,0.541378,-52.2316,27,17.451
-1.71584,-14.6941,0.622582,-1.70787,0.482729,-11.3125,-11.5238,-51.3319,28,17.938
-2.17031,-14.5746,0.469907,-1.31375,0.394124,1.93615,-13.3272,-49.0664,29,18.729
-2.7473,-14.5104,0.580554,-1.45993,-0.146184,-1.04405,-14.5873,-47.0931,30,19.336
-3.29316,-14.4398,0.550411,-1.44218,0.0177522,-3.9445,-12.8385,-43.9209,31,19.966
-3.9215,-14.4344,0.628364,-1.56218,-0.120003,-8.19059,-12.414,-43.2503,32,20.512
-4.48085,-14.3641,0.563744,-1.44582,0.116362,-3.06585,-14.9764,-40.1068,33,21.16
-5.16886,-14.3802,0.688198,-1.59426,-0.148442,-7.20497,-13.2826,-38.192,34,21.667
-5.73781,-14.3275,0.571391,-1.47832,0.115945,-0.453218,-15.6256,-37.2479,35,22.297
-6.35907,-14.3439,0.621476,-1.59717,-0.118858,-3.91266,-15.4937,-37.8179,36,22.863
-6.93229,-14.2625,0.578973,-1.42978,0.167392,4.75401,-16.4861,-37.5435,37,23.47
-7.55692,-14.2846,0.625023,-1.6062,-0.176418,-5.21931,-14.5312,-39.8539,38,24.017
-8.13872,-14.2087,0.586728,-1.44102,0.165181,3.64874,-17.3724,-37.7801,39,24.627
-8.65396,-14.2398,0.516186,-1.63117,-0.190155,-8.49952,-14.6847,-39.3263,40,25.319
-9.37058,-14.1315,0.72476,-1.42075,0.210424,0.604349,-14.1311,-39.5556,41,25.799
-9.918,-14.1447,0.547577,-1.59493,-0.174181,-8.15693,-11.4944,-38.4364,42,26.448
-10.567,-14.0453,0.656579,-1.41878,0.17615,-1.01353,-14.4595,-36.7802,43,26.996
-11.1963,-14.0052,0.630524,-1.50718,-0.0883946,-9.18308,-12.8009,-33.6268,44,27.545
-11.7122,-13.8605,0.535888,-1.29744,0.209737,-0.511164,-15.2626,-30.3893,45,28.251
-12.371,-13.8237,0.65983,-1.51495,-0.217509,-7.58149,-17.2145,-26.4316,46,28.695
-12.845,-13.5782,0.53381,-1.09289,0.422063,11.0104,-16.5124,-24.8217,47,29.343
-12.7672,-13.1741,0.411513,0.190359,1.28324,-7.60686,18.0438,-31.6148,48,30.134
-12.7672,-13.1741,0,1.47128,1.28092,-10.0075,-21.7788,-33.6503,49,31.006
-12.2677,-13.1944,0.499927,1.61135,0.14007,-4.34992,-23.534,-37.0885,50,31.694
-11.7121,-13.2547,0.558847,1.67901,0.0676573,0.651323,-23.7179,-38.1484,51,32.261
-11.1402,-13.2647,0.57196,1.58827,-0.090736,0.717731,-26.9991,-36.2273,52,32.833
-10.5611,-13.2927,0.579752,1.61912,0.0308443,3.4659,-28.704,-36.3965,53,33.437
-9.95879,-13.303,0.602435,1.58793,-0.0311883,2.03432,-27.0758,-37.2843,54,33.984
-9.40906,-13.3487,0.551623,1.65359,0.065657,7.3533,-29.2555,-33.7951,55,34.612
-8.81673,-13.309,0.593654,1.50398,-0.14961,0.676814,-27.3038,-33.514,56,35.138
-8.24772,-13.3136,0.569028,1.5788,0.0748202,-0.596824,-26.4788,-35.4318,57,35.748
-7.65667,-13.2636,0.59316,1.48639,-0.092412,-2.75478,-27.8419,-35.2764,58,36.334
-7.06946,-13.2905,0.587837,1.61668,0.130299,1.76811,-28.286,-37.0465,59,36.923
-6.42964,-13.2187,0.643826,1.45907,-0.157614,-1.50395,-29.1816,-37.2596,60,37.47
-5.8544,-13.2307,0.575371,1.59152,0.132451,2.48523,-28.3304,-38.9417,61,38.1
-5.16453,-13.1705,0.692489,1.48375,-0.107771,1.14967,-27.3474,-41.8984,62,38.604
-4.59213,-13.194,0.57288,1.61192,0.128166,1.27006,-27.328,-46.3281,63,39.23
-3.98657,-13.1459,0.607472,1.49154,-0.120379,-1.66283,-26.8672,-50.2896,64,39.821
-3.42622,-13.1523,0.560389,1.58213,0.0905959,-0.384038,-24.6168,-52.871,65,40.406
-2.79885,-13.1059,0.629082,1.49699,-0.0851407,0.0426038,-27.4478,-51.6239,66,40.973
-2.24704,-13.1336,0.552507,1.62106,0.12407,6.41311,-27.2383,-49.514,67,41.606
-1.60045,-13.0728,0.64944,1.477,-0.144064,2.46826,-31.4919,-46.1806,68,42.129
-1.02806,-13.1047,0.573279,1.62653,0.149528,8.91772,-30.5007,-45.4008,69,42.798
-0.394488,-13.0372,0.63716,1.46466,-0.161865,0.135115,-32.5262,-44.3551,70,43.346
0.245666,-13.0803,0.641601,1.63795,0.173293,8.62106,-31.1216,-43.5544,71,43.911
0.893145,-13.0058,0.651746,1.45629,-0.181662,-0.858911,-34.6377,-41.6232,72,44.458
1.46437,-13.0041,0.571232,1.56773,0.111438,6.36946,-36.5276,-41.3361,73,45.045
2.08686,-12.9373,0.62605,1.46398,-0.103755,3.17906,-42.1969,-41.0021,74,45.614
2.67396,-12.9269,0.587201,1.55299,0.089013,7.11833,-42.913,-42.0701,75,46.243
3.3397,-12.8095,0.675998,1.39633,-0.156656,-0.99603,-46.9362,-42.406,76,46.788
3.92573,-12.7903,0.586348,1.53789,0.14156,9.86052,-42.5168,-40.4903,77,47.396
4.57597,-12.7087,0.655335,1.44602,-0.0918684,3.1875,-41.5607,-38.1157,78,47.922
5.16323,-12.7204,0.587374,1.59066,0.144636,8.66271,-36.7444,-36.1419,79,48.531
5.78598,-12.6463,0.627135,1.45243,-0.138228,-2.35424,-36.2003,-38.0056,80,49.077
6.35746,-12.6576,0.571593,1.59059,0.138157,4.5914,-33.5865,-39.7061,81,49.704
7.03274,-12.5952,0.678169,1.4786,-0.111991,-0.352504,-34.0351,-40.5643,82,50.214
7.60031,-12.5924,0.567574,1.56581,0.0872127,1.22083,-28.2362,-43.6897,83,50.859
8.19471,-12.4998,0.601562,1.41629,-0.149517,-0.575868,-31.6676,-42.7113,84,51.407
8.80692,-12.5075,0.612258,1.58341,0.16712,6.8298,-28.1073,-43.5249,85,51.995
9.46281,-12.3735,0.66944,1.36924,-0.214173,1.88068,-32.2825,-41.5642,86,52.501
10.0222,-12.3479,0.55995,1.52507,0.155826,5.72175,-27.5092,-43.1663,87,53.112
10.6197,-12.2542,0.60479,1.41529,-0.109779,2.63104,-28.7806,-43.1982,88,53.655
11.1788,-12.2722,0.559458,1.60296,0.187676,10.9223,-25.0405,-42.9576,89,54.305
11.815,-12.1728,0.643863,1.41585,-0.187109,5.58502,-30.9007,-39.975,90,54.832
12.4156,-12.1912,0.6009,1.60134,0.185487,7.79039,-27.463,-41.4201,91,55.437
13.0182,-12.1195,0.606872,1.45241,-0.148928,2.30623,-34.6557,-39.734,92,56.025
13.6219,-12.1295,0.60375,1.58727,0.134859,7.99332,-30.4167,-43.7853,93,56.633
14.2214,-12.0331,0.60719,1.41149,-0.175783,2.37723,-31.9105,-42.9849,94,57.16
14.8289,-12.0664,0.608404,1.62549,0.214001,10.0965,-24.1181,-43.7049,95,57.748
15.4541,-11.9729,0.632143,1.42233,-0.203158,1.89369,-24.3794,-44.0135,96,58.299
16.0257,-12.0004,0.572243,1.6189,0.196565,2.06962,-18.7673,-45.9794,97,58.922
16.6434,-11.9277,0.62196,1.45362,-0.165274,-1.35027,-21.9464,-45.9198,98,59.49
17.2315,-11.9257,0.588138,1.56739,0.113769,1.93236,-22.2918,-48.5502,99,60.097
17.9013,-11.7796,0.685538,1.35608,-0.211317,0.0704,-24.6695,-49.0615,100,60.603
18.7007,-11.6782,0.805817,1.44454,0.0884621,3.77666,-23.408,-48.8549,101,60.948
19.4665,-11.6189,0.768139,1.49353,0.0489922,6.02386,-25.3159,-47.0964,102,61.354
19.917,-11.4463,0.482385,1.20502,-0.288512,-6.09671,-20.3759,-50.236,103,62.041
19.917,-11.4463,0,0.0932521,-1.11177,-9.02793,17.9914,-50.0835,104,63.196
19.9122,-10.903,0.543355,-0.00891729,-0.102169,-8.33871,14.2441,-49.2396,105,63.845
19.9246,-10.3891,0.51406,0.0242855,0.0332028,-10.1589,9.77515,-45.2774,106,64.534
19.8633,-9.81309,0.579251,-0.106088,-0.130373,-9.18914,8.87101,-37.9753,107,65.141
19.9037,-9.22933,0.585156,0.0690043,0.175092,-11.1987,7.88895,-29.4179,108,65.75
19.8156,-8.64249,0.593412,-0.148957,-0.217961,-10.9279,10.7654,-28.0352,109,66.318
19.8573,-8.08042,0.563618,0.0741165,0.223074,-15.5802,7.27502,-31.6451,110,66.966
19.9073,-7.44076,0.641605,0.0778955,0.00377897,-17.9527,5.17333,-33.7791,111,67.535
20.1043,-6.87873,0.59557,0.337218,0.259323,-20.5173,-3.0143,-34.96,112,68.16
20.2897,-6.29318,0.614202,0.306608,-0.0306102,-24.0246,-0.459795,-36.9177,113,68.713
20.5809,-5.81364,0.561012,0.545691,0.239083,-29.1748,-6.32931,-40.5289,114,69.336
20.8064,-5.26911,0.589407,0.392743,-0.152948,-29.0119,8.6036,-39.7552,115,69.923
21.0728,-4.71616,0.613779,0.448974,0.0562311,-25.6174,10.3247,-41.554,116,70.511
21.2483,-4.10732,0.633618,0.280548,-0.168426,-19.171,17.0305,-43.0467,117,71.065
21.4592,-3.58824,0.560283,0.385932,0.105384,-19.7487,11.8841,-43.0603,118,71.686
21.55,-2.95941,0.635357,0.143412,-0.242519,-14.0057,19.081,-44.5306,119,72.211
21.6859,-2.47772,0.50049,0.275005,0.131592,-18.0698,17.4245,-43.0519,120,72.88
21.8194,-1.89092,0.601804,0.223748,-0.0512572,-18.6214,13.9779,-42.3351,121,73.427
22.1027,-1.37598,0.587696,0.502862,0.279115,-19.3056,5.19582,-40.907,122,74.036
22.2942,-0.811102,0.596463,0.326898,-0.175964,-18.8046,3.78574,-37.4495,123,74.584
22.5155,-0.257764,0.595971,0.380535,0.0536374,-21.2201,5.22448,-36.3555,124,75.22
22.6179,0.367872,0.633948,0.16212,-0.218415,-23.9078,11.7541,-35.5569,125,75.759
22.7861,0.900743,0.558804,0.305846,0.143726,-25.8002,5.06845,-36.8465,126,76.393
22.8787,1.52722,0.633286,0.146768,-0.159078,-24.8288,5.19757,-34.9413,127,76.953
23.0165,2.08072,0.570382,0.243872,0.0971044,-26.4248,-1.76673,-32.1822,128,77.541
23.0498,2.68473,0.604926,0.0551575,-0.188715,-27.4143,1.32466,-27.1949,129,78.128
23.1506,3.24808,0.572287,0.17696,0.121803,-28.7424,-5.43489,-23.9211,130,78.735
23.1351,3.82708,0.579209,-0.0266049,-0.203565,-25.2024,3.75855,-20.9059,131,79.345
23.1524,4.43145,0.604617,0.0286026,0.0552075,-19.2329,2.27947,-24.8373,132,79.992
22.9448,4.98439,0.590644,-0.359261,-0.387864,-13.6679,8.87948,-26.8484,133,80.565
22.8259,5.45662,0.486972,-0.246656,0.112606,-9.95504,11.2253,-26.1403,134,81.327
22.4451,6.06317,0.716157,-0.560587,-0.313932,-5.07607,13.3614,-26.864,135,81.652
21.8478,6.32265,0.651239,-1.16098,-0.600389,2.97063,10.4606,-28.7497,136,82.057
21.1601,6.31176,0.68778,-1.58664,-0.425658,9.20886,4.75825,-28.9498,137,82.462
20.6485,6.23331,0.517582,-1.72295,-0.136317,8.28007,5.78491,-30.1625,138,83.172
20.0625,6.22392,0.58608,-1.58681,0.136139,8.09239,6.16616,-32.7364,139,83.779
19.5051,6.13425,0.564591,-1.73029,-0.143479,4.00666,9.23569,-33.2028,140,84.388
18.9347,6.14251,0.570478,-1.55633,0.173966,-2.34035,10.6629,-33.8779,141,84.976
18.3031,6.09901,0.633018,-1.63957,-0.0832443,-0.623397,7.92455,-34.3921,142,85.504
17.7354,6.07855,0.568131,-1.60681,0.0327637,-1.41397,6.4106,-34.321,143,86.129
17.1206,5.99288,0.620731,-1.70925,-0.102444,0.0488456,4.13465,-35.4101,144,86.698
16.5531,6.02143,0.568184,-1.52054,0.18871,0.831951,-0.327352,-34.6348,145,87.347
15.8973,5.96367,0.658361,-1.65863,-0.138091,0.326067,-2.08303,-33.7763,146,87.873
15.311,5.95778,0.58631,-1.58084,0.0777946,2.22912,-1.16345,-35.3376,147,88.499
14.7398,5.84609,0.582037,-1.7639,-0.18306,-0.741923,-2.04302,-35.1447,148,89.108
14.1107,5.84005,0.629139,-1.5804,0.183497,0.451134,-3.58747,-34.8263,149,89.695
13.4724,5.74678,0.645097,-1.71589,-0.135488,-1.53576,-5.46101,-34.0414,150,90.242
12.8695,5.74021,0.602934,-1.58168,0.134205,1.70763,-7.98675,-34.423,151,90.85
12.2752,5.60555,0.60936,-1.79362,-0.211936,1.06441,-8.5459,-34.3253,152,91.437
11.6667,5.53297,0.612778,-1.68953,0.104089,4.13249,-7.83535,-35.5645,153,92.024
11.0685,5.36099,0.622437,-1.85074,-0.161211,0.174579,-4.04453,-35.6146,154,92.573
10.4657,5.33183,0.603469,-1.61913,0.231615,4.77717,-4.68685,-37.3211,155,93.182
9.81752,5.20327,0.660839,-1.76658,-0.147453,1.87039,-3.38185,-39.1196,156,93.708
9.23794,5.20457,0.579582,-1.56856,0.198021,6.19291,-5.67013,-40.8527,157,94.368
8.58754,5.07477,0.663229,-1.76779,-0.199225,-1.85401,-4.76624,-42.6184,158,94.883
7.98408,5.10048,0.604006,-1.52821,0.23958,0.247262,-6.63687,-43.95,159,95.489
7.36057,4.99813,0.63185,-1.7335,-0.20529,-5.97486,-1.74287,-43.5229,160,96.057
6.781,5.00403,0.579601,-1.56062,0.172871,1.02151,-6.93715,-43.538,161,96.665
6.19878,4.91169,0.589499,-1.72809,-0.167468,-3.63017,-4.56725,-43.1328,162,97.273
5.55006,4.92,0.648774,-1.55798,0.170109,2.13295,-7.23482,-43.6526,163,97.82
4.96079,4.82568,0.596766,-1.72952,-0.171532,0.486261,-4.88842,-43.7137,164,98.429
4.36311,4.84877,0.598126,-1.53218,0.19734,9.21256,-4.78887,-41.2562,165,99.036
3.74295,4.73164,0.631127,-1.75746,-0.225287,4.34892,-0.388422,-39.3215,166,99.602
3.17784,4.77982,0.567162,-1.48575,0.271708,7.86299,0.466177,-37.8511,167,100.229
2.56361,4.70218,0.619118,-1.69652,-0.210769,2.85028,4.60873,-36.7479,168,100.777
2.03779,4.83126,0.541426,-1.33007,0.366451,1.1366,5.98049,-38.016,169,101.446
1.46628,4.82836,0.571518,-1.57587,-0.245799,-1.49173,4.63531,-39.2877,170,101.992
1.46628,4.82836,0,-1.36275,0.213124,2.40863,2.98178,-40.0775,171,102.822
1.05747,5.30415,0.627298,-0.70983,0.652917,-1.29454,7.95935,-39.1181,172,103.227
1.04381,5.81802,0.514048,-0.0265725,0.683257,-10.7845,6.06103,-37.0009,173,103.774
1.0034,6.4886,0.671804,-0.060189,-0.0336164,-8.35465,8.03759,-37.7312,174,104.179
0.997727,7.012,0.523425,-0.0108372,0.0493518,-11.7416,7.86178,-37.0946,175,104.853
0.903475,7.54259,0.538894,-0.175803,-0.164966,-10.9949,9.42846,-37.4403,176,105.518
0.915566,8.12819,0.585729,0.0206428,0.196446,-12.5938,7.66457,-36.861,177,106.145
0.836248,8.7594,0.636177,-0.125004,-0.145647,-9.55869,11.6221,-36.9802,178,106.692
0.831223,9.34176,0.582383,-0.00862764,0.116377,-10.2508,12.0139,-38.2122,179,107.321
0.772869,9.9608,0.62178,-0.0939878,-0.0853602,-10.8872,11.6143,-38.9192,180,107.87
0.772982,10.5682,0.60735,0.000184999,0.0941728,-12.6953,9.85411,-39.0619,181,108.475
0.681118,11.1622,0.601148,-0.153415,-0.1536,-10.9462,11.3399,-37.7437,182,109.063
0.724528,11.7796,0.618898,0.0701989,0.223614,-13.8185,10.9731,-37.103,183,109.634
0.672082,12.4233,0.645859,-0.0812929,-0.151492,-10.5046,14.0589,-35.5427,184,110.161
0.68925,13.005,0.581878,0.029508,0.110801,-12.8459,11.8148,-33.9085,185,110.784
0.575659,13.6262,0.631544,-0.180846,-0.210354,-8.90569,16.1403,-33.1551,186,111.313
0.529141,14.1878,0.563467,-0.08265,0.0981963,-10.685,14.8427,-33.1235,187,111.941
0.422735,14.7571,0.579233,-0.184751,-0.102101,-5.88618,15.9541,-32.9482,188,112.507
0.386637,15.3289,0.572869,-0.0630554,0.121695,-10.8615,15.1593,-31.7087,189,113.134
0.295961,15.9303,0.608225,-0.14964,-0.0865851,-10.3478,15.608,-31.327,190,113.685
0.26185,16.4914,0.56215,-0.0607166,0.0889238,-11.9743,15.4729,-29.319,191,114.311
0.213132,17.0845,0.595118,-0.0819553,-0.0212386,-13.959,15.5988,-29.0141,192,114.899
0.217517,17.6991,0.614625,0.00713495,0.0890902,-16.0356,15.5005,-28.2896,193,115.464
0.135728,18.2977,0.604104,-0.135806,-0.142941,-11.969,19.2503,-28.5329,194,116.034
0.107951,18.8657,0.568712,-0.0488611,0.0869453,-13.9995,19.2938,-30.0818,195,116.681
0.0332216,19.4665,0.60538,-0.123758,-0.0748965,-13.3224,17.4413,-30.9891,196,117.27
0.0545318,20.0452,0.579124,0.0368057,0.160563,-16.882,12.4829,-29.117,197,117.877
0.0480983,20.6395,0.594346,-0.0108247,-0.0476303,-17.2791,9.54088,-29.4421,198,118.463
0.154726,21.1515,0.522973,0.205327,0.216152,-20.6992,5.69165,-28.381,199,119.153
0.321754,21.8001,0.669775,0.252039,0.046712,-18.9252,9.8393,-29.1634,200,119.637
0.728725,22.234,0.594871,0.753414,0.501374,-17.6404,-9.84845,-29.1582,201,120.164
1.49074,22.3169,0.766512,1.46236,0.70895,4.9089,-20.7464,-28.2324,202,120.508
1.91306,21.8241,0.649014,2.43307,0.970703,20.4474,8.39884,-26.978,203,120.913
1.94733,21.1788,0.646242,-3.19465,-5.62772,-3.87267,18.3394,-29.7982,204,121.412
1.95621,20.655,0.523842,-3.15853,0.0361192,-6.55457,17.9315,-31.189,205,122.11
1.88494,20.113,0.546651,-3.01086,0.147677,-11.5024,15.6285,-31.1194,206,122.781
1.9479,19.4845,0.631706,-3.24142,-0.230559,-4.57098,18.0628,-29.6693,207,123.347
1.93146,18.9323,0.552391,-3.11184,0.129574,-7.84043,15.3093,-29.046,208,123.974
2.02011,18.2861,0.652283,3.00527,6.11711,-2.32024,16.1418,-28.818,209,124.519
2.03762,17.7309,0.555417,-3.17313,-6.1784,-2.25114,17.6112,-29.3118,210,125.168
2.12568,17.0962,0.640788,3.00374,6.17687,1.31222,17.4678,-30.5157,211,125.697
2.1227,16.5171,0.579155,-3.13645,-6.14019,-2.0133,17.0821,-31.3419,212,126.325
2.24834,15.9321,0.598329,2.93003,6.06648,4.31954,15.7856,-32.4372,213,126.912
2.30536,15.3564,0.578499,-3.24033,-6.17036,0.863155,15.9331,-33.5269,214,127.52
2.40835,14.7284,0.636431,2.97906,6.21938,0.922923,15.7168,-32.8736,215,128.067
2.42934,14.1906,0.538216,-3.1806,-6.15966,-0.532874,14.2689,-34.0969,216,128.714
2.47659,13.5488,0.643525,-3.21508,-0.0344834,-2.80671,13.9547,-36.415,217,129.241
2.4934,12.9437,0.605333,-3.16936,0.0457218,-0.724214,16.3597,-36.796,218,129.849
2.51079,12.3567,0.587198,-3.17121,-0.00184315,1.27912,18.5709,-36.9765,219,130.416
2.47296,11.7985,0.559507,-3.07392,0.0972828,-3.16297,13.5419,-38.1829,220,131.004
2.47856,11.2236,0.574916,-3.15134,-0.0774189,1.22941,16.4782,-37.3078,221,131.57
2.45288,10.6754,0.548806,-3.09479,0.0565521,2.02436,14.7936,-36.1602,222,132.177
2.45765,10.0816,0.593808,-3.14962,-0.0548315,3.16569,13.7461,-36.0585,223,132.786
2.42704,9.4795,0.60291,-3.09079,0.0588323,-0.70773,10.6612,-37.3094,224,133.334
2.45395,8.91792,0.56223,-3.18949,-0.0986987,1.479,12.7223,-37.1033,225,133.903
2.41391,8.33412,0.585168,-3.07312,0.116372,-2.84904,10.7175,-38.9467,226,134.51
2.4449,7.74124,0.593686,-3.19381,-0.120692,3.76663,13.0484,-36.7673,227,135.077
2.45625,7.18758,0.55378,-3.16209,0.0317148,5.86022,9.29721,-36.7712,228,135.684
2.60122,6.71247,0.496733,2.84544,6.00753,1.01726,-5.40927,-37.0558,229,136.475
2.80672,6.18851,0.56282,2.76784,-0.0775995,1.14111,-4.60928,-37.0461,230,137.08
3.27345,6.03272,0.492049,1.89294,-0.874892,13.5639,4.90488,-32.0169,231,137.688
3.27345,6.03272,0,1.45369,-0.439255,12.0758,-12.7029,-31.6505,232,138.519
3.27345,6.03272,0,1.51609,0.0624044,13.6575,-13.0452,-31.5558,233,138.765
3.97876,6.00273,0.705941,1.6133,0.0972078,17.8688,-13.1438,-32.8354,234,139.228
4.59667,6.11876,0.628715,1.38518,-0.22812,11.126,-28.7718,-35.5442,235,139.796
5.14269,6.14609,0.546704,1.52077,0.135591,7.10747,-28.3018,-43.2216,236,140.465
5.75131,6.2618,0.619518,1.38292,-0.137856,-3.33484,-26.5796,-41.0276,237,141.012
6.33577,6.30451,0.586021,1.49786,0.114944,-1.41418,-22.5478,-40.6814,238,141.6
6.96909,6.38091,0.637914,1.45074,-0.0471211,-2.9634,-21.2964,-41.5962,239,142.126
7.52625,6.40566,0.55771,1.5264,0.0756619,-3.32531,-17.0782,-43.3571,240,142.774
8.1426,6.50094,0.623668,1.41742,-0.108982,-1.37763,-16.1271,-42.9355,241,143.302
8.72402,6.52621,0.581973,1.52736,0.109943,5.77223,-15.8619,-41.3864,242,143.888
9.34729,6.62988,0.631826,1.40597,-0.121394,6.09733,-17.7767,-39.2031,243,144.438
9.88298,6.65457,0.536261,1.52474,0.118771,8.0007,-16.2514,-38.2,244,145.103
10.5729,6.72941,0.694004,1.46275,-0.0619937,8.34718,-17.5351,-35.3652,245,145.591
11.1365,6.75801,0.564245,1.5201,0.0573533,10.4769,-19.0351,-31.4748,246,146.219
11.7293,6.85976,0.601497,1.40081,-0.119288,3.88513,-22.881,-31.6335,247,146.786
12.2784,6.91585,0.551993,1.469,0.0681892,3.05172,-24.0386,-29.8228,248,147.416
12.9619,7.01216,0.690205,1.4308,-0.0382008,-0.455835,-21.593,-29.0772,249,147.9
13.5001,7.05366,0.539865,1.49386,0.0630614,0.672198,-17.0424,-30.4767,250,148.547
14.1176,7.16026,0.626604,1.39983,-0.0940296,-0.0542434,-16.1932,-30.6828,251,149.095
14.6585,7.20103,0.542452,1.49558,0.0957513,3.8472,-15.911,-32.5727,252,149.724
15.2628,7.30498,0.613163,1.40043,-0.0951514,1.59408,-15.8929,-32.9744,253,150.229
15.8242,7.35136,0.563348,1.48837,0.0879397,1.24348,-12.6185,-33.5573,254,150.841
16.3792,7.47182,0.567886,1.35706,-0.13131,-3.2068,-7.76286,-34.342,255,151.424
16.9387,7.50071,0.560213,1.51919,0.162132,2.16626,-8.21334,-34.1965,256,152.073
17.5606,7.56294,0.62507,1.47109,-0.048108,2.31099,-7.41047,-35.0149,257,152.62
18.099,7.56286,0.538338,1.57095,0.0998624,1.46742,-4.54161,-36.0866,258,153.231
18.7217,7.66266,0.630669,1.41187,-0.159075,6.6243,-5.10061,-35.7427,259,153.775
19.3443,7.67627,0.622795,1.54895,0.13708,10.1191,-3.44607,-34.2463,260,154.361
19.8667,7.8039,0.537682,1.33113,-0.217822,12.0934,-11.4368,-28.9919,261,154.991
20.4822,7.83785,0.616456,1.5157,0.18457,13.7287,-5.85937,-27.4343,262,155.538
21.101,7.92319,0.624668,1.43374,-0.0819563,14.6238,-10.8596,-25.2149,263,156.106
21.6593,7.87321,0.560542,1.66009,0.226342,16.0254,-5.71584,-23.3364,264,156.713
22.21,8.01953,0.569821,1.3111,-0.348988,8.54798,-17.5089,-19.8248,265,157.28
22.7412,8.11973,0.540592,1.38437,0.0732712,9.75727,-17.6987,-18.9994,266,157.926
23.0449,7.79711,0.443019,2.38651,1.00214,8.1077,12.2546,-22.3101,267,158.737
23.1204,7.17497,0.626712,-3.26242,-5.64893,-10.6424,10.0074,-23.3512,268,159.142
23.1204,7.17497,0,-2.7779,0.484519,-14.479,-10.994,-26.0449,269,160.034
22.9664,6.62893,0.567355,-2.86663,-0.0887363,-15.7374,-4.12734,-31.3141,270,160.642
22.7154,6.10158,0.584,-2.69749,0.169149,-14.1668,-6.35606,-33.8012,271,161.271
22.5372,5.48457,0.642241,-2.86037,-0.162881,-16.0578,3.36133,-37.8056,272,161.837
22.2778,4.94264,0.60083,-2.69509,0.165273,-17.7156,2.79911,-38.8787,273,162.446
22.1092,4.31161,0.65317,-2.88051,-0.185418,-15.2961,10.692,-39.51,274,162.997
21.8363,3.77353,0.603313,-2.67224,0.208276,-18.113,5.01283,-40.8905,275,163.58
21.6795,3.19231,0.602007,-2.8781,-0.205868,-9.45473,13.7044,-42.822,276,164.145
21.4604,2.63777,0.596247,-2.7653,0.1128,-11.1281,10.8699,-44.5461,277,164.755
21.3135,2.0223,0.632757,-2.90734,-0.142035,-6.40549,20.7871,-42.1236,278,165.302
21.0889,1.45487,0.610267,-2.76468,0.142657,-11.018,15.3362,-43.0726,279,165.889
20.9089,0.830317,0.649978,-2.86097,-0.0962922,-7.32501,21.4684,-41.348,280,166.419
20.6681,0.29415,0.587741,-2.71954,0.141434,-10.5579,18.6537,-38.9483,281,167.044
20.4928,-0.290072,0.609951,-2.85011,-0.130568,-7.54521,17.9085,-38.5074,282,167.612
20.2678,-0.87358,0.625414,-2.77344,0.0766654,-11.7678,14.8088,-39.3061,283,168.198
20.1128,-1.45825,0.604844,-2.88258,-0.109139,-11.6288,18.7276,-37.2102,284,168.745
19.9095,-1.96823,0.549008,-2.76228,0.120302,-16.2647,7.05663,-37.5051,285,169.414
19.7378,-2.52358,0.581306,-2.8416,-0.0793235,-11.5362,6.1091,-36.2446,286,169.981
19.4429,-3.03808,0.592991,-2.62125,0.220356,-8.22645,-0.154723,-34.6031,287,170.569
19.406,-3.65166,0.614685,-3.08145,-0.460203,-2.51681,12.0966,-33.5986,288,171.116
19.3801,-4.24282,0.591729,-3.09775,-0.0163034,-3.65728,10.3761,-34.0436,289,171.723
19.4298,-4.8387,0.597954,-3.22479,-0.127039,1.42124,14.279,-31.9097,290,172.311
19.4036,-5.39312,0.555028,-3.09443,0.130362,2.45036,15.575,-29.3993,291,172.959
19.3892,-5.9505,0.557575,-3.11579,-0.0213604,2.9662,12.4001,-35.3543,292,173.566
19.2379,-6.53488,0.603634,-2.88829,0.227501,-1.86591,12.1464,-41.172,293,174.155
19.2545,-7.14892,0.614262,-3.16856,-0.280267,7.94884,17.7112,-45.1475,294,174.722
19.1846,-7.7314,0.586667,-3.02211,0.146448,-1.04046,19.308,-48.6644,295,175.35
19.2084,-8.25204,0.521181,-3.18731,-0.165203,9.19328,27.3612,-45.0651,296,176.119
19.0492,-8.8528,0.621492,-2.88261,0.304703,-2.13049,23.9088,-47.0002,297,176.675
19.165,-9.37815,0.537958,2.92462,5.80723,14.1996,21.5288,-46.7663,298,177.354
19.165,-9.37815,0,1.73006,-1.19456,18.1452,-20.0754,-46.2174,299,178.388
19.165,-9.37815,0,1.40977,-0.320289,3.52967,-21.9065,-48.282,300,179.449
19.707,-9.3365,0.543601,1.49412,0.0843487,9.34042,-25.5309,-45.9025,301,180.13
20.2695,-9.29792,0.563828,1.50232,0.00819852,11.9965,-25.771,-43.0583,302,180.78
20.8545,-9.34143,0.586587,1.64504,0.14272,18.1875,-20.4187,-43.825,303,181.368
21.4408,-9.29239,0.588351,1.48735,-0.157686,14.7076,-25.6026,-39.6914,304,181.939
21.9853,-9.29989,0.54451,1.58457,0.0972178,15.969,-21.5879,-38.691,305,182.563
22.5788,-9.24873,0.595761,1.48482,-0.09975,13.529,-25.2855,-35.8092,306,183.15
23.1559,-9.26226,0.577277,1.59423,0.109411,14.1122,-23.6282,-34.2084,307,183.762
23.752,-9.20813,0.598467,1.48023,-0.114003,10.721,-26.6353,-34.1453,308,184.304
24.3021,-9.17029,0.55145,1.50213,0.0219084,10.6073,-29.9488,-31.0174,309,184.953
24.8663,-9.07301,0.572527,1.40004,-0.102096,2.83983,-28.9689,-34.5924,310,185.539
25.4209,-9.06456,0.554611,1.55557,0.155534,8.25771,-28.706,-37.1752,311,186.189
26.0275,-9.0044,0.609622,1.47195,-0.0836225,3.73548,-26.4926,-38.6842,312,186.736
26.5634,-9.01176,0.535925,1.58453,0.112582,8.33679,-27.8824,-40.4324,313,187.404
27.2085,-8.93806,0.649356,1.45705,-0.127477,6.4869,-29.063,-38.783,314,187.953
27.7743,-8.9413,0.565784,1.57652,0.119463,11.6525,-29.0609,-38.1022,315,188.577
28.3719,-8.84169,0.605794,1.40561,-0.170906,5.06685,-30.748,-37.7358,316,189.147
28.9322,-8.79421,0.562325,1.48627,0.0806622,10.1361,-31.0156,-36.1901,317,189.775
29.5389,-8.69957,0.614052,1.41606,-0.070215,6.0464,-30.5727,-38.1412,318,190.323
30.0599,-8.72749,0.521767,1.62432,0.208263,14.1956,-26.5588,-38.9302,319,190.991
30.6389,-8.67249,0.581572,1.47608,-0.148239,8.75339,-30.0124,-38.8976,320,191.578
31.2365,-8.68147,0.597705,1.58583,0.109747,14.2164,-30.6333,-39.5111,321,192.164
31.8602,-8.62159,0.626546,1.47508,-0.110752,9.08694,-33.6506,-42.8138,322,192.73
32.4394,-8.59849,0.579665,1.53093,0.0558578,12.2185,-32.8333,-44.2548,323,193.342
33.0039,-8.4662,0.579807,1.34061,-0.190327,4.5135,-34.8893,-45.88,324,193.968
33.5897,-8.46093,0.585847,1.5618,0.221188,13.4941,-25.2779,-48.0603,325,194.575
34.2198,-8.30626,0.648748,1.33007,-0.23173,5.81838,-29.9603,-46.6957,326,195.121
34.7537,-8.15403,0.555166,1.29304,-0.0370289,-2.37102,-25.6039,-48.5394,327,195.752
35.3508,-7.94163,0.633795,1.22906,-0.0639752,-7.24172,-27.3723,-46.8943,328,196.28
35.9191,-7.88957,0.570695,1.47945,0.250385,6.97084,-32.8486,-46.4999,329,196.929
36.5125,-7.79907,0.60021,1.41943,-0.0600142,12.3379,-41.2057,-40.3706,330,197.513
37.1268,-7.85638,0.616998,1.66381,0.244382,27.6131,-35.7318,-37.1043,331,198.081
37.7,-7.77424,0.579028,1.42846,-0.235356,11.4962,-42.3391,-33.4454,332,198.691
38.229,-7.75243,0.529489,1.52961,0.101148,14.8503,-37.3338,-33.0146,333,199.337
38.6444,-7.44003,0.519742,0.925943,-0.603662,-24.1155,-26.7596,-39.8993,334,200.045
38.7393,-6.92123,0.527412,0.180995,-0.744948,-27.1705,21.0034,-45.3646,335,200.633
38.6458,-6.26443,0.663421,-0.141385,-0.32238,-15.0207,26.2905,-48.5965,336,201.057
38.6458,-6.26443,0,-0.232912,-0.0915268,-6.92667,27.9597,-52.9942,337,202.072
38.6181,-5.7153,0.54983,-0.0504808,0.182431,-12.9737,22.1796,-52.0647,338,202.718
38.523,-5.14154,0.581591,-0.164251,-0.11377,-0.779857,24.9947,-48.5505,339,203.331
38.5303,-4.55775,0.583827,0.0124217,0.176672,-7.00015,19.1816,-48.7865,340,203.976
38.4842,-3.92827,0.631162,-0.0729802,-0.0854019,-5.08824,16.5137,-46.5718,341,204.545
38.4963,-3.33824,0.590154,0.0205084,0.0934886,-9.12186,14.1023,-45.0749,342,205.13
38.427,-2.78061,0.561922,-0.12364,-0.144149,-10.3817,11.3632,-42.2777,343,205.719
38.431,-2.20614,0.574484,0.00683134,0.130472,-12.8585,8.13056,-38.1907,344,206.327
38.3593,-1.63156,0.579023,-0.124009,-0.130841,-13.4479,7.21692,-36.2067,345,206.893
38.3574,-1.04228,0.589288,-0.00337279,0.120636,-14.6346,3.55023,-34.8296,346,207.481
38.2756,-0.460685,0.587312,-0.139647,-0.136275,-13.4882,6.98415,-34.333,347,208.047
38.2215,0.0993034,0.562601,-0.0964009,0.0432466,-13.3888,8.79885,-34.864,348,208.676
38.1046,0.655832,0.568665,-0.206968,-0.110567,-12.4903,12.1941,-34.8723,349,209.244
38.1147,1.22875,0.573009,0.0176956,0.224663,-15.4673,8.56263,-34.1263,350,209.851
38.0338,1.80463,0.581539,-0.139587,-0.157283,-15.6655,10.4925,-34.885,351,210.439
38.0064,2.43819,0.634151,-0.043211,0.0963762,-19.837,9.1927,-34.8146,352,211.007
37.9478,3.04661,0.611244,-0.096135,-0.052924,-23.2512,9.05479,-34.6979,353,211.592
37.9618,3.6247,0.578258,0.0242677,0.120403,-24.7248,3.72351,-32.7487,354,212.18
37.8689,4.22312,0.60559,-0.15406,-0.178328,-20.996,12.9136,-34.6578,355,212.727
37.8316,4.79445,0.572551,-0.0651983,0.088862,-23.3938,8.74505,-32.5476,356,213.355
37.8598,5.3297,0.535994,0.0527392,0.117938,-24.882,6.6323,-33.8863,357,213.97
38.0017,5.89142,0.57936,0.247443,0.194703,-27.3392,-4.37933,-30.3783,358,214.571
37.753,6.37473,0.543558,-0.475258,-0.7227,-13.2361,21.9292,-36.4137,359,215.198
37.3726,6.83525,0.597291,-0.690368,-0.21511,-3.42672,24.0429,-39.1652,360,215.726
36.8319,7.12347,0.612788,-1.08112,-0.390751,7.30294,19.5135,-42.7669,361,216.313
36.3313,7.33713,0.544261,-1.16738,-0.0862616,5.59493,19.3352,-41.9636,362,216.962
35.7478,7.40337,0.587255,-1.45776,-0.290383,0.983977,19.1474,-41.1627,363,217.55
35.2051,7.46617,0.546316,-1.45558,0.0021819,-9.5909,15.3158,-38.0656,364,218.197
34.6241,7.41581,0.583206,-1.65726,-0.20168,-8.18653,15.2705,-35.7307,365,218.785
34.0614,7.49587,0.568308,-1.42945,0.227816,-5.5092,2.36568,-38.2558,366,219.433
33.4898,7.60966,0.582828,-1.3743,0.0551478,-2.10767,-0.106758,-36.1366,367,220.002
33.0565,7.90466,0.524185,-0.973058,0.40124,1.25323,0.756414,-32.81,368,220.669
32.6551,8.2888,0.555595,-0.807369,0.16569,-4.30365,2.20056,-30.5233,369,221.297
32.5027,8.74825,0.484068,-0.320237,0.487131,-1.93118,5.40092,-30.0007,370,222.006
32.3956,9.25759,0.520483,-0.207298,0.112939,-3.57045,4.67864,-30.1139,371,222.552
32.3956,9.25759,0,0.739437,0.946735,-5.96869,-4.96255,-30.3168,372,223.605
32.3956,9.25759,0,1.72437,0.984938,0.274816,-6.24205,-32.9525,373,224.478
32.9357,9.19854,0.543303,1.67971,-0.044663,0.73583,-4.4735,-35.9642,374,225.165
33.4891,9.13759,0.556759,1.68048,0.000766187,-1.5529,-3.19743,-36.7228,375,225.814
34.0914,9.16379,0.602906,1.52733,-0.153153,5.87725,0.217755,-38.9393,376,226.407
34.7277,9.10577,0.638877,1.66175,0.134423,12.2775,1.44787,-38.5123,377,226.969
35.3384,9.15731,0.612942,1.4866,-0.175148,18.3637,-9.52715,-35.9806,378,227.539
35.9003,9.15588,0.561848,1.57334,0.0867395,19.8414,-7.54404,-30.5452,379,228.166
36.5075,9.17488,0.607469,1.53952,-0.0338184,20.034,-10.2969,-27.3567,380,228.693
37.0864,9.12001,0.58158,1.66529,0.125769,21.9951,-8.9188,-21.0175,381,229.32
37.5931,9.22542,0.517544,1.36569,-0.299605,12.8937,-22.0379,-12.8759,382,229.947
38.2045,9.21587,0.611454,1.58642,0.220732,8.99386,-16.0705,-14.3383,383,230.504
38.8162,9.28205,0.615219,1.46302,-0.1234,8.92055,-12.9099,-21.0867,384,231.082
39.3915,9.2821,0.575331,1.57071,0.10769,16.3521,-17.5375,-25.3411,385,231.689
39.9892,9.39732,0.608693,1.38035,-0.190353,0.530518,-24.4778,-30.0182,386,232.278
40.5893,9.37082,0.600684,1.61492,0.234566,4.31998,-19.4376,-30.9175,387,232.885
41.1854,9.42112,0.598221,1.48662,-0.128303,10.4872,-23.8422,-28.1046,388,233.481
41.7752,9.3849,0.590887,1.63213,0.145516,17.3609,-18.7597,-31.9834,389,234.081
42.384,9.43662,0.611069,1.48605,-0.146079,20.4136,-28.9369,-29.0735,390,234.648
42.9897,9.40592,0.606405,1.62144,0.135385,19.6476,-29.2954,-36.5871,391,235.215
43.5954,9.43385,0.606342,1.52472,-0.0967167,14.9447,-33.9305,-40.4875,392,235.803
44.2225,9.32877,0.635917,1.73681,0.212085,21.4262,-26.946,-41.2053,393,236.389
44.8421,9.33255,0.61953,1.56469,-0.172118,13.5237,-31.5176,-34.2705,394,236.956
45.4452,9.29893,0.604069,1.62647,0.0617832,17.771,-25.3999,-36.364,395,237.564
46.0405,9.37275,0.599832,1.44742,-0.179057,18.7258,-34.7256,-36.7683,396,238.152
46.6628,9.35038,0.622735,1.60674,0.159324,23.0555,-34.4781,-41.3339,397,238.718
47.2787,9.44215,0.622734,1.42288,-0.183861,4.84347,-43.4384,-38.5526,398,239.267
47.8395,9.36843,0.565639,1.7015,0.278618,19.7886,-30.1673,-37.3785,399,239.899
48.4412,9.40114,0.60259,1.51649,-0.185012,18.4172,-38.7072,-31.6308,400,240.504
49.0879,9.35037,0.648667,1.64915,0.132661,27.0156,-46.3023,-25.0047,401,241.091
49.6945,9.49504,0.623563,1.33666,-0.312482,-6.97684,-49.7775,-24.8307,402,241.637
50.2924,9.53865,0.599473,1.49799,0.161329,-0.962237,-40.5226,-28.2346,403,242.285
50.9225,9.66969,0.643612,1.36575,-0.13224,-1.93789,-32.1553,-25.7959,404,242.813
51.5357,9.60491,0.616641,1.67604,0.310288,25.3803,-24.0065,-23.5126,405,243.419
52.1614,9.66595,0.628669,1.47356,-0.202478,19.2031,-41.1119,-26.9297,406,243.988
52.7544,9.66405,0.592947,1.57399,0.100426,11.9828,-44.1273,-37.2349,407,244.554
53.3443,9.75314,0.596584,1.42091,-0.153075,-0.290044,-43.5136,-37.2097,408,245.141
53.9439,9.73582,0.59994,1.59967,0.178754,6.42197,-30.9879,-37.6452,409,245.75
54.5784,9.8106,0.638888,1.45347,-0.146196,6.97597,-31.8514,-31.2449,410,246.276
55.1305,9.76916,0.553596,1.64573,0.192256,22.4554,-29.9068,-28.3824,411,246.907
55.7439,9.81286,0.614959,1.49967,-0.146058,20.223,-42.3947,-32.2707,412,247.512
56.3433,9.75521,0.602133,1.6667,0.167029,23.6962,-36.3635,-40.2889,413,248.099
56.9291,9.79326,0.587098,1.50593,-0.160766,16.6853,-41.1702,-34.672,414,248.687
57.5348,9.76424,0.6064,1.61867,0.112743,26.2326,-34.7204,-31.7233,415,249.274
58.08,9.8154,0.547562,1.47723,-0.141449,20.5944,-35.3309,-25.5759,416,249.923
58.6977,9.78622,0.618362,1.61801,0.140783,26.8652,-29.4888,-24.6258,417,250.49
59.3235,9.83919,0.628107,1.48636,-0.13165,20.5358,-37.8379,-20.4059,418,251.037
59.9175,9.79718,0.59546,1.6414,0.15504,28.2517,-32.0311,-18.1002,419,251.686
60.5775,9.93249,0.673757,1.3686,-0.272798,11.6087,-48.9433,-18.446,420,252.232
61.1652,9.94649,0.587801,1.54697,0.178374,21.7817,-49.3152,-24.5504,421,252.901
61.7527,10.065,0.599385,1.37184,-0.175139,-1.74321,-58.2926,-26.4584,422,253.468
62.3746,10.0305,0.622779,1.62621,0.254375,19.6308,-55.8173,-29.453,423,254.055
63.0263,10.0576,0.652301,1.52911,-0.0970997,1.42251,-65.6045,-19.8722,424,254.623
63.6154,9.98892,0.593075,1.68694,0.157834,-0.7202,-57.2799,-29.0509,425,255.251
64.1974,10.0088,0.582387,1.53659,-0.150359,-9.39719,-36.0587,-36.7636,426,255.819
64.7984,9.97604,0.601862,1.62532,0.0887345,3.20318,-23.465,-38.4553,427,256.425
65.3211,9.98119,0.522753,1.56094,-0.0643783,13.9015,-23.1163,-34.9224,428,257.117
65.764,9.77305,0.489366,2.01013,0.449184,23.1969,-2.35991,-35.5573,429,257.763
66.4779,9.40388,0.803699,2.04805,0.0379227,22.8501,-0.107156,-34.9776,430,258.086
67.024,9.03273,0.660256,2.16776,0.119713,21.1983,3.28855,-35.9193,431,258.532
67.3117,8.59234,0.526078,2.56278,0.395019,16.2665,11.9887,-37.7056,432,259.079
67.3117,8.59234,0,-2.015,-4.57778,11.2913,16.84,-39.264,433,260.154
66.7884,8.61353,0.523745,-1.53033,0.484672,-28.4529,-0.870021,-45.4009,434,260.821
66.3114,8.74768,0.495513,-1.29664,0.233694,-4.45975,-57.5089,-37.731,435,261.511
65.7084,8.81347,0.606608,-1.46212,-0.165487,8.17489,-61.2589,-35.233,436,262.1
65.154,8.86839,0.557067,-1.47206,-0.0099345,21.5391,-52.1477,-34.8163,437,262.747
64.5623,8.85423,0.59195,-1.59472,-0.122662,17.9297,-50.2513,-33.2545,438,263.314
63.9623,8.89602,0.601391,-1.50125,0.0934686,27.9859,-39.894,-33.9629,439,263.884
63.3768,8.87076,0.586039,-1.61391,-0.112662,22.1956,-34.4713,-33.1775,440,264.491
62.7627,8.94581,0.618658,-1.44919,0.164723,27.2105,-20.5389,-31.8151,441,265.077
62.1208,8.88996,0.644387,-1.65758,-0.208387,12.8923,-25.4887,-34.4058,442,265.627
61.5209,8.90679,0.600084,-1.54274,0.114837,20.2588,-19.8656,-35.5686,443,266.219
60.8942,8.81163,0.633881,-1.72148,-0.178744,11.6026,-21.1811,-37.2362,444,266.777
60.3,8.83363,0.59468,-1.5338,0.187683,21.0572,-21.2375,-39.6348,445,267.387
59.6618,8.78384,0.640065,-1.64866,-0.114863,9.27235,-23.354,-46.8884,446,267.953
59.0691,8.80677,0.593147,-1.53213,0.116533,15.4408,-26.215,-48.2939,447,268.563
58.408,8.72565,0.66605,-1.69289,-0.160757,8.45144,-28.2667,-48.4829,448,269.107
57.8414,8.76706,0.568172,-1.49786,0.195031,18.9353,-19.5698,-40.1819,449,269.697
57.1886,8.69829,0.656383,-1.67577,-0.17791,3.3104,-16.795,-38.7675,450,270.244
56.6093,8.73617,0.580505,-1.50549,0.170276,6.94309,-18.1153,-39.3495,451,270.834
55.9778,8.66911,0.635086,-1.67659,-0.171101,-8.25871,-18.5974,-47.6129,452,271.377
55.3836,8.71184,0.595781,-1.49901,0.177581,9.17914,-28.1943,-45.598,453,272.005
54.7148,8.63521,0.673153,-1.68488,-0.185865,6.43302,-25.6678,-44.168,454,272.531
54.1239,8.6662,0.591666,-1.5184,0.166479,16.3676,-15.6776,-35.6896,455,273.139
53.5656,8.62099,0.560193,-1.65159,-0.133192,1.67806,-15.3028,-32.9834,456,273.748
52.9555,8.62743,0.610039,-1.56024,0.0913454,4.03958,-26.757,-33.5941,457,274.314
52.3072,8.53175,0.655403,-1.71731,-0.157066,-1.42988,-29.5158,-35.2219,458,274.841
51.7136,8.54015,0.593664,-1.55665,0.16066,16.1438,-29.0637,-36.8091,459,275.469
51.0941,8.43054,0.629076,-1.74593,-0.189281,5.00506,-28.9766,-40.1069,460,275.997
50.5175,8.43475,0.576615,-1.56349,0.182437,13.6618,-24.7995,-40.4034,461,276.616
49.9143,8.34386,0.609979,-1.72036,-0.156869,-1.84648,-23.8864,-47.6704,462,277.191
49.3073,8.42441,0.612403,-1.43888,0.281482,24.3087,-19.8987,-47.0637,463,277.799
48.695,8.43524,0.612321,-1.5531,-0.114223,13.9773,-13.0878,-49.44,464,278.366
48.1507,8.55389,0.557118,-1.35618,0.196919,18.2749,-3.84491,-46.5849,465,278.979
48.1507,8.55389,0,-1.46194,-0.105756,15.8521,-9.70917,-45.9514,466,279.824
47.9604,8.98353,0.469886,-0.416888,1.04505,0.190222,22.7104,-41.3945,467,280.513
47.9604,8.98353,0,0.0416039,0.458492,-16.1766,12.1956,-36.1834,468,281.527
47.9632,9.50834,0.524815,0.00519605,-0.0364078,-15.6026,16.0019,-33.627,469,282.195
47.9997,10.0986,0.591374,0.0618757,0.0566797,-15.5772,18.4745,-37.0528,470,282.824
47.9563,10.7158,0.618734,-0.0702453,-0.132121,-11.6882,19.5637,-40.7713,471,283.371
47.975,11.3258,0.610301,0.0305698,0.100815,-14.6635,14.8223,-46.9368,472,283.977
47.9009,11.935,0.613724,-0.121024,-0.151593,-14.1275,14.2255,-44.3722,473,284.555
47.9267,12.5322,0.597691,0.043318,0.164342,-14.6941,15.2914,-42.3842,474,285.153
47.8611,13.1777,0.648871,-0.101343,-0.144661,-12.8159,20.0418,-42.5491,475,285.659
47.878,13.7539,0.576402,0.0294094,0.130753,-13.6758,21.0505,-45.9579,476,286.268
47.7911,14.3803,0.632399,-0.137858,-0.167267,-7.91374,21.1145,-47.5283,477,286.795
47.739,14.9315,0.553688,-0.0942486,0.0436092,-4.64766,21.0134,-48.4643,478,287.444
47.5977,15.523,0.608145,-0.234463,-0.140214,-1.62672,17.3584,-49.2082,479,287.995
47.5367,16.0615,0.541958,-0.112924,0.121539,-4.10428,17.1361,-47.7996,480,288.578
47.3956,16.5661,0.52397,-0.272516,-0.159593,-2.77972,14.1723,-47.9089,481,289.165
47.2798,17.1199,0.565779,-0.206213,0.0663037,-5.66871,13.025,-46.7244,482,289.736
47.1257,17.6881,0.58867,-0.264787,-0.0585742,-4.24405,13.3379,-45.6501,483,290.342
47.0794,18.2976,0.611222,-0.0758461,0.188941,-8.52799,9.78778,-42.8457,484,290.926
46.9443,18.899,0.616431,-0.221048,-0.145202,-8.33837,9.85951,-40.3954,485,291.474
46.9215,19.5024,0.603839,-0.0377209,0.183327,-10.3885,10.5236,-38.606,486,292.085
46.8779,20.1318,0.630943,-0.0691278,-0.0314069,-12.0697,10.1929,-38.395,487,292.629
46.9868,20.7172,0.595387,0.183905,0.253033,-15.9114,3.68297,-37.6523,488,293.198
47.0043,21.3398,0.622844,0.028126,-0.155779,-14.2099,7.57898,-37.9456,489,293.789
47.0761,21.9519,0.616286,0.116673,0.0885472,-16.0931,5.28037,-40.1288,490,294.394
46.9622,22.5666,0.62515,-0.183206,-0.299879,-14.3412,9.87384,-39.8277,491,294.98
46.9759,23.166,0.599642,0.0228679,0.206074,-20.4459,0.637469,-36.1706,492,295.63
46.8942,23.7724,0.611813,-0.133944,-0.156812,-22.8202,4.9654,-30.3928,493,296.276
46.8942,23.7724,0,-0.0812197,0.052724,-22.6452,3.52816,-30.4884,494,296.478
47.0772,24.2636,0.524225,0.356626,0.437846,-18.8091,-10.3127,-30.0006,495,297.005
47.5171,24.6735,0.601211,0.820716,0.46409,-4.58516,-22.8629,-29.3377,496,297.53
47.5171,24.6735,0,2.05767,1.23696,15.515,8.30958,-36.0769,497,298.503
47.8869,24.2045,0.597202,2.47383,0.416157,1.98676,13.5083,-38.1088,498,298.97
47.8056,23.7352,0.476267,-2.97017,-5.444,-10.1071,-0.128448,-39.4533,499,299.7
47.6889,23.2827,0.467348,-2.88921,0.0809644,-6.38954,5.54564,-40.5991,500,300.449
47.4832,22.7583,0.563294,-2.76778,0.12143,-8.2859,5.84906,-39.6176,501,301.077
47.367,22.1452,0.624012,-2.9543,-0.186519,-4.63244,12.4991,-36.9769,502,301.665
47.2483,21.5643,0.592956,-2.93996,0.0143392,-6.69467,11.7624,-37.5515,503,302.251
47.2787,20.9585,0.60654,-3.19185,-0.251891,0.482508,14.0353,-37.0617,504,302.839
47.2351,20.3755,0.584611,-3.06695,0.1249,-3.67511,12.0199,-38.5325,505,303.449
47.3992,19.8331,0.566658,2.84783,5.91478,8.76481,13.1446,-38.7428,506,304.014
47.5644,19.2385,0.617096,2.87067,0.0228339,5.20694,11.581,-42.4249,507,304.601
47.8887,18.7696,0.570152,2.53657,-0.334095,13.9129,6.55546,-43.7962,508,305.171
48.0952,18.2025,0.603545,2.79235,0.255783,4.89122,8.65782,-47.035,509,305.758
48.3957,17.6165,0.65858,2.66781,-0.124548,14.2935,11.1971,-45.6127,510,306.304
48.4502,17.0114,0.607516,-3.23148,-5.89928,0.286404,11.5539,-48.0801,511,306.894
48.4888,16.4052,0.607418,-3.20522,0.0262592,-0.756664,15.4748,-48.5664,512,307.479
48.3714,15.7754,0.640658,-2.95731,0.247909,-8.68985,12.4152,-49.4185,513,308.026
48.3908,15.1954,0.580315,-3.17506,-0.217752,-3.90772,17.9176,-48.5566,514,308.604
48.3782,14.5854,0.610128,-3.1208,0.054264,-4.43853,21.8026,-44.8612,515,309.161
48.443,13.9823,0.60656,-3.24868,-0.127888,2.72969,24.3658,-41.2362,516,309.727
48.4063,13.4173,0.566239,-3.07676,0.171919,-7.36381,13.1895,-45.3616,517,310.357
48.5349,12.808,0.62271,2.93351,6.01027,6.48733,23.1054,-43.6697,518,310.903
48.563,12.2102,0.598443,-3.18845,-6.12196,-3.12267,21.4248,-45.4818,519,311.47
48.6864,11.6026,0.619974,2.94115,6.1296,7.53304,27.7547,-35.0357,520,312.039
48.6497,11.0171,0.586668,-3.07898,-6.02013,-6.79258,23.1065,-31.8009,521,312.665
48.736,10.4047,0.618467,3.00166,6.08065,0.0697018,21.0345,-30.4432,522,313.234
48.7037,9.83927,0.566354,-3.08452,-6.08619,-10.1494,14.5683,-36.6784,523,313.86
48.7369,9.27552,0.564736,-3.2005,-0.115978,-6.35985,20.8402,-39.829,524,314.49
48.5706,8.69914,0.599901,-2.86065,0.339852,-17.1469,16.7744,-43.1174,525,315.1
48.6272,8.15257,0.549488,-3.2448,-0.384151,-9.71378,31.7586,-42.43,526,315.706
48.6272,8.15257,0,-1.99148,1.25331,-4.58239,-22.7875,-44.8918,527,316.796
48.1596,8.16113,0.467626,-1.5525,0.438987,9.32481,-12.3185,-43.7124,528,317.526
47.6657,8.19795,0.495279,-1.49638,0.0561117,12.9363,-17.6694,-42.1975,529,318.256
47.0971,8.15669,0.570172,-1.64322,-0.146838,7.1868,-21.6023,-44.7532,530,318.904
46.506,8.17106,0.591194,-1.54649,0.0967365,9.55031,-19.1316,-47.6071,531,319.492
45.9078,8.09384,0.603212,-1.69917,-0.152679,2.82572,-15.2516,-44.8487,532,320.06
45.3114,8.07454,0.596664,-1.60314,0.0960209,9.81271,-12.8877,-41.2591,533,320.666
44.7427,7.96119,0.57993,-1.76752,-0.164372,1.62146,-10.2334,-39.2608,534,321.235
44.1386,7.92303,0.605344,-1.63387,0.133646,3.20789,-10.3111,-36.4392,535,321.801
43.5786,7.84831,0.564958,-1.70346,-0.0695884,-2.85338,-8.73487,-33.6074,536,322.391
43.0119,7.85543,0.566696,-1.55822,0.14524,-1.00184,-7.41778,-30.6054,537,323.001
42.4172,7.83708,0.594981,-1.60165,-0.0434267,4.20666,-7.20236,-27.1176,538,323.584
41.8447,7.81701,0.572886,-1.60584,-0.00418991,7.48709,-4.42584,-23.6652,539,324.191
41.2323,7.68735,0.625986,-1.77944,-0.173603,5.78003,-6.36046,-21.9669,540,324.761
40.6653,7.63491,0.569359,-1.66304,0.116403,9.06563,-6.5409,-22.7022,541,325.366
40.0972,7.4988,0.584228,-1.80593,-0.142889,9.37689,-6.11124,-24.7413,542,325.954
39.5082,7.43665,0.592264,-1.67593,0.13,12.7001,-3.95236,-27.7542,543,326.543
38.9209,7.29308,0.604598,-1.81055,-0.134621,11.8552,-2.02754,-32.1387,544,327.137
38.3265,7.29947,0.594404,-1.56006,0.250488,12.9655,2.5559,-36.1796,545,327.737
37.6926,7.19442,0.64254,-1.73502,-0.174962,5.91777,7.53596,-38.9883,546,328.284
37.1239,7.23943,0.570535,-1.49183,0.243188,-0.648895,11.9124,-39.3269,547,328.933
36.487,7.20813,0.63759,-1.6199,-0.128072,-7.87692,13.7839,-35.2902,548,329.5
35.8935,7.35577,0.611656,-1.32702,0.292887,-7.99904,7.0725,-34.5823,549,330.09
35.2962,7.3444,0.597353,-1.58982,-0.262807,-9.73752,9.93544,-32.2824,550,330.675
34.7346,7.36455,0.561971,-1.53493,0.0548877,-6.13957,2.12011,-33.6294,551,331.323
34.1526,7.33197,0.582868,-1.62672,-0.0917815,-7.44714,3.73039,-32.3643,552,331.932
33.6224,7.47524,0.54931,-1.30693,0.319784,-5.15476,0.616192,-32.3434,553,332.517
32.9924,7.69781,0.668115,-1.23117,0.0757626,-2.29908,-0.329588,-32.8749,554,332.983
32.9924,7.69781,0,-1.06062,0.170553,-1.20309,-0.711443,-32.3233,555,333.206
32.7631,8.17617,0.530501,-0.447067,0.613549,-2.93962,1.81759,-31.6239,556,333.753
32.7631,8.17617,0,0.0328466,0.479914,-6.18116,7.24053,-26.9254,557,334.888
32.7125,8.75531,0.581341,-0.0871004,-0.119947,-8.28488,14.4511,-25.4182,558,335.476
32.6959,9.31765,0.562587,-0.0295486,0.0575518,-8.92971,19.4156,-27.3879,559,336.145
32.5257,9.88911,0.596263,-0.289465,-0.259916,-0.952985,21.6229,-33.0741,560,336.731
32.4543,10.4607,0.575981,-0.124228,0.165237,-2.71872,23.0078,-38.0412,561,337.359
32.2788,11.1131,0.675682,-0.262811,-0.138583,-0.529182,17.2132,-41.284,562,337.89
32.2588,11.678,0.565225,-0.0353719,0.227439,-4.73226,15.5438,-42.8164,563,338.537
32.0633,12.3045,0.656235,-0.302446,-0.267074,-1.83979,10.8766,-43.1162,564,339.062
32.1078,12.9103,0.607455,0.0733542,0.3758,-7.75674,10.5202,-41.9274,565,339.59
32.1298,13.4786,0.56872,0.0386682,-0.0346861,-13.5307,5.5702,-41.0012,566,340.18
32.2098,14.0688,0.595579,0.134716,0.0960474,-16.0276,4.54964,-39.2445,567,340.787
32.2028,14.6847,0.616015,-0.0112954,-0.146011,-18.2285,3.90969,-36.7787,568,341.333
32.2356,15.2495,0.565728,0.0579709,0.0692663,-18.02,5.40594,-35.0866,569,341.957
32.1654,15.8356,0.590284,-0.11924,-0.177211,-14.4313,10.0909,-33.788,570,342.545
32.1656,16.4091,0.573484,0.000281197,0.119521,-13.6105,11.8359,-33.1238,571,343.135
32.1276,16.9639,0.556161,-0.0682212,-0.0685024,-13.9016,10.8156,-34.034,572,343.742
32.1784,17.5685,0.606693,0.0836809,0.151902,-16.0517,10.2355,-35.0006,573,344.338
32.1213,18.2055,0.639578,-0.0892828,-0.172964,-16.605,11.6006,-37.36,574,344.876
32.1541,18.8185,0.613781,0.0534703,0.142753,-11.2394,18.6746,-39.1934,575,345.484
32.057,19.4799,0.668501,-0.145759,-0.199229,-13.7495,15.5815,-41.6032,576,346.031
32.0684,20.0859,0.606185,0.0187263,0.164485,-14.5332,15.7764,-41.9969,577,346.64
31.9927,20.7016,0.620324,-0.122246,-0.140972,-10.813,21.3543,-41.5266,578,347.205
32.0817,21.2706,0.575881,0.1551,0.277345,-18.2155,16.1197,-40.6717,579,347.834
32.0422,21.8547,0.585476,-0.0675805,-0.22268,-21.8142,9.44192,-39.2943,580,348.444
32.054,22.4778,0.623215,0.019046,0.0866265,-22.9352,9.99726,-37.0248,581,348.988
31.983,23.0779,0.604253,-0.117911,-0.136957,-24.7187,11.2009,-31.5584,582,349.616
32.0567,23.5965,0.523765,0.141206,0.259116,-27.672,3.57749,-27.2542,583,350.226
32.2901,24.1958,0.643234,0.371385,0.23018,-26.2437,-1.41321,-27.6838,584,350.709
32.8915,24.4744,0.662774,1.13699,0.765607,0.162551,-28.9629,-28.313,585,351.196
33.098,24.0521,0.470108,2.6868,1.54981,-2.67952,18.386,-38.7014,586,351.925
33.1004,23.4696,0.582504,-3.14567,-5.83247,-12.2608,11.6553,-41.5461,587,352.575
33.0498,22.8823,0.589438,-3.05574,0.0899261,-14.4442,11.9523,-41.3427,588,353.203
33.0685,22.275,0.60762,-3.17238,-0.116633,-6.20401,19.3939,-41.6443,589,353.751
33.0511,21.7458,0.529511,-3.10858,0.0637963,-6.5825,19.4711,-41.1576,590,354.44
33.168,21.1115,0.644944,2.95918,6.06776,6.39976,25.4541,-37.5343,591,354.966
33.2165,20.566,0.547633,-3.23014,-6.18932,-0.424094,20.8341,-41.025,592,355.635
33.3297,19.9779,0.598953,2.95144,6.18158,3.78065,20.609,-39.1139,593,356.2
33.3226,19.3714,0.606479,-3.12999,-6.08144,-2.45241,19.109,-35.8259,594,356.811
33.4111,18.741,0.636644,3.00227,6.13226,3.0933,17.9512,-33.6626,595,357.355
33.4425,18.1827,0.559139,-3.19781,-6.20007,-1.11643,15.8823,-33.5249,596,358.008
33.5631,17.6146,0.580778,2.93243,6.13023,2.74352,16.3907,-33.076,597,358.571
33.6028,17.0511,0.564872,-3.21204,-6.14447,-4.21964,15.1611,-34.9728,598,359.219
33.7105,16.4234,0.636882,2.97176,6.1838,-2.73427,12.5762,-36.235,599,359.748
33.7509,15.8417,0.583111,-3.21098,-6.18274,-4.1869,10.9462,-37.9711,600,360.397
33.9026,15.2209,0.639079,2.9019,6.11287,0.453594,11.3231,-39.0853,601,360.962
33.9428,14.6287,0.593572,-3.20938,-6.11127,0.523568,10.7965,-41.5219,602,361.571
34.0483,14.0257,0.612178,2.96837,6.17775,6.4689,14.3176,-41.9371,603,362.157
34.0425,13.4621,0.563634,-3.13116,-6.09953,2.64295,13.5996,-43.7393,604,362.804
34.1366,12.8246,0.644362,2.99501,6.12617,7.97532,17.0348,-40.9724,605,363.332
34.2194,12.215,0.615165,3.00659,0.0115815,9.96066,22.0872,-34.2814,606,363.941
34.4782,11.753,0.529643,2.63097,-0.37562,20.71,15.0082,-28.9935,607,364.59
34.6707,11.256,0.532931,2.77203,0.141056,12.1235,16.9431,-27.9518,608,365.199
34.9148,10.6911,0.615413,2.73371,-0.0383201,11.435,12.1689,-23.9093,609,365.764
34.9294,10.1371,0.554142,-3.16785,-5.90156,1.97726,8.46964,-25.4924,610,366.432
34.9269,9.49883,0.638315,-3.13777,0.0300874,7.55195,10.4804,-25.8645,611,367.018
34.8197,8.91253,0.596023,-2.9607,0.177067,4.35922,7.60507,-30.6181,612,367.607
34.7951,8.30389,0.609138,-3.10118,-0.140478,6.65548,9.95235,-30.3688,613,368.153
34.7083,7.70326,0.606862,-2.99809,0.103091,5.9023,10.7921,-30.7102,614,368.64
34.6257,7.28647,0.424896,-2.94603,0.0520572,3.23562,6.91287,-32.3078,615,369.449
34.2678,6.98815,0.465918,-2.26564,0.680387,-3.98171,3.05463,-32.6756,616,370.016
33.7318,6.93276,0.53887,-1.67378,0.591866,0.904699,-2.70406,-30.629,617,370.625
33.2078,6.88859,0.525875,-1.65488,0.0189012,3.27358,-1.93924,-30.7999,618,371.293
32.6809,6.81989,0.531364,-1.70046,-0.0455836,6.53985,1.36564,-29.6656,619,371.965
32.1801,6.8538,0.502009,-1.50319,0.197265,8.43738,8.89764,-29.2607,620,372.671
31.5535,6.86886,0.626716,-1.54677,-0.0435718,1.95816,8.07023,-32.01,621,373.239
30.9606,6.97579,0.602434,-1.39235,0.154415,4.17612,0.926137,-34.0957,622,373.805
30.342,6.88276,0.625608,-1.72006,-0.327704,0.470906,-3.83992,-34.61,623,374.353
29.7825,6.83627,0.561444,-1.65368,0.0663732,3.55463,-7.26137,-31.5263,624,374.981
29.1671,6.61186,0.655024,-1.92049,-0.266809,-1.82454,-7.55469,-31.0392,625,375.508
28.5955,6.56697,0.573339,-1.64917,0.271325,4.53787,-8.45431,-29.7571,626,376.156
27.9415,6.46165,0.662421,-1.73046,-0.0812988,0.508457,-6.7105,-29.7383,627,376.706
27.3681,6.48611,0.573937,-1.52817,0.20229,1.60635,-6.09587,-25.6519,628,377.355
26.753,6.46453,0.615504,-1.60587,-0.0776908,-1.58846,-7.15212,-23.7226,629,377.898
26.275,6.6217,0.503138,-1.2531,0.352766,7.07899,-5.92797,-21.0435,630,378.587
25.8334,7.0209,0.595291,-0.83577,0.41733,9.33555,2.35747,-21.694,631,379.092
25.8334,7.0209,0,1.07689,1.91266,-9.55398,-10.431,-25.1208,632,380.024
26.4891,7.14067,0.666521,1.39012,0.313231,-3.27779,-12.7855,-28.9095,633,380.491
26.992,7.14426,0.5029,1.56365,0.17353,6.86542,-15.0473,-28.4909,634,381.24
27.5688,7.20372,0.579899,1.46808,-0.0955687,6.1584,-16.9999,-28.7832,635,381.869
28.1421,7.20721,0.573302,1.56471,0.0966246,5.6356,-14.7183,-29.0394,636,382.517
28.7715,7.3089,0.6375,1.4106,-0.154104,-0.315601,-14.2418,-31.2673,637,383.064
29.2922,7.36144,0.523427,1.47026,0.0596569,-0.866991,-11.3848,-33.4745,638,383.735
29.8482,7.47742,0.567933,1.36514,-0.105124,-0.113065,-7.78742,-32.8731,639,384.319
30.4323,7.47133,0.584123,1.58121,0.216077,1.17843,1.07522,-29.6617,640,384.927
31.0621,7.54533,0.634158,1.45384,-0.127373,7.63311,4.34047,-28.5124,641,385.514
31.6285,7.49948,0.568278,1.65157,0.197734,10.9114,-1.24649,-28.3479,642,386.163
32.179,7.51054,0.550538,1.5507,-0.10087,10.3329,-9.39217,-28.1185,643,386.793
32.7093,7.49766,0.530454,1.59508,0.0443804,6.57859,-11.9544,-28.9775,644,387.461
33.2416,7.58373,0.539246,1.41049,-0.184591,-2.55961,-10.7591,-32.9574,645,388.135
33.7923,7.69207,0.561228,1.37655,-0.0339415,-2.64838,-11.3736,-35.3904,646,388.757
34.3661,7.89515,0.608651,1.23061,-0.145942,-2.86829,-7.53999,-37.4277,647,389.35
34.9562,7.87435,0.590467,1.60603,0.375426,-2.29607,-7.86716,-37.8275,648,389.891
35.4927,7.7718,0.546299,1.75964,0.153605,-1.34994,-9.22353,-38.3883,649,390.48
36.029,7.63941,0.552403,1.8128,0.0531613,-1.58486,-9.53065,-38.9088,650,391.065
36.029,7.63941,0,1.72548,-0.0873188,-8.04999,-4.34645,-39.8964,651,392.788
36.4806,7.77459,0.471331,1.2799,-0.44558,-2.27891,5.91369,-39.9347,652,393.579
37.0338,7.78543,0.553333,1.55122,0.271319,1.6789,6.23858,-40.4311,653,394.227
37.6394,7.75012,0.606665,1.62902,0.0777977,10.18,3.61773,-42.6751,654,394.815
38.1043,7.42757,0.565836,2.17736,0.548343,4.20895,12.5978,-43.1376,655,395.422
38.4573,7.05962,0.509894,2.37693,0.199572,3.78415,17.3368,-42.4898,656,396.072
38.793,6.55614,0.605131,2.55355,0.176615,3.41697,20.6268,-38.3696,657,396.64
39.0697,6.0553,0.572181,2.63688,0.0833344,-0.601931,20.0748,-37.8007,658,397.225
39.2232,5.51829,0.558501,2.86325,0.226368,-7.39667,15.7035,-37.8275,659,397.854
39.4104,4.93506,0.61256,2.83091,-0.0323366,-5.70251,17.9786,-37.9078,660,398.401
39.5138,4.3688,0.57562,2.96094,0.130028,-14.3129,13.5468,-39.9689,661,399.028
39.7059,3.78228,0.617159,2.82519,-0.135749,-5.30134,19.6395,-39.265,662,399.555
39.8145,3.22451,0.568238,2.9493,0.124106,-7.12296,16.3627,-39.1688,663,400.162
39.987,2.62387,0.624926,2.86191,-0.0873871,-2.0452,18.5597,-38.6541,664,400.71
40.0656,2.08495,0.544625,2.99671,0.134798,-6.47644,13.9177,-37.1531,665,401.358
40.1953,1.52502,0.574752,2.91405,-0.0826634,-4.24279,12.6559,-35.9411,666,401.904
40.2899,0.978343,0.554799,2.97022,0.0561759,-4.57899,11.6202,-34.8305,667,402.553
40.4866,0.364447,0.644658,2.83142,-0.1388,1.10635,12.324,-34.2291,668,403.079
40.6691,-0.194326,0.587813,2.82595,-0.00547414,0.517471,11.2802,-34.4289,669,403.668
40.8106,-0.794899,0.617008,2.91027,0.0843212,-3.79801,8.79426,-34.8162,670,404.214
40.8092,-1.3347,0.539806,-3.13902,-6.04929,-5.21223,6.81797,-36.1103,671,404.848
40.8987,-1.93768,0.609588,2.99418,6.1332,-1.99554,10.1476,-37.0145,672,405.393
40.9692,-2.50585,0.572534,3.0181,0.0239186,1.73372,13.7218,-39.0371,673,406.019
41.1241,-3.11419,0.62773,2.89238,-0.125724,8.14392,17.6546,-40.8338,674,406.566
41.4094,-3.54986,0.520785,2.56176,-0.330614,18.4908,7.81593,-42.6185,675,407.192
41.6777,-4.02656,0.547031,2.62892,0.0671593,19.8391,8.17001,-44.8373,676,407.82
41.7258,-4.53057,0.506305,-3.23677,-5.86569,8.36327,24.2341,-44.4549,677,408.489
41.8611,-5.09931,0.584592,2.90812,6.14489,13.5393,27.8811,-43.9611,678,409.1
41.8682,-5.66189,0.562629,-3.1543,-6.06242,3.24276,33.8694,-45.005,679,409.724
41.9668,-6.25209,0.598376,2.97609,6.13039,10.039,37.0602,-42.8802,680,410.312
41.871,-6.79383,0.550143,-2.96661,-5.94269,-10.0476,38.5751,-43.4809,681,410.959
41.8648,-7.27959,0.485804,-3.12883,-0.16222,-8.53354,31.1149,-41.0103,682,411.71
41.6248,-7.80363,0.576376,-2.71211,0.416716,-25.4077,15.0956,-41.7611,683,412.236
41.3465,-8.40813,0.665513,-2.71006,0.00204893,-25.1832,13.1697,-42.4918,684,412.722
41.0125,-8.78209,0.501363,-2.41267,0.297395,-26.4328,2.37607,-44.0119,685,413.329
40.6016,-8.92442,0.434852,-1.90426,0.508405,-7.6144,-24.3398,-48.1443,686,414.018
40.6016,-8.92442,0,-1.54146,0.3628,13.0796,-22.0135,-50.1057,687,414.87
40.0848,-8.99671,0.521884,-1.70974,-0.168282,0.761408,-18.9476,-53.2862,688,415.541
39.5348,-9.07646,0.555705,-1.71481,-0.00506604,-0.969747,-16.2659,-52.1297,689,416.167
38.9651,-9.1602,0.575831,-1.71675,-0.00193968,2.26243,-14.7504,-51.1805,690,416.754
38.3767,-9.12931,0.589217,-1.51834,0.198408,11.3719,-14.1129,-50.5011,691,417.381
37.8036,-9.28786,0.594627,-1.8407,-0.32236,-3.81521,-13.5241,-52.7717,692,417.97
37.1749,-9.36366,0.633298,-1.69077,0.14993,4.52175,-17.9152,-51.9531,693,418.557
36.5723,-9.45864,0.609991,-1.72714,-0.0363732,0.349766,-17.6241,-52.6399,694,419.144
35.9651,-9.51692,0.609977,-1.66648,0.0606608,0.965342,-17.5427,-50.4298,695,419.711
35.3439,-9.61794,0.629338,-1.73201,-0.0655317,-4.53711,-13.3722,-48.3377,696,420.293
34.7461,-9.68711,0.601783,-1.68598,0.0460301,-3.32507,-11.8875,-47.3955,697,420.869
34.1852,-9.79319,0.570922,-1.7577,-0.0717118,-5.11205,-12.061,-45.9163,698,421.454
33.5661,-9.83502,0.620436,-1.63826,0.119435,0.732561,-12.8986,-45.7359,699,422.006
32.9432,-9.93412,0.630822,-1.72856,-0.0902942,-1.06413,-14.2933,-44.1997,700,422.547
32.3506,-9.99594,0.595769,-1.67475,0.053809,0.109336,-16.2627,-43.7635,701,423.156
31.7573,-10.1305,0.608418,-1.79383,-0.119082,-4.69295,-15.6164,-43.3351,702,423.724
31.1501,-10.2045,0.611595,-1.69207,0.101755,-3.49721,-16.2537,-45.1064,703,424.351
30.4759,-10.2944,0.680173,-1.70341,-0.0113407,-5.95179,-13.5356,-45.0558,704,424.857
29.9396,-10.3316,0.537678,-1.64004,0.0633717,-2.56448,-13.9618,-44.3224,705,425.507
29.3076,-10.4017,0.635862,-1.68115,-0.0411118,-3.78936,-12.6339,-42.3553,706,426.036
28.7312,-10.4487,0.578309,-1.65214,0.0290139,-1.62844,-14.7394,-39.9427,707,426.642
28.113,-10.5577,0.627669,-1.74545,-0.0933101,-2.74933,-13.5456,-39.9344,708,427.208
27.5302,-10.6006,0.584471,-1.64421,0.101243,1.92162,-11.7816,-39.7331,709,427.835
26.8719,-10.7328,0.671412,-1.76895,-0.124748,-0.0431595,-9.03277,-40.5168,710,428.362
26.3074,-10.8052,0.569103,-1.69831,0.0706457,4.28848,-9.82074,-42.4635,711,428.971
25.705,-10.9218,0.613586,-1.76213,-0.0638176,3.25642,-10.0058,-45.0582,712,429.518
25.1396,-11.0106,0.572351,-1.72652,0.0356055,4.19543,-10.4639,-48.1059,713,430.144
24.5565,-11.1331,0.595843,-1.77785,-0.0513312,-0.416679,-6.48635,-49.6894,714,430.674
23.9636,-11.2226,0.599561,-1.72058,0.0572705,1.00457,-9.31865,-50.4392,715,431.299
23.3567,-11.3494,0.619982,-1.77683,-0.056245,1.24932,-11.6561,-51.2285,716,431.885
22.7749,-11.3959,0.583697,-1.65049,0.126337,-2.85081,-6.93479,-51.4155,717,432.494
22.1343,-11.5018,0.649282,-1.7347,-0.0842068,-2.14396,-10.8795,-52.3032,718,433.042
21.5516,-11.5746,0.587284,-1.69503,0.0396635,-0.844792,-13.6868,-50.9375,719,433.67
20.8798,-11.7006,0.683482,-1.75618,-0.0611508,-5.78613,-13.4657,-48.8345,720,434.176
20.347,-11.7503,0.535104,-1.66392,0.0922688,-1.02876,-13.5546,-46.4734,721,434.824
19.6966,-11.8922,0.665708,-1.78555,-0.121631,-3.80713,-12.2721,-45.5109,722,435.353
19.1328,-11.9326,0.56526,-1.64231,0.143233,2.43094,-15.2809,-45.9953,723,435.999
18.4872,-12.0487,0.655945,-1.74881,-0.106494,-0.667619,-13.6634,-48.6322,724,436.527
17.9034,-12.0945,0.58561,-1.64903,0.0997763,-0.267097,-18.6105,-49.7531,725,437.153
17.247,-12.2245,0.669168,-1.76632,-0.117294,-6.34442,-16.8588,-50.223,726,437.703
16.6453,-12.2465,0.602097,-1.60736,0.158962,0.497762,-19.8146,-47.1032,727,438.31
16.0263,-12.3339,0.625098,-1.71107,-0.103703,-0.11327,-16.928,-47.5983,728,438.877
15.4233,-12.339,0.603073,-1.57916,0.131907,6.07135,-17.4061,-46.775,729,439.464
14.7925,-12.4299,0.637251,-1.71404,-0.134882,2.67454,-18.2676,-46.9228,730,439.99
14.213,-12.4595,0.580276,-1.62172,0.0923215,4.05951,-18.1998,-45.9184,731,440.641
13.565,-12.5935,0.66175,-1.77472,-0.153003,-1.29862,-19.0411,-44.9337,732,441.145
13.02,-12.6694,0.550238,-1.70915,0.0655751,0.200945,-18.9962,-45.1569,733,441.773
12.3624,-12.835,0.678166,-1.81751,-0.108359,-3.93904,-22.012,-42.9737,734,442.283
11.8079,-12.959,0.568193,-1.79092,0.0265858,-5.72722,-20.4869,-43.0335,735,442.927
11.1992,-13.1449,0.636442,-1.86712,-0.0761988,-8.99232,-19.6766,-41.881,736,443.456
10.6222,-13.2506,0.586568,-1.75201,0.115106,-4.36289,-24.1599,-41.6867,737,444.067
10.0205,-13.4069,0.6217,-1.825,-0.0729866,-9.5974,-22.3484,-42.7934,738,444.592
9.45921,-13.4963,0.568341,-1.72863,0.0963689,-4.4464,-26.6051,-42.3164,739,445.237
8.82565,-13.6831,0.660543,-1.85761,-0.128975,-9.72066,-25.7205,-43.2681,740,445.769
8.21374,-13.802,0.62335,-1.76269,0.0949145,-0.796086,-31.0829,-45.4539,741,446.372
7.61221,-13.9679,0.623993,-1.83994,-0.0772506,-6.79732,-31.4194,-50.2742,742,446.919
7.01057,-14.0908,0.614053,-1.77221,0.0677286,-7.12548,-31.048,-54.602,743,447.528
6.36907,-14.2351,0.65754,-1.79208,-0.0198695,-11.4991,-32.1588,-52.9412,744,448.078
5.81085,-14.3267,0.565676,-1.73337,0.0587115,-8.76304,-29.0601,-51.6026,745,448.723
5.18329,-14.5051,0.652442,-1.84784,-0.114474,-15.9154,-21.5552,-49.7129,746,449.269
4.61495,-14.6055,0.577121,-1.74552,0.102326,-9.598,-24.6839,-46.8487,747,449.93
3.95573,-14.7743,0.680508,-1.8216,-0.0760809,-13.0614,-22.5394,-45.8658,748,450.424
3.41311,-14.8493,0.547773,-1.70798,0.113619,-8.21922,-20.2342,-48.4045,749,451.072
2.78063,-14.9965,0.649399,-1.79959,-0.0916066,-12.1399,-15.4156,-49.0839,750,451.621
2.18621,-15.0237,0.595036,-1.61646,0.183127,-7.54973,-16.1804,-50.2779,751,452.234
1.55995,-15.113,0.632591,-1.71239,-0.0959263,-9.50176,-12.6125,-51.939,752,452.795
0.966647,-15.1437,0.594103,-1.62254,0.0898428,-3.48402,-13.1251,-54.3273,753,453.361
0.335784,-15.2581,0.641153,-1.7502,-0.127653,-9.69049,-12.5024,-54.1242,754,453.908
-0.184832,-15.3592,0.530346,-1.76265,-0.0124544,-9.01088,-13.0712,-51.4388,755,454.579
-0.86836,-15.5088,0.699711,-1.78628,-0.0236304,-12.4652,-12.9888,-51.8659,756,455.064
-0.86836,-15.5088,0,-1.64137,0.14491,-6.17157,-16.6387,-51.6466,757,455.328
-1.48337,-15.431,0.619912,-1.44496,0.196407,-0.503626,-15.7442,-52.0059,758,455.791
-1.48337,-15.431,0,-0.264865,1.1801,0.726621,13.5326,-53.4161,759,456.824
-1.53952,-14.5565,0.876326,-0.0641216,0.200744,-5.13498,15.9703,-53.0938,760,457.129
-1.47417,-13.9338,0.626134,0.104576,0.168698,-10.4749,18.8665,-51.0715,761,457.636
-1.51784,-13.3414,0.594037,-0.0735874,-0.178164,-6.31707,21.9885,-51.2834,762,458.265
-1.48836,-12.7226,0.619483,0.0476111,0.121199,-3.25628,21.8377,-50.4694,763,458.872
-1.51308,-12.0639,0.659148,-0.0375182,-0.0851293,-2.18448,21.6845,-51.348,764,459.398
-1.46084,-11.4803,0.585946,0.0892808,0.126799,-8.82044,14.3925,-52.4274,765,460.028
-1.5367,-10.814,0.670646,-0.113366,-0.202647,-8.66706,7.43766,-53.2309,766,460.594
-1.48132,-10.2036,0.612825,0.0905006,0.203867,-3.9517,14.5569,-50.4613,767,461.18
-1.52031,-9.51634,0.688408,-0.0566709,-0.147171,-1.81172,12.8544,-49.4379,768,461.687
-1.55097,-8.91852,0.598606,-0.0512506,0.00542027,-0.761361,16.1701,-46.2314,769,462.276
-1.6386,-8.32792,0.597062,-0.147289,-0.0960385,-1.42354,14.0345,-45.928,770,462.824
-1.68459,-7.74512,0.584619,-0.0787549,0.0685342,-6.62424,13.8842,-44.2702,771,463.43
-1.81371,-7.12474,0.63367,-0.205206,-0.126451,-2.53947,14.5172,-43.9438,772,463.977
-1.86936,-6.53524,0.592124,-0.0941199,0.111086,-8.121,12.135,-43.5548,773,464.605
-1.98357,-5.92524,0.620595,-0.185081,-0.0909606,-5.98082,12.5387,-41.7487,774,465.152
-2.05637,-5.34685,0.582957,-0.12521,0.0598703,-11.7915,9.182,-42.0183,775,465.779
-2.17899,-4.69977,0.658589,-0.187273,-0.0620631,-10.1315,12.2554,-40.3691,776,466.305
-2.24764,-4.13407,0.569855,-0.120771,0.0665028,-9.58328,11.8362,-39.2697,777,466.957
-2.39781,-3.48035,0.670742,-0.225802,-0.105032,-5.89899,14.5294,-38.227,778,467.482
-2.46124,-2.87296,0.610702,-0.104056,0.121746,-7.42252,14.5288,-35.9301,779,468.11
-2.59145,-2.23573,0.650393,-0.201558,-0.0975011,-9.6315,12.165,-33.5382,780,468.678
-2.59624,-1.69225,0.543505,-0.00880716,0.19275,-10.6997,6.5531,-29.4792,781,469.329
-2.5787,-1.12418,0.568339,0.0308675,0.0396746,-14.5518,2.07669,-21.0941,782,469.953
-2.30708,-0.728031,0.480319,0.601026,0.570159,-12.6116,-7.07436,-21.9713,783,470.743
-1.90772,-0.427307,0.499927,0.925374,0.324348,-6.40821,-13.6594,-23.06,784,471.311
-1.90772,-0.427307,0,0.881974,-0.0433995,-7.55558,-12.6522,-23.5822,785,472.181
-1.27422,0.0928523,0.819686,0.883327,0.00135225,-8.28288,-13.054,-23.251,786,472.525
-1.27422,0.0928523,0,1.6398,0.756471,6.18968,-9.58267,-28.0063,787,474.227
-0.61342,0.121991,0.66144,1.52673,-0.113068,6.48677,-11.2815,-26.0445,788,474.613
-0.157474,0.11016,0.4561,1.59674,0.0700099,9.91452,-13.4927,-25.6191,789,475.261
