0,0,0,0.295925,0,1
0.160304,0.644903,0.664528,0.243633,-0.0522921,2
0.392274,1.3989,0.788875,0.298463,0.0548301,3
0.555161,2.08286,0.703089,0.233797,-0.0646658,4
0.70981,2.81573,0.749008,0.207968,-0.0258298,5
0.856416,3.6093,0.806995,0.182684,-0.0252834,6
1.00374,4.35834,0.763392,0.194202,0.0115178,7
1.13068,5.13326,0.785254,0.162368,-0.0318341,8
1.31197,5.91688,0.804317,0.227356,0.0649877,9
1.43888,6.64994,0.743959,0.171423,-0.055933,10
1.59445,7.35717,0.724142,0.216517,0.0450944,11
1.73591,8.16728,0.822365,0.172876,-0.043641,12
1.9097,8.95595,0.807592,0.216892,0.0440161,13
2.02771,9.70377,0.757077,0.156518,-0.0603743,14
2.1906,10.4221,0.736522,0.223001,0.0664831,15
2.3138,11.1954,0.783107,0.157985,-0.0650162,16
2.4491,11.9896,0.80566,0.168726,0.0107412,17
2.5619,12.7984,0.816623,0.138574,-0.0301521,18
2.71433,13.5489,0.765766,0.200403,0.0618289,19
2.85214,14.306,0.769621,0.18003,-0.0203729,20
3.00719,15.0335,0.743833,0.209987,0.0299572,21
3.10707,15.7803,0.753446,0.132951,-0.0770364,22
3.25289,16.5268,0.760613,0.19292,0.0599694,23
3.36604,17.3122,0.793479,0.143075,-0.0498445,24
3.53492,18.1057,0.811269,0.209712,0.0666367,25
3.62648,18.8426,0.742576,0.123605,-0.0861072,26
3.78384,19.6051,0.778569,0.203523,0.0799184,27
3.9354,20.3898,0.799207,0.190794,-0.0127295,28
4.11728,21.0431,0.678085,0.271543,0.0807495,29
4.29805,21.7438,0.723705,0.25246,-0.0190832,30
4.55697,22.5314,0.829061,0.317617,0.065157,31
4.80575,23.263,0.772684,0.327815,0.0101985,32
5.06745,24.0491,0.828579,0.321342,-0.00647391,33
5.2822,24.7671,0.74945,0.290614,-0.0307271,34
5.53078,25.5108,0.784102,0.322593,0.0319781,35
5.74008,26.2422,0.760739,0.278722,-0.0438706,36
6.00599,27.0102,0.812742,0.333312,0.0545904,37
6.21558,27.6975,0.718602,0.295962,-0.0373505,38
6.45049,28.362,0.704715,0.339851,0.0438893,39
6.68544,29.1132,0.787153,0.3031,-0.0367514,40
6.94708,29.82,0.753603,0.354564,0.0514647,41
7.16926,30.4651,0.682344,0.331659,-0.0229059,42
7.42362,31.1887,0.767004,0.338039,0.00638006,43
7.63946,31.8928,0.736466,0.297439,-0.0406,44
7.90683,32.6445,0.797779,0.341762,0.0443235,45
8.12918,33.3669,0.755857,0.298574,-0.0431876,46
8.38434,34.0922,0.768888,0.338276,0.0397018,47
8.59765,34.8638,0.800535,0.269715,-0.0685612,48
8.83923,35.5605,0.737423,0.333765,0.0640498,49
9.07132,36.3511,0.823923,0.285557,-0.048208,50
9.34785,37.1076,0.805443,0.350455,0.0648981,51
9.57506,37.8542,0.780453,0.295404,-0.0550505,52
9.85477,38.5712,0.769635,0.371954,0.0765492,53
10.1131,39.2911,0.764774,0.344556,-0.0273978,54
10.3776,39.998,0.754799,0.358016,0.0134605,55
10.5888,40.7367,0.768332,0.27841,-0.0796059,56
10.8469,41.4583,0.766314,0.343583,0.0651725,57
11.0453,42.1887,0.756901,0.265256,-0.0783268,58
11.2985,42.9576,0.809508,0.318095,0.0528388,59
11.512,43.7228,0.794383,0.272082,-0.0460134,60
11.7821,44.5036,0.826239,0.333014,0.0609328,61
11.9932,45.2151,0.742128,0.288438,-0.0445761,62
12.2847,45.9951,0.832745,0.357594,0.069156,63
12.4869,46.721,0.753477,0.271686,-0.0859078,64
12.7642,47.5248,0.850372,0.332222,0.0605354,65
12.9348,48.2181,0.713935,0.241261,-0.0909604,66
13.1667,48.9752,0.791872,0.297294,0.0560322,67
13.391,49.7321,0.78939,0.288026,-0.00926759,68
13.6429,50.4365,0.748035,0.343473,0.0554471,69
13.8873,51.1963,0.798206,0.311207,-0.0322656,70
14.1277,51.8808,0.725455,0.337758,0.0265504,71
14.4389,52.6772,0.8551,0.37254,0.0347827,72
14.7469,53.3652,0.753752,0.420943,0.048402,73
14.9971,54.0295,0.709831,0.360173,-0.0607694,74
15.2579,54.7586,0.774342,0.343446,-0.0167271,75
15.4545,55.4956,0.762816,0.260688,-0.0827579,76
15.6741,56.1933,0.731395,0.304936,0.0442483,77
15.8668,56.9934,0.82297,0.23638,-0.0685563,78
16.0448,57.7204,0.748496,0.240105,0.00372537,79
16.1668,58.4618,0.751331,0.163114,-0.0769911,80
16.3473,59.2337,0.792755,0.229718,0.0666037,81
16.5132,60.0137,0.797471,0.209565,-0.0201529,82
16.7124,60.7261,0.739669,0.272658,0.0630926,83
16.8561,61.4808,0.768317,0.188119,-0.0845385,84
17.0419,62.2416,0.783106,0.239589,0.0514696,85
17.1222,62.9495,0.712525,0.112952,-0.126637,86
16.9978,63.8025,0.861979,-0.144876,-0.257828,87
16.9978,63.8025,0,-1.26726,-1.12238,88
16.2238,64.0495,0.812427,-1.26185,0.00540343,89
15.4193,64.3832,0.871027,-1.1776,0.0842529,90
14.8396,64.6162,0.62471,-1.18862,-0.0110236,91
14.8396,64.6162,0,-1.22052,-0.0318986,92
14.8396,64.6162,0,-1.13885,0.081672,93
14.8396,64.6162,0,-1.15375,-0.0148952,94
14.158,65.018,0.791272,-1.03816,0.115588,95
13.6396,65.6221,0.795942,-0.709151,0.329008,96
13.4553,66.204,0.610437,-0.306859,0.402292,97
13.1146,66.8815,0.758336,-0.46586,-0.159001,98
12.7866,67.5498,0.744472,-0.456293,0.00956744,99
12.3802,68.2399,0.800894,-0.532244,-0.0759508,100
12.0358,68.9182,0.760648,-0.469739,0.0625044,101
11.6572,69.62,0.797459,-0.494722,-0.0249829,102
11.3089,70.2948,0.759417,-0.476551,0.0181711,103
10.9446,70.9525,0.751816,-0.505853,-0.0293022,104
10.6267,71.6249,0.743703,-0.441609,0.0642439,105
10.2466,72.3521,0.820575,-0.481646,-0.0400372,106
9.93397,73.047,0.761973,-0.422767,0.0588797,107
9.58749,73.6812,0.722688,-0.5,-0.0772334,108
9.27957,74.3625,0.747669,-0.42448,0.0755197,109
8.93701,75.0707,0.786708,-0.45052,-0.0260392,110
8.63828,75.766,0.756777,-0.405788,0.0447318,111
8.33652,76.3951,0.697663,-0.447296,-0.0415081,112
8.03925,77.1682,0.828298,-0.367074,0.0802214,113
7.7296,77.9568,0.847198,-0.374173,-0.00709874,114
7.50685,78.6612,0.738837,-0.306249,0.0679242,115
7.24363,79.4164,0.7997,-0.335408,-0.0291587,116
7.06677,80.1277,0.732957,-0.2437,0.0917075,117
6.91212,80.8331,0.722195,-0.215806,0.0278942,118
7.11611,81.5303,0.72646,0.284621,0.500427,119
7.34666,82.27,0.774746,0.302165,0.0175433,120
7.56766,83.0296,0.791075,0.283129,-0.019036,121
7.73084,83.7769,0.764955,0.214974,-0.0681548,122
7.93722,84.4939,0.746097,0.280273,0.0652986,123
8.11977,85.2554,0.783109,0.235277,-0.0449959,124
8.3209,86.0326,0.802754,0.253249,0.0179719,125
8.49687,86.8079,0.795018,0.223191,-0.0300579,126
8.68122,87.5188,0.734457,0.253705,0.0305145,127
8.82968,88.2492,0.745358,0.200521,-0.0531843,128
9.01596,88.9444,0.719694,0.26181,0.0612894,129
9.17186,89.682,0.753886,0.208303,-0.0535076,130
9.3715,90.4269,0.771152,0.261874,0.0535712,131
9.53057,91.1365,0.727244,0.220503,-0.0413707,132
9.73736,91.8674,0.759645,0.2757,0.0551966,133
9.90045,92.5844,0.735224,0.223683,-0.0520164,134
10.1283,93.3407,0.789905,0.292634,0.0689507,135
10.3176,94.0673,0.750907,0.254773,-0.0378605,136
10.5413,94.8539,0.817729,0.277197,0.0224235,137
10.7102,95.6425,0.80649,0.21092,-0.0662773,138
10.8525,96.3809,0.75199,0.190408,-0.0205114,139
10.9193,97.2015,0.823313,0.081187,-0.109221,140
11.0198,97.938,0.743321,0.135678,0.0544907,141
11.053,98.6423,0.705145,0.0470375,-0.0886403,142
11.1252,99.384,0.745199,0.0971301,0.0500927,143
11.1626,100.158,0.775186,0.0482067,-0.0489234,144
11.256,100.899,0.746718,0.125404,0.077197,145
11.2956,101.655,0.757313,0.0522873,-0.0731164,146
11.4355,102.376,0.733868,0.191844,0.139557,147
11.6609,103.092,0.751043,0.304809,0.112966,148
11.9443,103.798,0.760503,0.381831,0.0770215,149
12.1884,104.528,0.769446,0.322871,-0.05896,150
12.4495,105.243,0.761381,0.350008,0.0271372,151
12.6295,105.98,0.759051,0.239358,-0.110651,152
12.8517,106.724,0.776195,0.290363,0.0510052,153
13.0396,107.441,0.740905,0.256456,-0.0339069,154
13.302,108.226,0.828325,0.322383,0.0659269,155
13.5205,108.967,0.772308,0.286785,-0.0355977,156
13.8088,109.787,0.868757,0.338295,0.0515101,157
13.9461,110.504,0.730564,0.189077,-0.149218,158
14.0152,111.183,0.681917,0.101432,-0.0876456,159
13.5393,111.674,0.683859,-0.76961,-0.871042,160
12.8094,112.247,0.92809,-0.905095,-0.135484,161
12.2248,112.58,0.672812,-1.05297,-0.147874,162
11.5566,112.953,0.76542,-1.06116,-0.00819335,163
10.8676,113.333,0.786931,-1.06681,-0.00565104,164
10.2024,113.71,0.764181,-1.05598,0.010833,165
9.50557,114.015,0.76088,-1.15761,-0.101629,166
8.84789,114.339,0.733055,-1.11336,0.0442543,167
8.17292,114.628,0.734385,-1.16576,-0.0524037,168
7.48729,114.975,0.768194,-1.10293,0.0628312,169
6.82548,115.227,0.708156,-1.20701,-0.104079,170
6.12486,115.523,0.760812,-1.17034,0.0366642,171
5.45734,115.775,0.713276,-1.21064,-0.0402932,172
4.71305,116.1,0.812406,-1.15838,0.0522543,173
4.0588,116.349,0.699747,-1.20823,-0.0498483,174
3.36194,116.635,0.75338,-1.18098,0.0272509,175
2.64513,116.867,0.753435,-1.2577,-0.0767188,176
1.93287,117.131,0.759718,-1.21545,0.0422472,177
1.18802,117.355,0.777621,-1.27948,-0.0640271,178
0.464374,117.606,0.765938,-1.23692,0.0425537,179
-0.259171,117.772,0.742339,-1.3453,-0.108377,180
-1.06249,117.994,0.833595,-1.30043,0.0448669,181
-1.73238,118.133,0.684059,-1.36692,-0.0664835,182
-2.47742,118.356,0.777837,-1.27938,0.0875369,183
-3.24119,118.501,0.777433,-1.38304,-0.103661,184
-3.92811,118.669,0.70718,-1.33086,0.0521804,185
-4.73669,118.801,0.819217,-1.40948,-0.0786205,186
-5.46582,118.972,0.748955,-1.3402,0.0692802,187
-5.46582,118.972,0,-2.16093,-0.82073,188
-6.02947,118.546,0.706506,-2.21797,-0.0570385,189
-6.69876,118.098,0.805547,-2.16096,0.0570151,190
-7.23776,117.683,0.680138,-2.22672,-0.0657611,191
-7.85485,117.286,0.733713,-2.14236,0.0843532,192
-8.42179,116.865,0.706275,-2.20976,-0.0673945,193
-9.0205,116.459,0.723068,-2.16602,0.0437395,194
-9.48881,116.039,0.62934,-2.30237,-0.136348,195
-10.0432,115.379,0.862103,-2.44306,-0.140696,196
-10.418,114.719,0.758741,-2.62492,-0.181862,197
-10.9273,114.029,0.857689,-2.5059,0.119023,198
-11.3786,113.387,0.784502,-2.52865,-0.0227527,199
-11.8678,112.767,0.789658,-2.47342,0.0552377,200
-12.3513,112.124,0.805175,-2.49756,-0.024139,201
-12.8071,111.534,0.74487,-2.4831,0.0144549,202
-13.2355,110.884,0.778648,-2.55902,-0.0759182,203
-13.6447,110.31,0.705472,-2.5228,0.036217,204
-13.894,109.666,0.689948,-2.77185,-0.249051,205
-14.0209,108.844,0.832186,-2.98846,-0.21661,206
-14.1112,108.074,0.775171,-3.02481,-0.0363481,207
-14.3044,107.295,0.802782,-2.89861,0.1262,208
-14.4106,106.604,0.698448,-2.98896,-0.0903524,209
-14.6004,105.817,0.809772,-2.90495,0.0840139,210
-14.7638,105.063,0.77195,-2.92837,-0.0234169,211
-14.9261,104.339,0.741617,-2.92093,0.00744037,212
-15.0517,103.585,0.764181,-2.97651,-0.0555838,213
-15.2182,102.884,0.721208,-2.90856,0.0679478,214
-15.3194,102.177,0.714157,-2.99944,-0.090876,215
-15.4375,101.424,0.762229,-2.98605,0.0133855,216
-15.5359,100.599,0.830858,-3.02289,-0.0368359,217
-15.6722,99.8093,0.800974,-2.97058,0.052305,218
-15.7703,99.0692,0.746565,-3.00985,-0.0392681,219
-15.9259,98.3008,0.784008,-2.9418,0.0680535,220
-16.0094,97.5774,0.728206,-3.02663,-0.0848294,221
-16.1404,96.7969,0.79137,-2.97534,0.051288,222
-16.1901,96.1041,0.694599,-3.06996,-0.0946161,223
-16.3064,95.3313,0.781529,-2.9922,0.0777525,224
-16.425,94.5783,0.762274,-2.98536,0.00684235,225
-16.5702,93.8514,0.741248,-2.94437,0.0409878,226
-16.6516,93.0907,0.765036,-3.03502,-0.0906487,227
-16.7749,92.342,0.758864,-2.9784,0.0566179,228
-16.866,91.6013,0.746244,-3.01916,-0.0407518,229
-16.998,90.9241,0.689971,-2.94922,0.0699408,230
-17.0664,90.2466,0.680899,-3.04085,-0.091637,231
-17.1934,89.4235,0.832833,-2.98857,0.0522772,232
-17.2861,88.738,0.691721,-3.00715,-0.0185703,233
-17.4489,87.9382,0.816232,-2.94082,0.0663236,234
-17.5447,87.2141,0.730435,-3.01002,-0.0691991,235
-17.6677,86.497,0.727516,-2.97172,0.0383052,236
-17.72,85.8101,0.688948,-3.06565,-0.0939335,237
-17.72,85.8101,0,-3.00365,0.061995,238
-17.8384,85.0612,0.758176,-2.98477,0.0188798,239
-17.9421,84.286,0.782112,-3.00862,-0.0238489,240
-18.0689,83.604,0.6937,-2.95775,0.0508773,241
-18.1507,82.8212,0.787073,-3.03741,-0.0796601,242
-18.1776,82.1096,0.712109,-3.10386,-0.0664542,243
-18.1348,81.3482,0.762535,3.08542,6.18928,244
-18.1092,80.5878,0.760823,3.1079,0.0224772,245
-18.0519,79.8398,0.75026,3.06517,-0.0427293,246
-18.0127,79.1084,0.732445,3.08809,0.0229239,247
-17.914,78.3302,0.784366,3.01534,-0.0727493,248
-17.8844,77.5659,0.764945,3.10294,0.0875983,249
-17.7758,76.9148,0.660064,2.97631,-0.126631,250
-17.6943,76.1787,0.740602,3.03133,0.0550248,251
-17.5607,75.5368,0.655666,2.93635,-0.0949797,252
-17.4398,74.6708,0.874389,3.0029,0.0665482,253
-17.3048,73.909,0.773635,2.96622,-0.036685,254
-17.2404,73.1867,0.725152,3.05267,0.0864552,255
-17.1565,72.4672,0.7244,3.02543,-0.0272466,256
-17.1207,71.7427,0.725412,3.09225,0.0668228,257
-17.0568,70.9996,0.745821,3.05581,-0.0364401,258
-17.0271,70.2299,0.770313,3.1031,0.0472894,259
-16.9515,69.5067,0.727106,3.03733,-0.065771,260
-16.9283,68.7206,0.786459,3.11217,0.074841,261
-16.8563,67.9741,0.749941,3.04536,-0.0668117,262
-16.841,67.2201,0.754185,3.12133,0.0759779,263
-16.7778,66.5274,0.695536,3.05056,-0.0707781,264
-16.7508,65.7639,0.764065,3.10631,0.0557579,265
-16.7034,64.9779,0.787334,3.08134,-0.0249711,266
-16.6875,64.2503,0.727842,3.11981,0.0384701,267
-16.6214,63.4843,0.76886,3.0554,-0.0644178,268
-16.7226,62.7639,0.727447,-3.00194,-6.05734,269
-16.9222,62.035,0.755759,-2.87429,0.127649,270
-17.2262,61.3518,0.747719,-2.723,0.15129,271
-17.5118,60.6375,0.76931,-2.76116,-0.0381555,272
-17.8399,59.9586,0.754028,-2.69151,0.0696514,273
-18.1157,59.2566,0.754225,-2.76716,-0.0756527,274
-18.4574,58.5585,0.777256,-2.6864,0.080762,275
-18.7317,57.8375,0.771431,-2.77805,-0.0916485,276
-19.0376,57.1598,0.743549,-2.71768,0.0603628,277
-19.3398,56.3942,0.823044,-2.76563,-0.0479484,278
-19.6488,55.6752,0.7826,-2.73565,0.0299796,279
-19.9027,54.9567,0.762037,-2.80186,-0.0662057,280
-20.212,54.2394,0.781138,-2.73448,0.0673793,281
-20.4278,53.5504,0.722021,-2.83818,-0.103698,282
-20.5936,52.8886,0.682215,-2.89599,-0.0578147,283
-20.6601,52.1522,0.739416,-3.05164,-0.155651,284
-20.7767,51.3999,0.761277,-2.98779,0.0638523,285
-20.8017,50.6914,0.708974,-3.10631,-0.118517,286
-20.8711,49.9432,0.75139,-3.0491,0.057208,287
-20.8992,49.1967,0.747016,-3.10391,-0.054813,288
-20.985,48.397,0.804294,-3.03474,0.0691762,289
-21.0528,47.5879,0.811938,-3.05798,-0.023245,290
-21.19,46.8803,0.72076,-2.95015,0.107828,291
-21.2964,46.1298,0.758026,-3.00073,-0.0505812,292
-21.4467,45.3202,0.823443,-2.95798,0.0427487,293
-21.5149,44.5925,0.730882,-3.04817,-0.0901862,294
-21.7438,43.9518,0.680407,-2.79849,0.249678,295
-22.1039,43.2137,0.821222,-2.68766,0.110832,296
-22.5311,42.6295,0.72366,-2.51024,0.177422,297
-22.8393,41.9367,0.758306,-2.72292,-0.212678,298
-23.0655,41.2564,0.716927,-2.82065,-0.0977373,299
-23.2466,40.4843,0.793029,-2.91122,-0.0905674,300
-23.4711,39.767,0.751634,-2.83831,0.0729131,301
-23.6905,38.9561,0.840089,-2.87726,-0.0389525,302
-23.9655,38.2439,0.763446,-2.77314,0.104117,303
-24.2064,37.5417,0.742351,-2.8111,-0.0379534,304
-24.5212,36.8844,0.728832,-2.69502,0.116081,305
-24.7234,36.2852,0.632345,-2.81608,-0.121064,306
-25.0173,35.3592,0.971564,-2.83432,-0.0182392,307
-25.1785,34.6218,0.754754,-2.92635,-0.0920348,308
-25.3892,33.8854,0.765943,-2.86287,0.0634808,309
-25.5848,33.1636,0.747861,-2.877,-0.0141241,310
-25.8857,32.4233,0.79914,-2.75548,0.121519,311
-26.1385,31.7599,0.709921,-2.77762,-0.0221378,312
-26.5591,31.0844,0.795727,-2.58455,0.193071,313
-27.0275,30.4247,0.809087,-2.52422,0.0603258,314
-27.4849,29.8659,0.722097,-2.45572,0.0685041,315
-27.9316,29.2626,0.750743,-2.50422,-0.0485019,316
-28.3645,28.7175,0.696089,-2.47036,0.033861,317
-28.7179,28.0968,0.714205,-2.62401,-0.153656,318
-29.0387,27.4189,0.750009,-2.69959,-0.0755791,319
-28.9951,26.6499,0.770241,3.08488,5.78447,320
-28.9522,25.874,0.777072,3.08638,0.00149944,321
-28.8949,25.1281,0.748164,3.06487,-0.0215155,322
-28.9192,24.3875,0.740964,-3.10873,-6.17359,323
-28.8981,23.5925,0.795274,3.11512,6.22385,324
-28.9923,22.8186,0.779615,-3.02058,-6.1357,325
-29.044,21.9629,0.857262,-3.08122,-0.0606327,326
-29.1191,21.1444,0.821933,-3.05003,0.0311898,327
-29.0962,20.4101,0.734698,3.11032,6.16034,328
-29.0919,19.612,0.798072,3.13619,0.0258744,329
-29.0351,18.8695,0.744629,3.06529,-0.070899,330
-29.0084,18.0948,0.775204,3.10709,0.0417942,331
-28.952,17.3431,0.753778,3.06675,-0.0403343,332
-28.9365,16.5499,0.793336,3.12205,0.0553012,333
-28.8751,15.7789,0.773425,3.06219,-0.0598627,334
-28.8462,14.9747,0.804719,3.10562,0.0434279,335
-28.7501,14.2317,0.749193,3.01294,-0.0926739,336
-28.6989,13.4513,0.78208,3.07609,0.0631483,337
-28.5685,12.7189,0.743943,2.96543,-0.110667,338
-28.4808,12.0048,0.719455,3.01943,0.0540019,339
-28.3328,11.2797,0.740049,2.94018,-0.0792529,340
-28.2171,10.5389,0.749837,2.98673,0.0465541,341
-28.0828,9.90062,0.652231,2.93417,-0.0525599,342
-28.0503,9.241,0.660418,3.09231,0.158143,343
-28.0986,8.50243,0.740151,-3.0763,-6.16862,344
-28.181,7.79137,0.715821,-3.02621,0.0500914,345
-28.2206,7.01455,0.777827,-3.09058,-0.064373,346
-28.2749,6.25114,0.765331,-3.07068,0.0199084,347
-28.2496,5.474,0.777558,3.10908,6.17976,348
-28.2458,4.70434,0.769661,3.13662,0.02754,349
-28.1542,3.93255,0.777206,3.02356,-0.11306,350
-28.0896,3.14699,0.788212,3.05946,0.0359008,351
-27.9945,2.34324,0.80935,3.02391,-0.0355522,352
-27.9645,1.57247,0.771354,3.10261,0.0786997,353
-27.9071,0.799076,0.775522,3.06751,-0.0350933,354
-27.9218,0.0465549,0.752666,-3.122,-6.18951,355
-27.8864,-0.62819,0.675677,3.08906,6.21106,356
-27.8864,-0.62819,0,-3.07074,-6.1598,357
-28.0155,-1.39608,0.778672,-2.97502,0.0957179,358
-28.1523,-2.15194,0.768149,-2.96245,0.012575,359
-28.3672,-2.89542,0.773916,-2.86022,0.102227,360
-28.5619,-3.68621,0.814388,-2.90025,-0.0400334,361
-28.7653,-4.41591,0.757521,-2.86974,0.0305093,362
-28.9191,-5.23618,0.834573,-2.95622,-0.0864788,363
-29.1124,-6.00492,0.792677,-2.89522,0.0610011,364
-29.2806,-6.72026,0.734826,-2.91073,-0.0155129,365
-29.5011,-7.46199,0.773819,-2.85262,0.058116,366
-29.6468,-8.22229,0.774128,-2.95229,-0.0996711,367
-29.8551,-8.9734,0.779478,-2.871,0.0812862,368
-30.0001,-9.77416,0.813782,-2.96245,-0.0914505,369
-30.1661,-10.5222,0.76624,-2.9233,0.0391574,370
-30.2484,-11.1796,0.662503,-3.01701,-0.0937171,371
-30.4179,-11.9864,0.824408,-2.93453,0.0824821,372
-30.5799,-12.7626,0.792912,-2.93578,-0.00124528,373
-30.7546,-13.4576,0.716684,-2.89542,0.040354,374
-30.9382,-14.2472,0.810679,-2.91307,-0.0176447,375
-31.1203,-14.9661,0.741589,-2.89349,0.019577,376
-31.2628,-15.693,0.740713,-2.9481,-0.0546083,377
-31.4704,-16.4655,0.799882,-2.87894,0.0691533,378
-31.6391,-17.1747,0.729005,-2.90804,-0.0291,379
-31.8598,-17.9075,0.76533,-2.84918,0.0588662,380
-32.0488,-18.6276,0.744472,-2.88482,-0.0356434,381
-32.3393,-19.3781,0.804764,-2.77234,0.112484,382
-32.5998,-20.0557,0.725977,-2.7746,-0.00226392,383
-32.9272,-20.7375,0.756331,-2.69391,0.0806893,384
-33.2318,-21.4955,0.816898,-2.7594,-0.0654858,385
-33.5375,-22.1455,0.718307,-2.70208,0.057317,386
-33.8548,-22.9571,0.871385,-2.76884,-0.0667559,387
-34.1847,-23.6682,0.783912,-2.70728,0.0615562,388
-34.4433,-24.38,0.75731,-2.79304,-0.0857588,389
-34.7433,-25.0899,0.770744,-2.74179,0.0512456,390
-35.018,-25.8499,0.808047,-2.79472,-0.0529305,391
-35.3184,-26.529,0.742577,-2.72517,0.069559,392
-35.5954,-27.2585,0.780348,-2.77876,-0.0535954,393
-35.8974,-27.8993,0.708415,-2.70112,0.0776365,394
-36.0959,-28.5646,0.69423,-2.85168,-0.150558,395
-36.3686,-29.3939,0.873037,-2.82383,0.0278555,396
-36.5796,-30.1195,0.755594,-2.85861,-0.0347808,397
-36.876,-30.8124,0.753641,-2.73744,0.121166,398
-37.1343,-31.5231,0.756194,-2.79296,-0.0555142,399
-37.4126,-32.2532,0.781368,-2.77744,0.0155162,400
-37.6389,-33.0158,0.795437,-2.85308,-0.0756421,401
-37.8981,-33.7511,0.779635,-2.80273,0.0503508,402
-38.12,-34.5193,0.799658,-2.86035,-0.0576198,403
-38.3318,-35.1746,0.688695,-2.82907,0.0312815,404
-38.5152,-35.9209,0.768464,-2.90064,-0.0715681,405
-38.7188,-36.6665,0.772937,-2.87494,0.0256938,406
-38.8465,-37.3757,0.72055,-2.96348,-0.088541,407
-39.0254,-37.9869,0.636841,-2.85674,0.106748,408
-39.0254,-37.9869,0,-2.89071,-0.033974,409
-39.1516,-38.6897,0.714093,-2.96393,-0.0732162,410
-39.3341,-39.4669,0.798308,-2.91098,0.0529486,411
-39.4415,-40.1957,0.736658,-2.99529,-0.0843087,412
-39.5343,-40.8974,0.707886,-3.01008,-0.0147892,413
-39.5354,-41.6276,0.730155,-3.14021,-0.130136,414
-39.5705,-42.4248,0.798001,-3.09752,0.0426877,415
-39.6117,-43.2046,0.78088,-3.08887,0.00865884,416
-39.7565,-43.9087,0.718813,-2.93877,0.150097,417
-39.8414,-44.731,0.826653,-3.03864,-0.0998691,418
-39.9593,-45.5972,0.874211,-3.00633,0.032311,419
-39.9753,-46.3221,0.725062,-3.11954,-0.113215,420
-40.0425,-47.1384,0.819107,-3.05948,0.06006,421
-40.0522,-47.8248,0.686446,-3.12748,-0.0679988,422
-40.0873,-48.5891,0.765083,-3.09571,0.0317698,423
-40.0758,-49.2882,0.699197,3.12521,6.22092,424
-40.1283,-50.0704,0.78397,-3.07461,-6.19982,425
-40.1017,-50.81,0.740098,3.10565,6.18026,426
-40.1362,-51.5694,0.760187,-3.09616,-6.20181,427
-40.1234,-52.2567,0.687413,3.12295,6.21912,428
-40.1573,-52.8686,0.612779,-3.08617,-6.20912,429
-40.1573,-52.8686,0,-3.0566,0.0295626,430
-40.1334,-53.4987,0.630604,3.10365,6.16025,431
-40.1936,-54.2628,0.766472,-3.06299,-6.16664,432
-40.2281,-54.8731,0.611256,-3.08514,-0.0221423,433
-40.2281,-54.8731,0,3.12135,6.20649,434
-40.2611,-55.6186,0.746261,-3.09737,-6.21872,435
-40.3142,-56.3261,0.709507,-3.06661,0.0307547,436
-40.4391,-57.0918,0.775745,-2.97993,0.0866849,437
-40.5974,-57.7737,0.700082,-2.91348,0.0664445,438
-40.8562,-58.526,0.795559,-2.81034,0.10314,439
-40.9848,-59.191,0.677352,-2.95044,-0.140094,440
-41.195,-59.9289,0.767221,-2.86407,0.0863665,441
-41.3114,-60.5831,0.664497,-2.96553,-0.101462,442
-41.3114,-60.5831,0,-2.97714,-0.0116072,443
-41.4931,-61.3548,0.792761,-2.91036,0.0667826,444
-41.5927,-62.0152,0.667907,-2.99186,-0.0815032,445
-41.7852,-62.771,0.779911,-2.89224,0.0996261,446
-41.7852,-62.771,0,-2.88904,0.00319663,447
-42.0257,-63.4912,0.759307,-2.81926,0.0697813,448
-42.3525,-64.2608,0.836055,-2.74008,0.079175,449
-42.6391,-64.9939,0.787156,-2.76892,-0.0288412,450
-42.9838,-65.6606,0.750515,-2.66438,0.104544,451
-43.2991,-66.307,0.71927,-2.68778,-0.0233985,452
-43.6541,-67.0608,0.833181,-2.70144,-0.0136639,453
-43.8337,-67.7421,0.704524,-2.88394,-0.1825,454
-44.2175,-68.5292,0.875689,-2.68791,0.196036,455
-44.485,-69.2365,0.756223,-2.7799,-0.0919907,456
-44.7612,-69.9937,0.805986,-2.7919,-0.0120052,457
-44.9131,-70.6844,0.707263,-2.92508,-0.133177,458
-45.1002,-71.4477,0.785838,-2.90122,0.0238547,459
-45.2005,-72.1256,0.68529,-2.99471,-0.0934823,460
-45.2005,-72.1256,0,-2.94899,0.0457112,461
-45.2789,-72.8509,0.729548,-3.03389,-0.0848912,462
-45.2105,-73.5182,0.670834,3.03943,6.07332,463
-44.7609,-74.1605,0.783978,2.53083,-0.508602,464
-44.4536,-74.8637,0.767386,2.72964,0.198813,465
-44.2633,-75.5535,0.715631,2.87238,0.142733,466
-44.7656,-76.239,0.849805,-2.50927,-5.38164,467
-45.503,-76.7128,0.876512,-2.14191,0.367358,468
-46.1578,-76.9593,0.699669,-1.93073,0.211176,469
-46.9403,-77.2297,0.8279,-1.90354,0.0271958,470
-47.7064,-77.3929,0.783263,-1.78068,0.122853,471
-48.4265,-77.6226,0.755884,-1.87953,-0.0988455,472
-49.0738,-77.8542,0.687517,-1.91448,-0.0349533,473
-49.3611,-78.447,0.658686,-2.69026,-0.775772,474
-49.5491,-79.287,0.860772,-2.92147,-0.231213,475
-49.6562,-80.0831,0.803356,-3.00786,-0.0863941,476
-49.8561,-80.8258,0.769081,-2.87859,0.129274,477
-50.0844,-81.5157,0.726692,-2.82201,0.0565785,478
-50.4592,-82.1945,0.775394,-2.6372,0.184808,479
-50.8689,-82.9314,0.843092,-2.63412,0.00308494,480
-51.2948,-83.6502,0.83557,-2.60672,0.0274025,481
-51.6087,-84.2955,0.717557,-2.68885,-0.0821314,482
-51.9706,-85.035,0.823317,-2.68644,0.00240945,483
-52.2252,-85.7974,0.803831,-2.81928,-0.132845,484
-52.4863,-86.556,0.802201,-2.81018,0.00910027,485
-52.5021,-87.2677,0.711947,-3.11939,-0.309208,486
-52.3348,-88.0687,0.818213,2.93569,6.05508,487
-52.1347,-88.8646,0.820655,2.89529,-0.0403913,488
-52.0172,-89.6751,0.819008,2.99763,0.102331,489
-51.8403,-90.4147,0.760481,2.90686,-0.0907706,490
-51.719,-91.2041,0.798682,2.98913,0.0822741,491
-51.5557,-91.8946,0.709478,2.90929,-0.0798356,492
-51.4629,-92.6165,0.72786,3.01382,0.104527,493
-51.4251,-93.3455,0.729959,3.08975,0.0759262,494
-51.648,-94.0747,0.762503,-2.84496,-5.9347,495
-51.8587,-94.8216,0.776118,-2.86665,-0.0216961,496
-52.1237,-95.5958,0.818258,-2.81183,0.0548225,497
-52.3413,-96.3467,0.781773,-2.85947,-0.0476407,498
-52.5512,-97.0678,0.751034,-2.85834,0.00113452,499
-52.686,-97.7518,0.697197,-2.94701,-0.0886724,500
-52.9593,-98.562,0.855043,-2.81628,0.130731,501
-53.1777,-99.3089,0.778127,-2.85709,-0.040815,502
-53.3841,-100.028,0.74779,-2.86193,-0.00483581,503
-53.5356,-100.742,0.730525,-2.93264,-0.0707125,504
-53.6856,-101.544,0.815399,-2.9566,-0.0239541,505
-53.3481,-102.222,0.757527,2.6798,5.63639,506
-52.9562,-102.985,0.857728,2.66705,-0.0127506,507
-52.5759,-103.629,0.748189,2.60843,-0.0586112,508
-52.2134,-104.288,0.752297,2.63878,0.030348,509
-51.8229,-104.961,0.777828,2.61567,-0.0231103,510
-51.5087,-105.654,0.761028,2.71602,0.100347,511
-51.5087,-105.654,0,-2.87944,-5.59546,512
-51.7883,-106.377,0.774769,-2.77237,0.107071,513
-52.1177,-107.129,0.821534,-2.72902,0.0433474,514
-52.3747,-107.856,0.770568,-2.8016,-0.0725748,515
-52.6623,-108.584,0.783225,-2.76556,0.0360433,516
-52.9198,-109.339,0.797156,-2.8127,-0.0471494,517
-53.2397,-110.099,0.825192,-2.7435,0.0692005,518
-53.4396,-110.817,0.745156,-2.87001,-0.126502,519
-53.695,-111.581,0.805374,-2.81892,0.0510851,520
-53.9011,-112.333,0.779282,-2.87392,-0.0549985,521
-54.1373,-113.071,0.774845,-2.83181,0.0421057,522
-54.3153,-113.825,0.775156,-2.90995,-0.0781337,523
-54.5353,-114.569,0.775651,-2.85396,0.0559919,524
-54.7037,-115.302,0.751772,-2.91572,-0.0617622,525
-54.879,-116.028,0.747282,-2.90479,0.0109242,526
-54.8972,-116.673,0.645283,-3.11339,-0.208594,527
-54.8972,-116.673,0,3.12834,6.24173,528
-55.0257,-117.341,0.680393,-2.95152,-6.07986,529
-54.8748,-118.001,0.677031,2.91683,5.86835,530
-54.5091,-118.757,0.839745,2.69091,-0.22592,531
-54.1506,-119.392,0.728783,2.62739,-0.0635258,532
-53.7975,-120.154,0.840123,2.70786,0.0804672,533
-53.4337,-120.826,0.764683,2.6458,-0.062057,534
-53.1299,-121.527,0.763506,2.73225,0.0864526,535
-52.7956,-122.204,0.755205,2.68305,-0.0492026,536
-52.5364,-122.934,0.774218,2.80025,0.117202,537
-52.2596,-123.617,0.737085,2.75658,-0.0436751,538
-52.0323,-124.305,0.724547,2.82258,0.0660028,539
-51.7489,-124.959,0.712619,2.73248,-0.0900991,540
-51.4779,-125.701,0.790145,2.79151,0.0590317,541
-51.1479,-126.433,0.803135,2.71815,-0.0733634,542
-50.958,-127.106,0.699055,2.86651,0.148368,543
-50.958,-127.106,0,3.07758,0.211065,544
-50.8338,-127.872,0.776043,2.98092,-0.0966566,545
-50.7692,-128.612,0.742641,3.05452,0.073601,546
-50.6482,-129.343,0.741141,2.97758,-0.0769446,547
-50.5884,-130.11,0.769014,3.06377,0.0861895,548
-50.4248,-130.816,0.725455,2.91409,-0.149681,549
-50.284,-131.606,0.802092,2.96508,0.050992,550
-50.1,-132.282,0.700287,2.87573,-0.0893473,551
-50.1,-132.282,0,-2.45266,-5.32839,552
-50.5444,-132.89,0.753604,-2.51091,-0.058255,553
-51.0037,-133.493,0.757686,-2.49034,0.0205755,554
-51.3963,-134.1,0.72323,-2.5677,-0.0773667,555
-51.872,-134.679,0.748952,-2.45345,0.11425,556
-52.3324,-135.271,0.750066,-2.48064,-0.0271831,557
-52.8531,-135.86,0.786336,-2.41796,0.0626786,558
-53.3298,-136.464,0.769621,-2.47351,-0.0555557,559
-53.8528,-137.1,0.823403,-2.45343,0.0200817,560
-54.3381,-137.728,0.793328,-2.4833,-0.0298736,561
-54.8712,-138.296,0.778998,-2.38801,0.0952989,562
-55.3631,-138.859,0.748051,-2.42393,-0.0359241,563
-55.3631,-138.859,0,-1.30384,1.12009,564
-56.0959,-138.617,0.771755,-1.25161,0.0522214,565
-56.7748,-138.379,0.719541,-1.23302,0.0185964,566
-57.4969,-138.063,0.788317,-1.15815,0.0748697,567
-58.1751,-137.756,0.74426,-1.14641,0.0117347,568
-58.7968,-137.363,0.735841,-1.00623,0.140187,569
-59.4609,-136.972,0.77046,-1.03924,-0.0330154,570
-59.4609,-136.972,0,-1.74416,-0.704916,571
-60.08,-137.209,0.662925,-1.93653,-0.192368,572
-60.08,-137.209,0,-1.61594,0.320591,573
-60.08,-137.209,0,-1.67183,-0.0558972,574
-60.8359,-137.256,0.757345,-1.63247,0.0393656,575
-61.5704,-137.358,0.741466,-1.70869,-0.076225,576
-62.3586,-137.43,0.791536,-1.66211,0.0465829,577
-63.0822,-137.632,0.751449,-1.84379,-0.181685,578
-63.7664,-137.938,0.749182,-1.99028,-0.146487,579
-63.7664,-137.938,0,-2.95738,-0.967103,580
-63.8626,-138.716,0.783889,-3.01868,-0.0612938,581
-64.0111,-139.473,0.771707,-2.94784,0.0708383,582
-64.0794,-140.219,0.749268,-3.05035,-0.102513,583
-64.2257,-141.012,0.806053,-2.95911,0.091244,584
-64.3103,-141.83,0.822559,-3.03857,-0.0794642,585
-64.4535,-142.568,0.752279,-2.94997,0.0886049,586
-64.5533,-143.379,0.817255,-3.01925,-0.069282,587
-64.707,-144.147,0.782796,-2.94397,0.0752757,588
-64.7978,-144.892,0.750933,-3.0203,-0.0763237,589
-64.9415,-145.643,0.763823,-2.9524,0.067893,590
-65.0736,-146.331,0.700824,-2.95191,0.00049741,591
-65.2458,-147.081,0.769609,-2.91595,0.0359559,592
-65.3609,-147.8,0.728179,-2.9829,-0.0669491,593
-65.5614,-148.65,0.873403,-2.90994,0.0729653,594
-65.6942,-149.331,0.69359,-2.94897,-0.0390307,595
-65.9072,-150.153,0.849732,-2.88817,0.060798,596
-66.0443,-150.897,0.756069,-2.95925,-0.0710863,597
-66.2327,-151.713,0.837446,-2.91467,0.0445833,598
-66.382,-152.456,0.75794,-2.94336,-0.0286848,599
-66.5684,-153.22,0.785891,-2.90212,0.0412316,600
-66.7151,-153.946,0.74094,-2.9423,-0.0401796,601
-66.8818,-154.692,0.76491,-2.92186,0.0204465,602
-66.999,-155.4,0.717691,-2.97766,-0.0558012,603
-67.1486,-156.183,0.797141,-2.95273,0.0249274,604
-67.2805,-156.952,0.780183,-2.97171,-0.0189838,605
-67.4155,-157.676,0.735922,-2.95706,0.0146557,606
-67.4945,-158.357,0.685941,-3.02628,-0.0692213,607
-67.6122,-159.123,0.77511,-2.98905,0.0372256,608
-67.6952,-159.841,0.722906,-3.02655,-0.037495,609
-67.8116,-160.517,0.685978,-2.97114,0.0554112,610
-67.9307,-161.151,0.644753,-2.9557,0.0154355,611
-67.9307,-161.151,0,-1.20827,1.74744,612
-68.5252,-160.822,0.679539,-1.06491,0.14336,613
-69.2024,-160.353,0.823812,-0.965117,0.0997904,614
-69.8032,-159.933,0.732849,-0.960915,0.00420231,615
-70.3888,-159.379,0.806078,-0.813206,0.147708,616
-70.8785,-158.884,0.696645,-0.779496,0.0337101,617
-71.3229,-158.306,0.728837,-0.655811,0.123685,618
-71.7804,-157.71,0.751578,-0.654463,0.00134797,619
-71.7744,-157.017,0.692963,0.00867375,0.663137,620
-71.5747,-156.298,0.745943,0.271038,0.262365,621
-71.3069,-155.517,0.82553,0.330375,0.0593369,622
-71.0955,-154.782,0.765073,0.279903,-0.0504726,623
-70.8452,-154.049,0.774799,0.328943,0.0490408,624
-70.6494,-153.349,0.726582,0.272975,-0.0559689,625
-70.3618,-152.566,0.833884,0.352114,0.0791397,626
-70.1604,-151.926,0.6714,0.304639,-0.0474752,627
-69.8893,-151.137,0.833957,0.331057,0.0264179,628
-69.6968,-150.413,0.749209,0.259817,-0.0712402,629
-69.6968,-150.413,0,0.203097,-0.0567195,630
-69.5474,-149.648,0.779057,0.19295,-0.0101475,631
-69.4975,-148.923,0.726768,0.0688266,-0.124123,632
-69.4066,-148.173,0.755679,0.120568,0.0517409,633
-69.3516,-147.445,0.7303,0.0754117,-0.0451558,634
-69.2213,-146.674,0.781546,0.16744,0.0920281,635
-69.1669,-145.957,0.719638,0.0757199,-0.0917199,636
-69.0389,-145.043,0.92229,0.139208,0.0634883,637
-69.0023,-144.284,0.76019,0.048172,-0.0910361,638
-68.924,-143.438,0.849273,0.092249,0.044077,639
-68.8993,-142.692,0.74675,0.0330883,-0.0591606,640
-68.8438,-141.86,0.834142,0.0666787,0.0335904,641
-68.8253,-141.126,0.733764,0.0252265,-0.0414522,642
-68.7588,-140.373,0.756106,0.0879915,0.062765,643
-68.7673,-139.592,0.780838,-0.0108377,-0.0988293,644
-68.6997,-138.823,0.772009,0.0876764,0.0985141,645
-68.6336,-138.099,0.727437,0.0909266,0.00325025,646
-68.6336,-138.099,0,0.736314,0.645388,647
-68.0662,-137.563,0.780241,0.814235,0.0779206,648
-67.5512,-137.036,0.736925,0.773937,-0.0402979,649
-66.9821,-136.527,0.763344,0.841208,0.067271,650
-66.4428,-136.034,0.730575,0.830337,-0.0108712,651
-65.8097,-135.571,0.784597,0.939034,0.108697,652
-65.2249,-135.163,0.713147,0.961459,0.0224247,653
-64.566,-134.831,0.737861,1.10384,0.142378,654
-63.8931,-134.472,0.76239,1.08152,-0.0223176,655
-63.1457,-134.104,0.833431,1.11238,0.0308604,656
-62.4883,-133.733,0.754837,1.05696,-0.0554246,657
-61.7937,-133.41,0.765749,1.13653,0.0795786,658
-61.0929,-133.076,0.776321,1.12606,-0.0104688,659
-60.3847,-132.805,0.758464,1.20437,0.0783012,660
-59.6699,-132.516,0.77102,1.18674,-0.0176278,661
-58.9519,-132.312,0.74638,1.29422,0.107479,662
-58.2901,-132.125,0.687692,1.29543,0.00121537,663
-57.5734,-132.237,0.725489,1.72635,0.430918,664
-56.8641,-132.349,0.717949,1.72684,0.000490095,665
-56.085,-132.53,0.799929,1.79908,0.0722429,666
-55.3292,-132.666,0.767826,1.74844,-0.0506393,667
-54.6384,-132.866,0.71935,1.85358,0.10514,668
-53.9374,-133.088,0.735306,1.87723,0.0236429,669
-53.244,-133.39,0.756249,1.98127,0.104046,670
-52.4658,-133.669,0.826661,1.91495,-0.0663243,671
-51.761,-133.978,0.769727,1.98456,0.0696126,672
-51.002,-134.237,0.801944,1.8994,-0.0851563,673
-50.3041,-134.544,0.762428,1.98525,0.0858483,674
-49.5753,-134.835,0.784737,1.95064,-0.0346128,675
-48.9118,-135.203,0.758716,2.07736,0.126716,676
-48.5826,-135.821,0.700354,2.65216,0.574799,677
-48.5826,-135.821,0,-3.12813,-5.78028,678
-48.6162,-136.551,0.72999,-3.09546,0.0326636,679
-48.548,-137.254,0.706979,3.04496,6.14042,680
-48.4844,-138.048,0.796635,3.06161,0.016651,681
-48.3682,-138.754,0.715347,2.97839,-0.0832189,682
-48.3337,-139.54,0.786902,3.09784,0.119447,683
-48.2795,-140.277,0.738546,3.06812,-0.0297196,684
-48.3073,-141.099,0.822465,-3.10785,-6.17597,685
-48.3158,-141.826,0.727232,-3.12987,-0.0220197,686
-48.3803,-142.646,0.822513,-3.06303,0.0668465,687
-48.389,-143.387,0.74094,-3.12986,-0.0668345,688
-48.4124,-144.238,0.851192,-3.11414,0.0157258,689
-48.414,-144.982,0.744211,-3.1394,-0.0252602,690
-48.4773,-145.761,0.780964,-3.06054,0.0788608,691
-48.4853,-146.502,0.741218,-3.13077,-0.0702338,692
-48.5359,-147.267,0.766767,-3.07548,0.0552902,693
-48.4786,-147.99,0.725214,3.06237,6.13785,694
-48.4547,-148.755,0.765581,3.11038,0.048004,695
-48.3892,-149.527,0.774842,3.05697,-0.0534023,696
-48.3607,-150.374,0.847584,3.10799,0.051021,697
-48.3333,-151.128,0.754521,3.10528,-0.00271743,698
-48.3683,-151.924,0.796743,-3.09768,-6.20296,699
-48.3726,-152.671,0.747225,-3.13577,-0.0380857,700
-48.4538,-153.491,0.824173,-3.04301,0.0927583,701
-48.4723,-154.172,0.681207,-3.11443,-0.0714257,702
-48.5429,-154.985,0.815506,-3.05486,0.0595745,703
-48.5506,-155.666,0.680678,-3.13025,-0.0753947,704
-48.5998,-156.396,0.732533,-3.07438,0.055873,705
-48.4616,-157.019,0.638072,2.92325,5.99763,706
-48.2513,-157.629,0.645315,2.80968,-0.113568,707
-48.0363,-158.328,0.731043,2.8431,0.0334224,708
-47.85,-159.089,0.783419,2.90147,0.0583743,709
-47.5801,-159.814,0.773293,2.78503,-0.116447,710
-47.3886,-160.58,0.78969,2.89671,0.111681,711
-47.1163,-161.3,0.770111,2.78009,-0.116618,712
-46.863,-162.057,0.798138,2.81863,0.0385392,713
-46.5718,-162.805,0.802733,2.77039,-0.0482384,714
-46.3441,-163.57,0.798394,2.85246,0.0820707,715
-46.062,-164.268,0.752596,2.75736,-0.0951027,716
-45.7956,-165.022,0.799785,2.80204,0.0446782,717
-45.4621,-165.736,0.787964,2.70458,-0.0974561,718
-45.1772,-166.505,0.820089,2.78667,0.0820937,719
-44.8058,-167.26,0.840959,2.68425,-0.102425,720
-44.5363,-167.942,0.733245,2.76524,0.0809914,721
-44.1593,-168.517,0.687594,2.56117,-0.204068,722
-43.7545,-169.22,0.811793,2.61958,0.0584123,723
-43.2006,-169.768,0.779035,2.35066,-0.268928,724
-42.6468,-170.396,0.837092,2.41863,0.0679761,725
-42.0515,-170.944,0.809157,2.31492,-0.103713,726
-41.4209,-171.532,0.862054,2.32116,0.00623607,727
-40.8737,-172.001,0.721155,2.28014,-0.0410196,728
-40.2406,-172.609,0.877459,2.3356,0.0554633,729
-39.6768,-173.082,0.735927,2.26868,-0.0669197,730
-39.1167,-173.598,0.761443,2.31509,0.0464099,731
-38.5734,-174.005,0.678831,2.21391,-0.101181,732
-37.9317,-174.558,0.847416,2.28249,0.0685762,733
-37.3202,-174.967,0.735445,2.15986,-0.122623,734
-36.7893,-175.404,0.687598,2.25934,0.0994753,735
-36.0593,-175.782,0.822031,2.04856,-0.210773,736
-35.3368,-176.044,0.76859,1.91888,-0.12968,737
-34.5763,-176.214,0.779365,1.79136,-0.127519,738
-33.7968,-176.453,0.815307,1.86818,0.0768192,739
-33.0742,-176.63,0.743778,1.81017,-0.0580144,740
-32.38,-176.863,0.73253,1.89566,0.0854916,741
-31.9114,-177.344,0.671635,2.36926,0.473603,742
-31.9114,-177.344,0,2.62556,0.256294,743
-31.5238,-178.065,0.817923,2.64797,0.0224092,744
-31.15,-178.725,0.758914,2.62665,-0.0213167,745
-30.8361,-179.409,0.751963,2.71087,0.0842238,746
-30.4783,-180.091,0.770598,2.65881,-0.0520623,747
-30.1514,-180.836,0.813491,2.72797,0.0691583,748
-29.8579,-181.493,0.719907,2.72169,-0.00627906,749
-29.797,-182.203,0.712186,3.05604,0.33435,750
-29.797,-182.203,0,3.11107,0.0550305,751
-29.797,-182.203,0,3.09411,-0.0169627,752
-29.8099,-183.109,0.906176,-3.12743,-6.22154,753
-29.7425,-184.061,0.953979,3.07097,6.19839,754
-29.7454,-185.099,1.03834,-3.13887,-6.20983,755
-29.6446,-186.372,1.27746,3.06262,6.20149,756
-29.5554,-187.012,0.645834,3.00305,-0.0595742,757
-29.3736,-188.019,1.02301,2.96289,-0.0401585,758
-29.2496,-188.761,0.752065,2.97597,0.0130788,759
-29.1159,-189.668,0.917492,2.99541,0.0194424,760
-28.9828,-190.497,0.839105,2.98223,-0.0131814,761
-28.8797,-191.617,1.12511,3.04986,0.0676344,762
-28.7076,-192.635,1.03241,2.97411,-0.0757472,763
-28.5879,-193.558,0.930485,3.01263,0.038512,764
-28.4079,-194.616,1.07336,2.97306,-0.0395693,765
-28.2482,-195.551,0.94825,2.97235,-0.000707997,766
-28.0007,-196.489,0.970169,2.88369,-0.0886592,767
-27.6268,-196.963,0.60387,2.4739,-0.409787,768
-26.8965,-197.136,0.750605,1.80385,-0.670054,769
-26.0653,-197.013,0.840216,1.42409,-0.379763,770
-25.5515,-196.527,0.707664,0.812653,-0.611432,771
-25.0574,-195.781,0.894537,0.585135,-0.227518,772
-24.9447,-195.013,0.776763,0.145598,-0.439538,773
-24.7827,-194.269,0.760825,0.214519,0.0689219,774
-24.5533,-193.432,0.867727,0.267559,0.0530391,775
-24.3643,-192.542,0.909938,0.209292,-0.058267,776
-24.2304,-191.915,0.641151,0.21034,0.00104874,777
-24.0987,-191.267,0.66192,0.200392,-0.00994802,778
-23.8497,-190.33,0.968879,0.259842,0.0594492,779
-23.5956,-189.361,1.00163,0.256482,-0.00335937,780
-23.3285,-188.58,0.825538,0.329528,0.0730463,781
-23.0918,-188.015,0.613061,0.396342,0.0668133,782
-23.0918,-188.015,0,0.757521,0.36118,783
-22.5339,-187.469,0.78033,0.796514,0.0389922,784
-21.7737,-186.863,0.972186,0.897849,0.101335,785
-21.7737,-186.863,0,1.00949,0.111641,786
-21.1277,-186.621,0.690027,1.21165,0.202161,787
-20.3763,-186.346,0.800159,1.22007,0.00841785,788
-19.6881,-186.199,0.703754,1.3601,0.14003,789
-18.9915,-186.087,0.705486,1.41197,0.0518742,790
-18.1697,-186.213,0.831453,1.72343,0.311453,791
-17.4919,-186.335,0.688575,1.74842,0.0249976,792
-16.8285,-186.675,0.745663,2.04488,0.296452,793
-16.2654,-187.111,0.711782,2.22902,0.184146,794
-15.8481,-187.634,0.66931,2.46833,0.239312,795
-15.3899,-188.23,0.751315,2.48575,0.0174143,796
-15.0497,-188.84,0.698609,2.63293,0.147183,797
-14.6522,-189.515,0.783693,2.60962,-0.0233118,798
-14.3157,-190.192,0.755835,2.68021,0.0705863,799
-13.8849,-190.857,0.792689,2.56698,-0.113221,800
-13.4979,-191.572,0.813085,2.64566,0.0786711,801
-13.0625,-192.207,0.769477,2.5401,-0.10556,802
-12.7057,-192.831,0.718517,2.62198,0.0818889,803
-12.2751,-193.534,0.824409,2.59197,-0.0300193,804
-11.9473,-194.217,0.757887,2.69438,0.102417,805
-11.5474,-194.895,0.786969,2.60848,-0.0859018,806
-11.17,-195.646,0.84054,2.67595,0.0674688,807
-10.7802,-196.314,0.773285,2.6133,-0.0626487,808
-10.48,-197.025,0.772147,2.74228,0.128983,809
-10.07,-197.718,0.805141,2.6073,-0.134987,810
-9.76076,-198.352,0.705492,2.68783,0.0805333,811
-9.36662,-199.061,0.811479,2.63443,-0.053397,812
-9.04075,-199.733,0.746439,2.68981,0.0553729,813
-8.64483,-200.451,0.819903,2.63764,-0.0521627,814
-8.31527,-201.142,0.765288,2.6964,0.0587615,815
-8.01533,-201.751,0.679672,2.68454,-0.0118647,816
-7.75508,-202.479,0.77256,2.798,0.113461,817
-7.75508,-202.479,0,3.12074,0.322739,818
-7.75508,-202.479,0,-3.02848,-6.14922,819
-7.91378,-203.203,0.740928,-2.92573,0.102756,820
-8.13778,-203.912,0.74421,-2.83586,0.0898635,821
-8.33965,-204.687,0.800308,-2.88659,-0.0507324,822
-8.63405,-205.45,0.818437,-2.77364,0.112954,823
-8.85955,-206.293,0.87201,-2.88002,-0.106382,824
-9.12494,-207.022,0.775617,-2.79237,0.0876533,825
-9.32558,-207.767,0.771654,-2.87856,-0.0861887,826
-9.56951,-208.46,0.734905,-2.80325,0.0753091,827
-9.76127,-209.205,0.76976,-2.88982,-0.0865727,828
-9.99973,-209.87,0.706483,-2.7973,0.092521,829
-10.1821,-210.589,0.740958,-2.89285,-0.0955541,830
-10.4306,-211.322,0.774552,-2.81498,0.0778753,831
-10.6043,-212.059,0.756641,-2.91003,-0.0950542,832
-10.8334,-212.792,0.768242,-2.83876,0.0712743,833
-11.0109,-213.483,0.713272,-2.89014,-0.0513781,834
-11.2407,-214.218,0.770399,-2.83867,0.0514631,835
-11.3567,-214.953,0.744151,-2.98512,-0.146443,836
-11.5478,-215.682,0.753527,-2.88515,0.0999634,837
-11.6819,-216.412,0.741847,-2.95976,-0.0746042,838
-11.8956,-217.167,0.785355,-2.86601,0.0937497,839
-12.019,-217.869,0.711966,-2.9674,-0.101392,840
-12.1896,-218.579,0.731154,-2.90611,0.0612871,841
-12.3161,-219.363,0.794041,-2.98161,-0.0754955,842
-12.5333,-220.188,0.853022,-2.88417,0.0974396,843
-12.6439,-220.894,0.714156,-2.98609,-0.101921,844
-12.852,-221.703,0.835551,-2.88988,0.0962094,845
-12.9437,-222.464,0.766838,-3.02177,-0.131887,846
-13.1334,-223.226,0.785036,-2.89749,0.124276,847
-13.2452,-223.908,0.690781,-2.97903,-0.0815394,848
-13.4113,-224.632,0.74317,-2.91612,0.0629056,849
-13.5284,-225.411,0.787951,-2.99242,-0.0762933,850
-13.6833,-226.184,0.787807,-2.94367,0.0487522,851
-13.8124,-226.963,0.789982,-2.97745,-0.0337798,852
-14.0027,-227.729,0.78914,-2.89814,0.0793063,853
-14.1203,-228.498,0.778116,-2.98985,-0.0917108,854
-14.2702,-229.254,0.770771,-2.9459,0.0439533,855
-14.3856,-230.037,0.790761,-2.99511,-0.0492147,856
-14.5473,-230.796,0.776384,-2.93181,0.0633026,857
-14.6192,-231.524,0.731642,-3.04305,-0.111241,858
-14.7008,-232.256,0.73602,-3.03052,0.0125253,859
-14.3888,-232.816,0.641591,2.63366,5.66419,860
-13.9103,-233.667,0.976019,2.62925,-0.00441354,861
-13.5291,-234.258,0.703205,2.56865,-0.0606038,862
-13.1211,-234.984,0.833147,2.62983,0.0611882,863
-12.7301,-235.661,0.782001,2.61799,-0.0118404,864
-12.3659,-236.372,0.798275,2.6678,0.0498072,865
-11.9815,-236.988,0.725923,2.58367,-0.0841325,866
-11.6216,-237.649,0.752962,2.64316,0.059489,867
-11.2333,-238.301,0.759291,2.60481,-0.0383446,868
-10.8803,-238.934,0.724274,2.63253,0.0277188,869
-10.4478,-239.623,0.813312,2.58094,-0.0515935,870
-10.0725,-240.302,0.776155,2.63686,0.0559196,871
-9.67732,-240.917,0.730849,2.57027,-0.0665876,872
-9.2894,-241.658,0.836927,2.65965,0.0893819,873
-8.89808,-242.27,0.726206,2.57251,-0.0871364,874
-8.51153,-242.995,0.821097,2.65142,0.0789091,875
-8.11825,-243.636,0.752788,2.5919,-0.0595275,876
-7.76291,-244.319,0.769956,2.6619,0.0699991,877
-7.53448,-244.973,0.692656,2.80552,0.14362,878
-8.06254,-245.568,0.794951,-2.41507,-5.22058,879
-8.06254,-245.568,0,-2.07735,0.337717,880
-8.69923,-245.899,0.717894,-2.05106,0.0262936,881
-9.41669,-246.13,0.753777,-1.88246,0.168597,882
-10.0471,-246.364,0.672286,-1.92552,-0.0430644,883
-10.0471,-246.364,0,-1.83828,0.0872397,884
-10.7958,-246.724,0.830912,-2.01938,-0.181094,885
-10.7958,-246.724,0,-1.91119,0.108192,886
-10.7958,-246.724,0,-1.94491,-0.0337207,887
-11.4731,-247.186,0.819634,-2.16897,-0.224059,888
-12.0357,-247.485,0.637121,-2.05956,0.109407,889
-12.6907,-247.917,0.784777,-2.15406,-0.0944994,890
-13.2771,-248.217,0.658704,-2.04385,0.110207,891
-13.2771,-248.217,0,-2.4553,-0.411444,892
-13.6382,-248.731,0.628166,-2.5291,-0.0738013,893
-14.0353,-249.244,0.648638,-2.48272,0.0463788,894
-14.0353,-249.244,0,-2.524,-0.0412843,895
-14.0353,-249.244,0,-2.55298,-0.0289755,896
-14.0353,-249.244,0,-2.30804,0.24494,897
-14.5829,-249.731,0.732953,-2.29792,0.0101216,898
-15.2087,-250.149,0.752566,-2.15979,0.13813,899
-15.8629,-250.515,0.749616,-2.08084,0.0789418,900
-16.5481,-250.709,0.711999,-1.846,0.234842,901
-17.2413,-250.915,0.723341,-1.86025,-0.0142465,902
-18.001,-251.089,0.779163,-1.79497,0.0652825,903
-18.6479,-251.303,0.681523,-1.89084,-0.0958724,904
-19.2997,-251.43,0.664025,-1.76325,0.127584,905
-19.2997,-251.43,0,-1.72197,0.041279,906
-19.9596,-251.495,0.66314,-1.66922,0.0527572,907
-20.7035,-251.471,0.7443,-1.53836,0.130855,908
-21.46,-251.485,0.756611,-1.5889,-0.0505347,909
-22.2334,-251.444,0.774493,-1.51804,0.070861,910
-22.9607,-251.444,0.727256,-1.57107,-0.053033,911
-23.7231,-251.391,0.764268,-1.50168,0.069385,912
-24.4392,-251.373,0.716292,-1.54545,-0.0437681,913
-25.1459,-251.279,0.71298,-1.43873,0.106719,914
-25.9187,-251.265,0.772905,-1.55197,-0.113237,915
-26.6295,-251.219,0.712247,-1.50617,0.0457962,916
-27.3761,-251.214,0.746623,-1.56473,-0.0585604,917
-28.0617,-251.182,0.686406,-1.52421,0.0405222,918
-28.7608,-251.165,0.699258,-1.54662,-0.0224095,919
-28.7608,-251.165,0,-1.56031,-0.0136921,920
-29.5759,-251.135,0.815631,-1.53331,0.0270073,921
-30.2864,-251.108,0.71102,-1.53367,-0.000359232,922
-31.018,-251.071,0.732564,-1.51965,0.0140197,923
-31.7335,-251.061,0.715575,-1.55757,-0.0379238,924
-32.4837,-250.961,0.756876,-1.43736,0.120208,925
-33.2322,-250.911,0.750238,-1.5045,-0.067136,926
-33.9898,-250.789,0.767263,-1.4114,0.0930982,927
-34.733,-250.723,0.746106,-1.48211,-0.0707056,928
-35.5113,-250.613,0.786077,-1.43064,0.0514614,929
-36.2652,-250.569,0.755171,-1.51157,-0.0809247,930
-36.9815,-250.5,0.719594,-1.47485,0.0367227,931
-36.9815,-250.5,0,-0.777667,0.69718,932
-37.4792,-249.958,0.735916,-0.74281,0.034857,933
-37.9904,-249.45,0.720423,-0.78883,-0.04602,934
-38.5242,-248.805,0.837188,-0.691429,0.0974008,935
-39.0365,-248.283,0.731224,-0.776345,-0.0849166,936
-39.6118,-247.645,0.85912,-0.733628,0.042717,937
-40.1601,-247.134,0.749527,-0.820547,-0.0869189,938
-40.7227,-246.622,0.760654,-0.832577,-0.0120301,939
-41.3238,-246.246,0.709232,-1.01131,-0.178729,940
-42.0633,-246.288,0.740698,-1.62835,-0.617043,941
-42.76,-246.547,0.74302,-1.92577,-0.297421,942
-43.5516,-246.766,0.821402,-1.84079,0.08498,943
-44.2601,-246.988,0.742507,-1.87448,-0.0336895,944
-45.0879,-247.195,0.853272,-1.81615,0.0583281,945
-45.7942,-247.391,0.732977,-1.84138,-0.0252301,946
-46.5589,-247.522,0.775909,-1.74031,0.10107,947
-47.3437,-247.712,0.80743,-1.80852,-0.0682048,948
-48.1044,-247.829,0.769683,-1.72341,0.0851038,949
-48.8661,-247.968,0.774311,-1.75143,-0.0280128,950
-49.5828,-247.984,0.716844,-1.59294,0.158486,951
-50.3524,-247.79,0.793781,-1.32315,0.269788,952
-50.3524,-247.79,0,-0.565975,0.757177,953
-50.5865,-247.098,0.72994,-0.326505,0.23947,954
-50.7835,-246.363,0.760952,-0.261873,0.0646318,955
-50.7973,-245.572,0.790802,-0.017534,0.244339,956
-50.7407,-244.703,0.871028,0.0650647,0.0825987,957
-50.7134,-244.064,0.639949,0.0427294,-0.0223353,958
-50.7134,-244.064,0,0.0624001,0.0196707,959
-50.753,-243.361,0.703625,-0.0564189,-0.118819,960
-50.767,-242.492,0.869145,-0.0160829,0.0403359,961
-50.8396,-241.829,0.667808,-0.108833,-0.0927503,962
-50.8606,-241.13,0.699059,-0.0300748,0.0787584,963
-50.8606,-241.13,0,-0.412427,-0.382353,964
-51.2373,-240.516,0.720109,-0.550533,-0.138106,965
-51.5821,-239.85,0.749711,-0.477857,0.0726769,966
-51.9811,-239.229,0.738814,-0.570497,-0.0926407,967
-52.3112,-238.55,0.75433,-0.453012,0.117485,968
-52.6865,-237.944,0.713235,-0.554106,-0.101094,969
-53.0092,-237.235,0.77908,-0.427051,0.127055,970
-53.3347,-236.649,0.670094,-0.50729,-0.0802397,971
-53.6239,-235.966,0.741342,-0.400629,0.106662,972
-54.0301,-235.337,0.749321,-0.572971,-0.172342,973
-54.3479,-234.748,0.669212,-0.494833,0.0781373,974
-54.749,-234.079,0.779766,-0.540282,-0.0454489,975
-55.0789,-233.408,0.747506,-0.457166,0.083116,976
-55.4115,-232.866,0.63627,-0.549893,-0.0927263,977
-55.7723,-232.116,0.831987,-0.448666,0.101226,978
-56.0851,-231.51,0.682417,-0.476056,-0.0273899,979
-56.3858,-230.787,0.782447,-0.394505,0.0815515,980
-56.7104,-230.161,0.705421,-0.478107,-0.0836021,981
-56.9777,-229.453,0.756317,-0.361287,0.11682,982
-57.2296,-228.838,0.665038,-0.388481,-0.0271942,983
-57.5225,-228.133,0.76294,-0.393955,-0.00547398,984
-57.8665,-227.531,0.694111,-0.518571,-0.124616,985
-57.8665,-227.531,0,-1.44173,-0.923159,986
-58.5155,-227.499,0.649777,-1.52281,-0.081082,987
-59.1938,-227.429,0.681902,-1.46707,0.0557425,988
-59.8835,-227.455,0.690287,-1.60917,-0.142101,989
-60.539,-227.397,0.658055,-1.48184,0.127329,990
-61.311,-227.422,0.772368,-1.60354,-0.121696,991
-61.916,-227.43,0.605049,-1.58343,0.0201093,992
-62.4532,-227.757,0.629188,-2.11826,-0.534831,993
-63.1879,-228.264,0.892551,-2.17456,-0.0562988,994
-63.7037,-228.769,0.7217,-2.3454,-0.170847,995
-64.3458,-229.321,0.847113,-2.28145,0.0639552,996
-64.8237,-229.772,0.656733,-2.32663,-0.0451816,997
-65.4041,-230.223,0.734888,-2.23102,0.0956122,998
-65.913,-230.707,0.702402,-2.33135,-0.100333,999
-66.5416,-231.157,0.773449,-2.19283,0.138525,1000
-67.1384,-231.593,0.739149,-2.20179,-0.00896516,1001
-67.8006,-231.938,0.746593,-2.05078,0.151015,1002
-68.5235,-232.264,0.793038,-1.99466,0.0561131,1003
-69.3864,-232.446,0.881869,-1.7787,0.215961,1004
-70.1463,-232.685,0.796491,-1.87501,-0.0963122,1005
-71.0418,-232.714,0.896019,-1.60361,0.271408,1006
-71.8681,-232.723,0.826275,-1.58091,0.0226958,1007
-72.6611,-232.643,0.797072,-1.46999,0.11092,1008
-73.4017,-232.649,0.740663,-1.58015,-0.110162,1009
-74.1493,-232.627,0.74797,-1.54022,0.0399325,1010
-74.7715,-232.649,0.622515,-1.60652,-0.0663027,1011
-75.5791,-232.61,0.808585,-1.52301,0.0835132,1012
-76.2544,-232.637,0.67579,-1.61111,-0.0880981,1013
-77.0416,-232.563,0.790727,-1.47633,0.13478,1014
-77.7332,-232.519,0.693037,-1.50682,-0.0304907,1015
-78.5614,-232.45,0.831098,-1.48783,0.0189835,1016
-79.2952,-232.448,0.733758,-1.56913,-0.081298,1017
-80.0722,-232.411,0.777873,-1.52295,0.0461795,1018
-80.8573,-232.461,0.786648,-1.63348,-0.110529,1019
-81.6612,-232.433,0.804372,-1.53703,0.096449,1020
-82.3379,-232.416,0.67695,-1.54449,-0.00745355,1021
-83.1057,-232.351,0.770471,-1.48743,0.0570572,1022
-83.8768,-232.318,0.771848,-1.52744,-0.0400111,1023
-84.6224,-232.243,0.749371,-1.46999,0.0574545,1024
-85.3579,-232.201,0.736711,-1.51403,-0.0440464,1025
-86.0631,-232.12,0.709855,-1.45617,0.0578576,1026
-86.7746,-232.119,0.711477,-1.57,-0.113823,1027
-87.5169,-232.061,0.744637,-1.4922,0.0777983,1028
-88.2649,-232.064,0.74802,-1.57529,-0.0830893,1029
-89.0619,-232.015,0.798531,-1.50947,0.0658156,1030
-89.7879,-232.002,0.726086,-1.55294,-0.043463,1031
-90.5285,-231.923,0.744819,-1.46405,0.088886,1032
-91.2519,-231.912,0.723488,-1.55556,-0.0915098,1033
-92.0648,-231.818,0.818304,-1.45582,0.0997439,1034
-92.7758,-231.791,0.711446,-1.53334,-0.0775208,1035
-93.5478,-231.712,0.776017,-1.46905,0.0642846,1036
-94.2969,-231.713,0.749182,-1.57172,-0.102668,1037
-95.1801,-231.634,0.886667,-1.48187,0.089855,1038
-95.8441,-231.617,0.664253,-1.54447,-0.062603,1039
-96.6108,-231.534,0.771054,-1.46365,0.0808154,1040
-97.3905,-231.519,0.7799,-1.55066,-0.0870025,1041
-98.1754,-231.462,0.786887,-1.49899,0.0516678,1042
-98.9713,-231.453,0.796003,-1.55894,-0.0599515,1043
-99.7448,-231.448,0.773545,-1.56445,-0.00550854,1044
-100.431,-231.616,0.706838,-1.8105,-0.246057,1045
-101.205,-231.991,0.85996,-2.02207,-0.211569,1046
-101.699,-232.588,0.774511,-2.45123,-0.429159,1047
-102.26,-233.192,0.824354,-2.39286,0.0583733,1048
-102.722,-233.724,0.704932,-2.42721,-0.0343558,1049
-103.282,-234.31,0.811061,-2.37793,0.0492877,1050
-103.772,-234.907,0.771345,-2.45482,-0.0768961,1051
-104.285,-235.475,0.766628,-2.40688,0.047939,1052
-104.747,-236.04,0.729234,-2.45563,-0.0487486,1053
-105.264,-236.662,0.808731,-2.44849,0.00714684,1054
-105.664,-237.247,0.708971,-2.54276,-0.0942789,1055
-106.132,-237.925,0.823481,-2.5374,0.00536003,1056
-106.147,-238.688,0.763138,-3.12173,-0.584327,1057
-106.078,-239.468,0.782972,3.05429,6.17602,1058
-106.058,-240.154,0.686116,3.11184,0.057549,1059
-106.094,-240.985,0.83201,-3.09833,-6.21017,1060
-106.059,-241.682,0.697467,3.09153,6.18986,1061
-106.089,-242.546,0.865215,-3.1065,-6.19804,1062
-106.067,-243.278,0.731982,3.11084,6.21734,1063
-106.108,-244.112,0.834944,-3.09227,-6.20311,1064
-106.085,-244.825,0.713192,3.10903,6.2013,1065
-106.11,-245.646,0.821621,-3.11079,-6.21982,1066
-106.097,-246.363,0.71689,3.12348,6.23427,1067
-106.152,-247.14,0.77921,-3.07177,-6.19525,1068
-106.123,-247.879,0.739822,3.10332,6.17509,1069
-106.166,-248.697,0.818649,-3.08949,-6.19281,1070
-106.167,-249.441,0.744392,-3.14047,-0.0509766,1071
-106.229,-250.244,0.8052,-3.06447,0.0759934,1072
-106.245,-251.019,0.775452,-3.12117,-0.0566918,1073
-106.312,-251.788,0.771819,-3.05388,0.0672871,1074
-106.328,-252.576,0.787717,-3.12186,-0.067981,1075
-106.395,-253.362,0.788791,-3.05669,0.0651686,1076
-106.402,-254.084,0.722497,-3.13186,-0.0751704,1077
-106.47,-254.812,0.730599,-3.04859,0.083266,1078
-106.45,-255.585,0.77348,3.11595,6.16454,1079
-106.453,-256.43,0.845161,-3.13824,-6.25418,1080
-106.431,-257.162,0.732277,3.11181,6.25005,1081
-106.471,-257.929,0.768528,-3.08856,-6.20037,1082
-106.47,-258.665,0.73541,3.13961,6.22817,1083
-106.529,-259.476,0.813459,-3.06871,-6.20832,1084
-106.54,-260.171,0.695321,-3.12561,-0.0568969,1085
-106.635,-261,0.834377,-3.02741,0.0981947,1086
-106.656,-261.704,0.704172,-3.11189,-0.0844766,1087
-106.723,-262.536,0.834672,-3.06194,0.0499491,1088
-106.733,-263.237,0.700551,-3.12639,-0.0644548,1089
-106.788,-264.005,0.7705,-3.07016,0.0562345,1090
-106.757,-264.727,0.722836,3.0975,6.16766,1091
-106.758,-265.513,0.786,-3.13942,-6.23693,1092
-106.816,-266.27,0.758799,-3.066,0.0734282,1093
-107.185,-267.001,0.819395,-2.67357,0.392427,1094
-107.572,-267.693,0.792267,-2.6312,0.0423655,1095
-108.039,-268.263,0.736573,-2.4558,0.175402,1096
-108.376,-268.765,0.605178,-2.5503,-0.0945025,1097
