0,0,0,0.00691681,0,1
0.144873,0.648544,0.664528,-0.0367901,-0.0437069,2
0.356326,1.40855,0.788875,0.0147996,0.0515897,3
0.501913,2.0964,0.703089,-0.0479874,-0.062787,4
0.638153,2.83291,0.749008,-0.0736511,-0.0256637,5
0.765107,3.62986,0.806995,-0.0985896,-0.0249385,6
0.890364,4.38291,0.763392,-0.0917397,0.00684989,7
0.993102,5.16141,0.785254,-0.125353,-0.0336136,8
1.14843,5.95059,0.804317,-0.06223,0.0631233,9
1.25923,6.68625,0.743959,-0.107062,-0.044832,10
1.39467,7.39761,0.724142,-0.0684277,0.0386343,11
1.51546,8.21106,0.822365,-0.109147,-0.0407192,12
1.67014,9.0037,0.807592,-0.0638354,0.0453115,13
1.77557,9.7534,0.757077,-0.116853,-0.0530175,14
1.92568,10.4745,0.736522,-0.0513251,0.0655278,15
2.03911,11.2493,0.783107,-0.111202,-0.0598764,16
2.15785,12.0462,0.80566,-0.108642,0.00255989,17
2.24777,12.8578,0.816623,-0.146224,-0.0375819,18
2.37762,13.6125,0.765766,-0.0861744,0.0600492,19
2.49641,14.3729,0.769621,-0.101596,-0.0154216,20
2.62833,15.1049,0.743833,-0.0782662,0.0233298,21
2.70615,15.8544,0.753446,-0.153091,-0.0748245,22
2.82757,16.6052,0.760613,-0.0962419,0.0568488,23
2.91748,17.3936,0.793479,-0.143019,-0.0467775,24
3.06248,18.1918,0.811269,-0.0768642,0.0661552,25
3.13444,18.9309,0.742576,-0.159502,-0.0826379,26
3.26872,19.6978,0.778569,-0.0832196,0.0762825,27
3.39673,20.4867,0.799207,-0.0957102,-0.0124906,28
3.55784,21.1453,0.678085,-0.0166664,0.0790438,29
3.71621,21.8515,0.723705,-0.0359411,-0.0192747,30
3.94351,22.6488,0.829061,0.0211505,0.0570917,31
4.16528,23.389,0.772684,0.0345439,0.0133934,32
4.4022,24.1829,0.828579,0.0334233,-0.0011206,33
4.59733,24.9065,0.74945,0.00683753,-0.0265858,34
4.82138,25.658,0.784102,0.0332114,0.0263739,35
5.00728,26.3956,0.760739,-0.00969697,-0.0429084,36
5.24592,27.1726,0.812742,0.0414513,0.0511482,37
5.43226,27.8666,0.718602,0.00575147,-0.0356998,38
5.6455,28.5383,0.704715,0.0508474,0.0450959,39
5.85654,29.2966,0.787153,0.0148633,-0.0359842,40
6.09363,30.0119,0.753603,0.0634688,0.0486056,41
6.29603,30.6636,0.682344,0.0446039,-0.018865,42
6.53013,31.394,0.767004,0.0535881,0.00898428,43
6.72403,32.1044,0.736466,0.00986215,-0.043726,44
6.96789,32.864,0.797779,0.054094,0.0442318,45
7.16747,33.5931,0.755857,0.0106373,-0.0434567,46
7.40169,34.3254,0.768888,0.0529881,0.0423508,47
7.59504,35.1023,0.800535,-0.0126317,-0.0656198,48
7.81355,35.8066,0.737423,0.0442696,0.0569013,49
8.02003,36.6042,0.823923,-0.0032503,-0.0475199,50
8.26812,37.3705,0.805443,0.0565356,0.0597859,51
8.47084,38.1241,0.780453,0.0062015,-0.0503341,52
8.7243,38.8508,0.769635,0.0790193,0.0728178,53
8.96018,39.5783,0.764774,0.0569857,-0.0220336,54
9.19748,40.2949,0.754799,0.0632421,0.00625636,55
9.38063,41.041,0.768332,-0.0158662,-0.0791083,56
9.60873,41.7726,0.766314,0.0456748,0.0615411,57
9.77629,42.5107,0.756901,-0.0333435,-0.0790184,58
9.99258,43.2908,0.809508,0.0139107,0.0472542,59
10.1704,44.065,0.794383,-0.03074,-0.0446507,60
10.4047,44.8574,0.826239,0.0309315,0.0616715,61
10.5841,45.5775,0.742128,-0.0124534,-0.0433849,62
10.8433,46.3689,0.832745,0.0600122,0.0724657,63
11.017,47.102,0.753477,-0.023976,-0.0839883,64
11.2559,47.9182,0.850372,0.0282435,0.0522196,65
11.399,48.6176,0.713935,-0.0548291,-0.0830726,66
11.5985,49.3839,0.791872,-0.00181769,0.0530114,67
11.7915,50.1494,0.78939,-0.00967585,-0.00785816,68
12.0193,50.8619,0.748035,0.0529895,0.0626653,69
12.2373,51.6297,0.798206,0.0199694,-0.0330201,70
12.453,52.3224,0.725455,0.0454225,0.0254532,71
12.7169,53.1358,0.8551,0.0570885,0.011666,72
12.9885,53.8388,0.753752,0.112139,0.0550507,73
13.211,54.5129,0.709831,0.0622966,-0.0498426,74
13.4407,55.2524,0.774342,0.0445913,-0.0177054,75
13.6113,55.9959,0.762816,-0.0310517,-0.075643,76
13.8125,56.6991,0.731395,0.0221614,0.0532131,77
13.9792,57.505,0.82297,-0.0526417,-0.074803,78
14.1369,58.2367,0.748496,-0.0442993,0.00834241,79
14.2415,58.9807,0.751331,-0.116794,-0.0724948,80
14.3998,59.7575,0.792755,-0.0555993,0.0611948,81
14.5467,60.5413,0.797471,-0.0712714,-0.0156721,82
14.7252,61.2591,0.739669,-0.0127982,0.0584732,83
14.8523,62.0168,0.768317,-0.0904658,-0.0776676,84
15.0279,62.78,0.783106,-0.0303858,0.0600799,85
15.1067,63.4882,0.712525,-0.145652,-0.115267,86
14.9771,64.3403,0.861979,-0.407528,-0.261876,87
14.9771,64.3403,0,-1.52421,-1.11669,88
14.2024,64.585,0.812427,-1.52147,0.00274368,89
13.3963,64.9151,0.871027,-1.43869,0.082777,90
12.8152,65.1444,0.62471,-1.45152,-0.012824,91
12.8152,65.1444,0,-1.48104,-0.0295253,92
12.8152,65.1444,0,-1.40252,0.0785193,93
12.8152,65.1444,0,-1.41554,-0.0130144,94
12.1309,65.5417,0.791272,-1.30129,0.114252,95
11.6053,66.1394,0.795942,-0.977963,0.323323,96
11.41,66.7177,0.610437,-0.582198,0.395765,97
11.0599,67.3904,0.758336,-0.736375,-0.154177,98
10.7266,68.0561,0.744472,-0.720746,0.015629,99
10.3147,68.7429,0.800894,-0.796843,-0.0760963,100
9.96331,69.4176,0.760648,-0.736742,0.0601002,101
9.57878,70.1162,0.797459,-0.759718,-0.0229761,102
9.22312,70.7872,0.759417,-0.74396,0.0157587,103
8.85783,71.4443,0.751816,-0.763936,-0.0199765,104
8.53383,72.1137,0.743703,-0.707326,0.0566098,105
8.14671,72.8372,0.820575,-0.747856,-0.0405293,106
7.82692,73.5288,0.761973,-0.689673,0.0581831,107
7.47551,74.1603,0.722688,-0.764358,-0.0746858,108
7.16067,74.8385,0.747669,-0.691212,0.0731466,109
6.80873,75.5421,0.786708,-0.720371,-0.0291594,110
6.50059,76.2333,0.756777,-0.675931,0.0444405,111
6.19325,76.8596,0.697663,-0.712747,-0.0368162,112
5.88546,77.6286,0.828298,-0.637284,0.0754631,113
5.56407,78.4125,0.847198,-0.64567,-0.00838661,114
5.33169,79.1138,0.738837,-0.576511,0.0691596,115
5.05815,79.8653,0.7997,-0.605661,-0.0291503,116
4.87086,80.5739,0.732957,-0.514965,0.090696,117
4.70564,81.2769,0.722195,-0.487379,0.0275858,118
4.88953,81.9797,0.72646,-0.000644555,0.486735,119
5.10405,82.7242,0.774746,0.0239913,0.0246358,120
5.3163,83.4863,0.791075,0.0150711,-0.00892021,121
5.47087,84.2354,0.764955,-0.0530983,-0.0681693,122
5.67073,84.9543,0.746097,0.0146155,0.0677138,123
5.84439,85.7179,0.783109,-0.032935,-0.0475505,124
6.03671,86.4973,0.802754,-0.0146468,0.0182882,125
6.21093,87.2729,0.795018,-0.0356208,-0.020974,126
6.39171,87.9848,0.734457,-0.00787289,0.0277479,127
6.55106,88.7129,0.745358,-0.0411126,-0.0332397,128
6.72705,89.4108,0.719694,-0.00952364,0.031589,129
6.87681,90.1496,0.753886,-0.0565792,-0.0470556,130
7.06969,90.8963,0.771152,-0.00375846,0.0528208,131
7.2241,91.6069,0.727244,-0.0426081,-0.0388496,132
7.42607,92.3392,0.759645,0.0125379,0.055146,133
7.58493,93.0571,0.735224,-0.0387654,-0.0513034,134
7.80899,93.8146,0.789905,0.0310282,0.0697937,135
7.99135,94.543,0.750907,-0.011246,-0.0422742,136
8.21311,95.3301,0.817729,0.0180561,0.0293022,137
8.38115,96.1189,0.80649,-0.0466588,-0.064715,138
8.52005,96.8579,0.75199,-0.070797,-0.0241382,139
8.59888,97.6774,0.823313,-0.160669,-0.0898718,140
8.70181,98.4136,0.743321,-0.117632,0.0430373,141
8.73625,99.1179,0.705145,-0.207705,-0.0900738,142
8.81128,99.8593,0.745199,-0.155712,0.0519936,143
8.85203,100.633,0.775186,-0.203972,-0.0482605,144
8.95058,101.374,0.746718,-0.124196,0.0797765,145
9.0004,102.129,0.757313,-0.190731,-0.0665356,146
9.13439,102.851,0.733868,-0.0729564,0.117775,147
9.35563,103.569,0.751043,0.042446,0.115402,148
9.6373,104.275,0.760503,0.122853,0.0804069,149
9.88432,105.004,0.769446,0.0702635,-0.0525894,150
10.1462,105.719,0.761381,0.0946157,0.0243522,151
10.3282,106.456,0.759051,-0.0144983,-0.109114,152
10.5531,107.198,0.776195,0.0374385,0.0519368,153
10.7406,107.915,0.740905,-0.000806167,-0.0382447,154
11,108.702,0.828325,0.0619829,0.0627891,155
11.2207,109.442,0.772308,0.0332823,-0.0287006,156
11.5098,110.261,0.868757,0.0826284,0.0493461,157
11.6568,110.977,0.730564,-0.0538965,-0.136525,158
11.7274,111.655,0.681917,-0.152807,-0.0989105,159
11.2578,112.152,0.683859,-1.01349,-0.860678,160
10.5356,112.735,0.92809,-1.14843,-0.134947,161
9.95504,113.075,0.672812,-1.29738,-0.14895,162
9.29172,113.457,0.76542,-1.30493,-0.00754498,163
8.60671,113.844,0.786931,-1.31276,-0.00783685,164
7.94568,114.228,0.764181,-1.30174,0.0110273,165
7.25272,114.542,0.76088,-1.40163,-0.0998963,166
6.59895,114.874,0.733055,-1.35796,0.0436692,167
5.92683,115.17,0.734385,-1.4126,-0.0546323,168
5.24602,115.525,0.768194,-1.34575,0.0668483,169
4.58779,115.787,0.708156,-1.4496,-0.103851,170
3.89382,116.098,0.760812,-1.40506,0.0445431,171
3.23195,116.364,0.713276,-1.44536,-0.0403073,172
2.49448,116.705,0.812406,-1.39448,0.0508791,173
1.84474,116.965,0.699747,-1.44701,-0.0525279,174
1.15336,117.264,0.75338,-1.41882,0.0281945,175
0.441128,117.51,0.753435,-1.49514,-0.0763172,176
-0.265379,117.789,0.759718,-1.45086,0.0442713,177
-1.00535,118.028,0.777621,-1.51492,-0.064055,178
-1.72291,118.296,0.765938,-1.47003,0.0448923,179
-2.44215,118.48,0.742339,-1.57727,-0.107247,180
-3.2397,118.722,0.833595,-1.53221,0.0450594,181
-3.90659,118.875,0.684059,-1.6028,-0.0705902,182
-4.647,119.113,0.777837,-1.51592,0.0868877,183
-5.40677,119.278,0.777433,-1.61377,-0.0978569,184
-6.0889,119.464,0.70718,-1.56037,0.0534023,185
-6.89316,119.62,0.819217,-1.63601,-0.0756382,186
-7.61732,119.811,0.748955,-1.56932,0.0666916,187
-7.61732,119.811,0,-2.38633,-0.817015,188
-8.19281,119.402,0.706506,-2.44618,-0.0598445,189
-8.8741,118.972,0.805547,-2.3902,0.0559745,190
-9.42459,118.572,0.680138,-2.45507,-0.0648688,191
-10.0522,118.192,0.733713,-2.37193,0.0831448,192
-10.6302,117.786,0.706275,-2.43949,-0.0675678,193
-11.2396,117.397,0.723068,-2.39558,0.0439123,194
-11.7205,116.991,0.62934,-2.52869,-0.133107,195
-12.2986,116.352,0.862103,-2.66316,-0.13447,196
-12.6926,115.703,0.758741,-2.85208,-0.188917,197
-13.2202,115.027,0.857689,-2.73565,0.116429,198
-13.6903,114.399,0.784502,-2.75558,-0.0199313,199
-14.1974,113.794,0.789658,-2.7008,0.0547734,200
-14.6987,113.163,0.805175,-2.72615,-0.0253495,201
-15.1713,112.588,0.74487,-2.71078,0.0153727,202
-15.6174,111.95,0.778648,-2.78815,-0.0773659,203
-16.0422,111.386,0.705472,-2.75192,0.036229,204
-16.3124,110.751,0.689948,-2.99581,-0.243894,205
-16.4661,109.934,0.832186,-3.21239,-0.216574,206
-16.5803,109.167,0.775171,-3.2503,-0.037918,207
-16.7997,108.395,0.802782,-3.12133,0.128975,208
-16.93,107.709,0.698448,-3.21044,-0.0891106,209
-17.1444,106.928,0.809772,-3.13019,0.0802457,210
-17.3319,106.179,0.77195,-3.15286,-0.022667,211
-17.5161,105.46,0.741617,-3.14705,0.00580893,212
-17.6655,104.711,0.764181,-3.2015,-0.0544437,213
-17.8537,104.015,0.721208,-3.13405,0.0674465,214
-17.9774,103.311,0.714157,-3.22416,-0.0901095,215
-18.1196,102.563,0.762229,-3.21043,0.0137276,216
-18.2477,101.742,0.830858,-3.2434,-0.0329654,217
-18.4098,100.957,0.800974,-3.19434,0.0490577,218
-18.5327,100.221,0.746565,-3.23278,-0.0384421,219
-18.7135,99.458,0.784008,-3.16547,0.0673067,220
-18.822,98.7379,0.728206,-3.24861,-0.0831397,221
-18.9789,97.9622,0.79137,-3.19861,0.0500014,222
-19.0536,97.2717,0.694599,-3.29033,-0.0917231,223
-19.1971,96.5034,0.781529,-3.21347,0.0768675,224
-19.3445,95.7555,0.762274,-3.20364,0.00982659,225
-19.5169,95.0346,0.741248,-3.16333,0.0403109,226
-19.6289,94.2778,0.765036,-3.25128,-0.0879465,227
-19.7805,93.5343,0.758864,-3.19701,0.0542657,228
-19.8997,92.7976,0.746244,-3.23783,-0.0408145,229
-20.0564,92.1257,0.689971,-3.16893,0.0688984,230
-20.1494,91.4512,0.680899,-3.26116,-0.0922315,231
-20.3067,90.6333,0.832833,-3.20819,0.0529656,232
-20.4248,89.9517,0.691721,-3.2265,-0.018306,233
-20.6163,89.1583,0.816232,-3.1614,0.0651034,234
-20.7393,88.4383,0.730435,-3.22889,-0.0674907,235
-20.8886,87.7263,0.727516,-3.19151,0.0373743,236
-20.9673,87.0418,0.688948,-3.28369,-0.0921751,237
-20.9673,87.0418,0,-3.22443,0.0592533,238
-21.1118,86.2975,0.758176,-3.20642,0.0180183,239
-21.2439,85.5267,0.782112,-3.22844,-0.0220217,240
-21.3944,84.8495,0.6937,-3.17946,0.0489754,241
-21.5037,84.07,0.787073,-3.25889,-0.0794251,242
-21.5592,83.3601,0.712109,-3.32014,-0.0612499,243
-21.5515,82.5976,0.762535,-3.40819,-0.0880582,244
-21.5588,81.8368,0.760823,-3.38854,0.0196551,245
-21.5376,81.0868,0.75026,-3.42647,-0.0379299,246
-21.5335,80.3544,0.732445,-3.40371,0.0227629,247
-21.4758,79.5722,0.784366,-3.47179,-0.068082,248
-21.4816,78.8072,0.764945,-3.39058,0.0812106,249
-21.4102,78.1511,0.660064,-3.50661,-0.11603,250
-21.3695,77.4116,0.740602,-3.4531,0.0535094,251
-21.2708,76.7634,0.655666,-3.54928,-0.0961821,252
-21.1943,75.8923,0.874389,-3.48579,0.0634913,253
-21.1019,75.1242,0.773635,-3.51786,-0.0320669,254
-21.0755,74.3996,0.725152,-3.43456,0.0832926,255
-21.0286,73.6767,0.7244,-3.4629,-0.0283361,256
-21.0292,72.9513,0.725412,-3.39729,0.0656082,257
-21.0048,72.2059,0.745821,-3.43095,-0.0336593,258
-21.0157,71.4356,0.770313,-3.38401,0.046944,259
-20.9798,70.7094,0.727106,-3.44752,-0.0635131,260
-20.9952,69.9231,0.786459,-3.37863,0.068891,261
-20.9594,69.174,0.749941,-3.4459,-0.0672711,262
-20.9812,68.4201,0.754185,-3.36917,0.076726,263
-20.9527,67.7252,0.695536,-3.43914,-0.0699706,264
-20.9669,66.9613,0.764065,-3.37954,0.0596083,265
-20.9591,66.174,0.787334,-3.40814,-0.0286032,266
-20.9813,65.4465,0.727842,-3.36759,0.0405541,267
-20.959,64.6779,0.76886,-3.42717,-0.0595812,268
-21.0923,63.9628,0.727447,-3.21388,0.213287,269
-21.3218,63.2427,0.755759,-3.08966,0.124221,270
-21.6514,62.5715,0.747719,-2.94172,0.147943,271
-21.9636,61.8685,0.76931,-2.98019,-0.0384754,272
-22.3155,61.2016,0.754028,-2.91264,0.0675499,273
-22.6177,60.5105,0.754225,-2.9859,-0.0732617,274
-22.9846,59.8253,0.777256,-2.90652,0.079385,275
-23.2853,59.1149,0.771431,-2.99779,-0.0912733,276
-23.6184,58.4502,0.743549,-2.93357,0.0642215,277
-23.9501,57.6969,0.823044,-2.9834,-0.0498344,278
-24.287,56.9905,0.7826,-2.95316,0.0302468,279
-24.5721,56.2838,0.762037,-3.01464,-0.0614863,280
-24.911,55.58,0.781138,-2.94943,0.0652168,281
-25.1604,54.9025,0.722021,-3.04537,-0.095942,282
-25.3555,54.2487,0.682215,-3.10822,-0.0628487,283
-25.4589,53.5166,0.739416,-3.25782,-0.149607,284
-25.6106,52.7706,0.761277,-3.19754,0.0602877,285
-25.6732,52.0644,0.708974,-3.30976,-0.112224,286
-25.782,51.3209,0.75139,-3.2529,0.0568554,287
-25.8479,50.5768,0.747016,-3.30978,-0.0568781,288
-25.976,49.7828,0.804294,-3.23825,0.0715296,289
-26.0867,48.9784,0.811938,-3.26135,-0.0230996,290
-26.2599,48.2788,0.72076,-3.1555,0.105855,291
-26.4066,47.5351,0.758026,-3.20338,-0.047882,292
-26.5999,46.7347,0.823443,-3.16114,0.0422376,293
-26.7102,46.0121,0.730882,-3.24674,-0.0855997,294
-26.9704,45.3835,0.680407,-3.00566,0.241079,295
-27.3647,44.6631,0.821222,-2.89733,0.108329,296
-27.8156,44.0971,0.72366,-2.7255,0.171828,297
-28.1578,43.4204,0.758306,-2.92994,-0.204439,298
-28.4211,42.7535,0.716927,-3.02219,-0.0922429,299
-28.6474,41.9935,0.793029,-3.10877,-0.0865824,300
-28.9128,41.2903,0.751634,-3.03727,0.0715003,301
-29.1798,40.4937,0.840089,-3.07474,-0.037476,302
-29.4946,39.7982,0.763446,-2.97316,0.101585,303
-29.7758,39.1112,0.742351,-3.00965,-0.0364946,304
-30.125,38.4714,0.728832,-2.89847,0.111184,305
-30.3583,37.8837,0.632345,-3.02017,-0.121702,306
-30.7026,36.9752,0.971564,-3.0359,-0.0157317,307
-30.9063,36.2485,0.754754,-3.12491,-0.0890059,308
-31.1571,35.5248,0.765943,-3.06457,0.0603412,309
-31.3955,34.8159,0.747861,-3.0737,-0.00913404,310
-31.7351,34.0925,0.79914,-2.95929,0.114412,311
-32.0238,33.4439,0.709921,-2.97933,-0.0200391,312
-32.4746,32.7883,0.795727,-2.79582,0.183506,313
-32.9681,32.1471,0.809087,-2.74217,0.0536506,314
-33.4472,31.6068,0.722097,-2.67277,0.0694013,315
-33.9177,31.0218,0.750743,-2.72082,-0.0480521,316
-34.3719,30.4943,0.696089,-2.68721,0.0336108,317
-34.7553,29.8917,0.714205,-2.83157,-0.144356,318
-35.108,29.2298,0.750009,-2.9085,-0.076935,319
-35.1108,28.4596,0.770241,-3.39459,-0.486092,320
-35.1169,27.6826,0.777072,-3.39026,0.00433812,321
-35.1108,26.9344,0.748164,-3.40638,-0.0161243,322
-35.1806,26.1967,0.740964,-3.30383,0.102549,323
-35.2107,25.402,0.795274,-3.36022,-0.056386,324
-35.3494,24.6349,0.779615,-3.21925,0.140967,325
-35.4552,23.7842,0.857262,-3.27451,-0.055258,326
-35.5799,22.9717,0.821933,-3.24584,0.0286662,327
-35.6052,22.2375,0.734698,-3.36364,-0.117795,328
-35.6531,21.4408,0.798072,-3.33815,0.0254851,329
-35.6509,20.6962,0.744629,-3.4011,-0.0629512,330
-35.6788,19.9215,0.775204,-3.3621,0.0390047,331
-35.6817,19.1677,0.753778,-3.39444,-0.0323371,332
-35.7194,18.3753,0.793336,-3.35054,0.0438956,333
-35.7145,17.6019,0.773425,-3.40447,-0.0539334,334
-35.7431,16.7977,0.804719,-3.36265,0.0418269,335
-35.7059,16.0494,0.749193,-3.44778,-0.0851283,336
-35.7116,15.2674,0.78208,-3.3909,0.0568715,337
-35.6395,14.5269,0.743943,-3.49519,-0.104287,338
-35.6059,13.8082,0.719455,-3.44497,0.0502208,339
-35.5188,13.0733,0.740049,-3.51605,-0.0710848,340
-35.4646,12.3255,0.749837,-3.47053,0.0455225,341
-35.3862,11.678,0.652231,-3.51864,-0.0481064,342
-35.4,11.0177,0.660418,-3.37727,0.141371,343
-35.4963,10.2838,0.740151,-3.26768,0.109589,344
-35.6246,9.5796,0.715821,-3.2179,0.0497777,345
-35.7178,8.80737,0.777827,-3.27808,-0.0601832,346
-35.8222,8.0492,0.765331,-3.26127,0.0168133,347
-35.8553,7.27235,0.777558,-3.35564,-0.0943687,348
-35.906,6.50436,0.769661,-3.33219,0.0234471,349
-35.8696,5.72801,0.777206,-3.44497,-0.112776,350
-35.8645,4.93981,0.788212,-3.40472,0.0402499,351
-35.8333,4.13106,0.80935,-3.43662,-0.0319045,352
-35.8583,3.36011,0.771354,-3.36585,0.0707738,353
-35.8602,2.58459,0.775522,-3.39561,-0.0297577,354
-35.9284,1.83501,0.752666,-3.30752,0.0880862,355
-35.9462,1.15957,0.675677,-3.37168,-0.0641632,356
-35.9462,1.15957,0,-3.25933,0.112353,357
-36.1234,0.40132,0.778672,-3.16864,0.0906956,358
-36.3056,-0.34491,0.768149,-3.15869,0.00994458,359
-36.5603,-1.07571,0.773916,-3.06279,0.095897,360
-36.8,-1.85402,0.814388,-3.09939,-0.0365926,361
-37.044,-2.57118,0.757521,-3.07024,0.0291485,362
-37.2495,-3.38006,0.834573,-3.14938,-0.0791379,363
-37.4876,-4.13614,0.792677,-3.09311,0.0562698,364
-37.6996,-4.8397,0.734826,-3.10541,-0.0123002,365
-37.9615,-5.56784,0.773819,-3.05285,0.052559,366
-38.1576,-6.31674,0.774128,-3.14212,-0.0892766,367
-38.411,-7.05385,0.779478,-3.06696,0.0751612,368
-38.6129,-7.84221,0.813782,-3.14754,-0.0805802,369
-38.8347,-8.57565,0.76624,-3.10449,0.0430546,370
-38.9645,-9.22531,0.662503,-3.20096,-0.0964683,371
-39.1908,-10.018,0.824408,-3.12004,0.0809172,372
-39.4041,-10.7817,0.792912,-3.1258,-0.00576162,373
-39.6268,-11.4629,0.716684,-3.08217,0.0436281,374
-39.8655,-12.2377,0.810679,-3.09924,-0.017069,375
-40.0983,-12.9418,0.741589,-3.07892,0.0203196,376
-40.2933,-13.6563,0.740713,-3.13166,-0.0527338,377
-40.5542,-14.4125,0.799882,-3.06595,0.0657092,378
-40.7742,-15.1075,0.729005,-3.09159,-0.0256447,379
-41.0462,-15.8229,0.76533,-3.03478,0.0568138,380
-41.286,-16.5277,0.744472,-3.07031,-0.035534,381
-41.6267,-17.2568,0.804764,-2.961,0.109307,382
-41.9332,-17.9148,0.725977,-2.9622,-0.00119939,383
-42.3042,-18.5739,0.756331,-2.88549,0.0767172,384
-42.6591,-19.3097,0.816898,-2.94873,-0.0632455,385
-43.007,-19.9382,0.718307,-2.8926,0.0561344,386
-43.3791,-20.7261,0.871385,-2.95696,-0.0643643,387
-43.7542,-21.4145,0.783912,-2.89921,0.0577545,388
-44.0632,-22.1059,0.75731,-2.97787,-0.0786599,389
-44.4102,-22.7941,0.770744,-2.93118,0.0466909,390
-44.738,-23.5327,0.808047,-2.98046,-0.0492841,391
-45.0826,-24.1904,0.742577,-2.91552,0.0649432,392
-45.4098,-24.8989,0.780348,-2.96554,-0.0500183,393
-45.7548,-25.5176,0.708415,-2.88939,0.0761481,394
-46.0023,-26.1662,0.69423,-3.0337,-0.144309,395
-46.3357,-26.9731,0.873037,-3.00635,0.0273485,396
-46.6016,-27.6803,0.755594,-3.0385,-0.032154,397
-46.9473,-28.35,0.753641,-2.92157,0.116936,398
-47.2586,-29.0392,0.756194,-2.97397,-0.0523991,399
-47.5907,-29.7464,0.781368,-2.95919,0.0147781,400
-47.8751,-30.4893,0.795437,-3.03245,-0.0732639,401
-48.1891,-31.2029,0.779635,-2.98364,0.048813,402
-48.4699,-31.9516,0.799658,-3.03939,-0.0557489,403
-48.7326,-32.5882,0.688695,-3.00677,0.0326168,404
-48.9768,-33.3169,0.768464,-3.07481,-0.0680429,405
-49.2422,-34.0428,0.772937,-3.0476,0.0272144,406
-49.4336,-34.7375,0.72055,-3.12939,-0.0817868,407
-49.6666,-35.3302,0.636841,-3.02351,0.10588,408
-49.6666,-35.3302,0,-3.06006,-0.0365563,409
-49.8561,-36.0186,0.714093,-3.1295,-0.0694412,410
-50.1079,-36.7762,0.798308,-3.07731,0.0521965,411
-50.2814,-37.4922,0.736658,-3.16047,-0.0831592,412
-50.4416,-38.1817,0.707886,-3.1698,-0.00933459,413
-50.5171,-38.9079,0.730155,-3.29455,-0.124748,414
-50.6318,-39.6976,0.798001,-3.2539,0.0406527,415
-50.7538,-40.4689,0.78088,-3.24128,0.0126147,416
-50.9617,-41.157,0.718813,-3.10476,0.13652,417
-51.1223,-41.9679,0.826653,-3.2027,-0.0979342,418
-51.3194,-42.8196,0.874211,-3.17074,0.0319549,419
-51.4154,-43.5383,0.725062,-3.26537,-0.0946337,420
-51.5674,-44.3432,0.819107,-3.2115,0.0538693,421
-51.6459,-45.0251,0.686446,-3.28349,-0.0719833,422
-51.7627,-45.7812,0.765083,-3.24492,0.0385644,423
-51.828,-46.4774,0.699197,-3.30465,-0.0597217,424
-51.9621,-47.2498,0.78397,-3.22625,0.0783955,425
-52.0213,-47.9875,0.740098,-3.3181,-0.0918521,426
-52.1318,-48.7396,0.760187,-3.25221,0.0658877,427
-52.1952,-49.4241,0.687413,-3.30582,-0.0536086,428
-52.2966,-50.0284,0.612779,-3.23184,0.0739784,429
-52.2966,-50.0284,0,-3.20228,0.0295613,430
-52.3503,-50.6567,0.630604,-3.31302,-0.110738,431
-52.4965,-51.4091,0.766472,-3.20622,0.106797,432
-52.6092,-52.0099,0.611256,-3.21274,-0.00651283,433
-52.6092,-52.0099,0,-3.3059,-0.093168,434
-52.7247,-52.7472,0.746261,-3.24271,0.0631897,435
-52.8534,-53.4449,0.709507,-3.21571,0.0270035,436
-53.0547,-54.1941,0.775745,-3.13569,0.0800224,437
-53.2766,-54.8581,0.700082,-3.07571,0.0599836,438
-53.6013,-55.5844,0.795559,-2.97767,0.0980335,439
-53.796,-56.2331,0.677352,-3.10666,-0.128992,440
-54.0744,-56.948,0.767221,-3.02671,0.0799509,441
-54.2579,-57.5867,0.664497,-3.11842,-0.0917108,442
-54.2579,-57.5867,0,-3.1277,-0.00928072,443
-54.5139,-58.337,0.792761,-3.06938,0.0583206,444
-54.6879,-58.9818,0.667907,-3.13447,-0.0650901,445
-54.9553,-59.7145,0.779911,-3.04828,0.0861946,446
-54.9553,-59.7145,0,-3.04798,0.000303794,447
-55.2626,-60.4088,0.759307,-2.98151,0.0664631,448
-55.6588,-61.145,0.836055,-2.90442,0.0770936,449
-56.0134,-61.8478,0.787156,-2.93085,-0.0264349,450
-56.4159,-62.4813,0.750515,-2.83214,0.0987149,451
-56.7884,-63.0965,0.71927,-2.85368,-0.0215457,452
-57.2107,-63.8148,0.833181,-2.86664,-0.0129527,453
-57.4599,-64.4738,0.704524,-3.03669,-0.170053,454
-57.9147,-65.2221,0.875689,-2.85208,0.184609,455
-58.253,-65.8984,0.756223,-2.93422,-0.082144,456
-58.6043,-66.6238,0.805986,-2.9472,-0.0129739,457
-58.8289,-67.2945,0.707263,-3.07502,-0.127821,458
-59.0974,-68.033,0.785838,-3.04952,0.0254959,459
-59.2769,-68.6944,0.68529,-3.13311,-0.0835916,460
-59.2769,-68.6944,0,-3.0871,0.0460126,461
-59.4437,-69.4046,0.729548,-3.16741,-0.0803116,462
-59.4684,-70.075,0.670834,-3.36132,-0.193902,463
-59.1283,-70.7814,0.783978,-3.84685,-0.485529,464
-58.9347,-71.5239,0.767386,-3.65327,0.193578,465
-58.851,-72.2346,0.715631,-3.51531,0.137959,466
-59.4215,-72.8646,0.849805,-2.6623,0.853009,467
-60.2006,-73.266,0.876512,-2.30317,0.359126,468
-60.8746,-73.4538,0.699669,-2.09899,0.20418,469
-61.6771,-73.6573,0.8279,-2.07573,0.0232628,470
-62.4536,-73.7601,0.783263,-1.959,0.116732,471
-63.1905,-73.9284,0.755884,-2.05187,-0.0928688,472
-63.855,-74.105,0.687517,-2.0871,-0.035235,473
-64.2059,-74.6624,0.658686,-2.83623,-0.749124,474
-64.4936,-75.4736,0.860772,-3.05744,-0.221211,475
-64.6972,-76.2508,0.803356,-3.14188,-0.0844407,476
-64.9833,-76.9647,0.769081,-3.01698,0.124895,477
-65.2905,-77.6232,0.726692,-2.96169,0.0552904,478
-65.737,-78.2571,0.775394,-2.78451,0.177179,479
-66.226,-78.9439,0.843092,-2.77944,0.00507888,480
-66.7247,-79.6144,0.83557,-2.75861,0.0208242,481
-67.1102,-80.2196,0.717557,-2.83101,-0.0724025,482
-67.5531,-80.9137,0.823317,-2.83021,0.00080656,483
-67.8978,-81.6398,0.803831,-2.95488,-0.124676,484
-68.2487,-82.3612,0.802201,-2.94546,0.00942508,485
-68.3679,-83.0631,0.711947,-3.22991,-0.284453,486
-68.3342,-83.8806,0.818213,-3.4394,-0.209492,487
-68.2687,-84.6986,0.820655,-3.47803,-0.0386263,488
-68.2852,-85.5175,0.819008,-3.37794,0.100094,489
-68.2422,-86.2767,0.760481,-3.45475,-0.0768157,490
-68.2526,-87.0754,0.798682,-3.38514,0.0696123,491
-68.211,-87.7836,0.709478,-3.45687,-0.0717285,492
-68.2417,-88.5108,0.72786,-3.35601,0.100861,493
-68.319,-89.2367,0.729959,-3.29206,0.0639459,494
-68.6402,-89.9282,0.762503,-2.96333,0.32873,495
-68.955,-90.6376,0.776118,-2.98052,-0.0171941,496
-69.325,-91.3674,0.818258,-2.92885,0.0516696,497
-69.6476,-92.0796,0.781773,-2.97289,-0.0440341,498
-69.9559,-92.7644,0.751034,-2.97511,-0.00222453,499
-70.1915,-93.4206,0.697197,-3.05344,-0.0783232,500
-70.5758,-94.1844,0.855043,-2.932,0.121436,501
-70.8987,-94.8924,0.778127,-2.97022,-0.0382171,502
-71.205,-95.5745,0.74779,-2.97619,-0.00596845,503
-71.4599,-96.2591,0.730525,-3.04167,-0.0654804,504
-71.727,-97.0296,0.815399,-3.06445,-0.0227863,505
-71.5238,-97.7593,0.757527,-3.66975,-0.605296,506
-71.2771,-98.5808,0.857728,-3.68992,-0.0201708,507
-71.0255,-99.2854,0.748189,-3.74108,-0.0511559,508
-70.7974,-100.002,0.752297,-3.70619,0.0348814,509
-70.5451,-100.738,0.777828,-3.72858,-0.0223842,510
-70.368,-101.478,0.761028,-3.6329,0.0956771,511
-70.368,-101.478,0,-2.98516,0.647742,512
-70.7513,-102.152,0.774769,-2.88073,0.104433,513
-71.1877,-102.848,0.821534,-2.83812,0.0426013,514
-71.5527,-103.526,0.770568,-2.90473,-0.066601,515
-71.9468,-104.203,0.783225,-2.8709,0.03383,516
-72.3155,-104.91,0.797156,-2.91734,-0.0464462,517
-72.7434,-105.615,0.825192,-2.85287,0.0644676,518
-73.0517,-106.294,0.745156,-2.97171,-0.118841,519
-73.4187,-107.011,0.805374,-2.92499,0.0467197,520
-73.7379,-107.722,0.779282,-2.97613,-0.0511371,521
-74.0855,-108.414,0.774845,-2.93298,0.0431559,522
-74.3792,-109.131,0.775156,-3.0095,-0.076526,523
-74.7119,-109.832,0.775651,-2.95483,0.0546676,524
-74.9943,-110.529,0.751772,-3.01305,-0.0582147,525
-75.2834,-111.218,0.747282,-3.00097,0.0120816,526
-75.4078,-111.851,0.645283,-3.20419,-0.203222,527
-75.4078,-111.851,0,-3.24036,-0.0361698,528
-75.6451,-112.489,0.680393,-3.0418,0.198556,529
-75.6223,-113.165,0.677031,-3.43195,-0.390147,530
-75.4177,-113.98,0.839745,-3.64426,-0.212306,531
-75.1972,-114.675,0.728783,-3.70545,-0.0611901,532
-75.0039,-115.492,0.840123,-3.63042,0.0750267,533
-74.7848,-116.225,0.764683,-3.68871,-0.0582925,534
-74.6281,-116.972,0.763506,-3.60485,0.0838613,535
-74.4403,-117.703,0.755205,-3.64945,-0.0446026,536
-74.3287,-118.47,0.774218,-3.54286,0.106594,537
-74.1932,-119.194,0.737085,-3.58302,-0.040165,538
-74.1075,-119.914,0.724547,-3.5167,0.0663244,539
-73.9622,-120.611,0.712619,-3.6034,-0.0867023,540
-73.847,-121.393,0.790145,-3.54458,0.058818,541
-73.682,-122.179,0.803135,-3.60503,-0.0604453,542
-73.6273,-122.876,0.699055,-3.4765,0.128527,543
-73.6273,-122.876,0,-3.27876,0.197741,544
-73.6512,-123.652,0.776043,-3.36736,-0.0886034,545
-73.7268,-124.39,0.742641,-3.2961,0.0712678,546
-73.7466,-125.131,0.741141,-3.37146,-0.0753675,547
-73.8306,-125.896,0.769014,-3.28872,0.0827466,548
-73.8076,-126.621,0.725455,-3.42991,-0.141189,549
-73.8252,-127.423,0.802092,-3.37621,0.0536968,550
-73.7844,-128.122,0.700287,-3.45649,-0.0802767,551
-73.7844,-128.122,0,-2.53705,0.919435,552
-74.3274,-128.644,0.753604,-2.59348,-0.0564323,553
-74.8838,-129.159,0.757686,-2.57355,0.0199311,554
-75.3757,-129.689,0.72323,-2.65013,-0.0765808,555
-75.9432,-130.177,0.748952,-2.5384,0.111732,556
-76.4991,-130.681,0.750066,-2.56329,-0.0248928,557
-77.1109,-131.175,0.786336,-2.50671,0.056585,558
-77.6857,-131.687,0.769621,-2.55474,-0.048031,559
-78.3116,-132.222,0.823403,-2.53465,0.0200887,560
-78.9,-132.754,0.793328,-2.56262,-0.0279721,561
-79.5199,-133.226,0.778998,-2.47784,0.0847801,562
-80.1026,-133.695,0.748051,-2.50517,-0.0273258,563
-80.1026,-133.695,0,-1.40006,1.10511,564
-80.7873,-133.339,0.771755,-1.34793,0.0521329,565
-81.4204,-132.997,0.719541,-1.3319,0.016024,566
-82.0843,-132.572,0.788317,-1.25804,0.0738627,567
-82.7059,-132.162,0.74426,-1.2449,0.0131409,568
-83.2604,-131.679,0.735841,-1.11007,0.134829,569
-83.858,-131.192,0.77046,-1.14437,-0.0343061,570
-83.858,-131.192,0,-1.84847,-0.704099,571
-84.5061,-131.332,0.662925,-2.03952,-0.191049,572
-84.5061,-131.332,0,-1.72458,0.314945,573
-84.5061,-131.332,0,-1.77895,-0.0543732,574
-85.2607,-131.267,0.757345,-1.74159,0.0373568,575
-86.0021,-131.257,0.741466,-1.81405,-0.0724591,576
-86.7922,-131.21,0.791536,-1.7674,0.0466487,577
-87.5386,-131.296,0.751449,-1.94255,-0.175143,578
-88.2635,-131.486,0.749182,-2.08302,-0.140473,579
-88.2635,-131.486,0,-3.03075,-0.947727,580
-88.5016,-132.232,0.783889,-3.0895,-0.0587514,581
-88.7877,-132.949,0.771707,-3.01841,0.0710859,582
-88.9953,-133.669,0.749268,-3.1174,-0.0989884,583
-89.2858,-134.421,0.806053,-3.02938,0.0880222,584
-89.5181,-135.21,0.822559,-3.11186,-0.0824777,585
-89.7958,-135.909,0.752279,-3.02005,0.0918071,586
-90.0441,-136.688,0.817255,-3.08953,-0.0694845,587
-90.3362,-137.414,0.782796,-3.01567,0.0738667,588
-90.5635,-138.13,0.750933,-3.09073,-0.0750646,589
-90.8422,-138.841,0.763823,-3.02455,0.0661794,590
-91.0987,-139.493,0.700824,-3.02354,0.00100841,591
-91.4042,-140.2,0.769609,-2.9899,0.0336464,592
-91.6501,-140.885,0.728179,-3.05377,-0.0638689,593
-92.0008,-141.685,0.873403,-2.98494,0.0688245,594
-92.2554,-142.33,0.69359,-3.02231,-0.0373672,595
-92.6154,-143.1,0.849732,-2.96066,0.0616536,596
-92.8862,-143.806,0.756069,-3.03187,-0.0712129,597
-93.2232,-144.572,0.837446,-2.98399,0.0478825,598
-93.5079,-145.275,0.75794,-3.01313,-0.0291424,599
-93.8318,-145.991,0.785891,-2.97324,0.0398901,600
-94.1111,-146.677,0.74094,-3.01165,-0.0384093,601
-94.4134,-147.38,0.76491,-2.99197,0.0196737,602
-94.6592,-148.054,0.717691,-3.04853,-0.0565537,603
-94.9509,-148.796,0.797141,-3.02357,0.0249555,604
-95.222,-149.527,0.780183,-3.04327,-0.0196967,605
-95.487,-150.214,0.735922,-3.02967,0.0136002,606
-95.6912,-150.869,0.685941,-3.09602,-0.0663524,607
-95.9473,-151.6,0.77511,-3.06139,0.034629,608
-96.1604,-152.291,0.722906,-3.09895,-0.0375551,609
-96.4035,-152.933,0.685978,-3.03587,0.0630805,610
-96.6427,-153.531,0.644753,-3.01809,0.0177785,611
-96.6427,-153.531,0,-1.32021,1.69788,612
-97.1839,-153.12,0.679539,-1.17791,0.142299,613
-97.7884,-152.561,0.823812,-1.08045,0.0974635,614
-98.3192,-152.055,0.732849,-1.06653,0.0139179,615
-98.8261,-151.429,0.806078,-0.936625,0.129907,616
-99.2417,-150.87,0.696645,-0.895887,0.0407379,617
-99.6071,-150.239,0.728837,-0.781749,0.114137,618
-99.979,-149.586,0.751578,-0.774227,0.00752238,619
-99.9004,-148.897,0.692963,-0.142822,0.631405,620
-99.6304,-148.202,0.745943,0.11374,0.256562,621
-99.2896,-147.45,0.82553,0.169034,0.0552943,622
-98.9968,-146.743,0.765073,0.136146,-0.0328878,623
-98.6702,-146.041,0.774799,0.178547,0.0424004,624
-98.4,-145.366,0.726582,0.124537,-0.0540099,625
-98.0292,-144.619,0.833884,0.204213,0.0796759,626
-97.7518,-144.008,0.6714,0.169316,-0.0348966,627
-97.3884,-143.257,0.833957,0.194399,0.0250829,628
-97.0982,-142.567,0.749209,0.141188,-0.0532114,629
-97.0982,-142.567,0,0.064273,-0.0769147,630
-96.8597,-141.825,0.779057,0.0545072,-0.00976583,631
-96.7164,-141.112,0.726768,-0.0580707,-0.112578,632
-96.5311,-140.38,0.755679,-0.00875128,0.0493195,633
-96.3833,-139.665,0.7303,-0.0528378,-0.0440865,634
-96.1545,-138.917,0.781546,0.0404972,0.093335,635
-95.9983,-138.215,0.719638,-0.0377556,-0.0782528,636
-95.7532,-137.326,0.92229,0.0124336,0.0501892,637
-95.6103,-136.579,0.76019,-0.067439,-0.0798727,638
-95.4255,-135.75,0.849273,-0.0371773,0.0302617,639
-95.3033,-135.013,0.74675,-0.0922753,-0.055098,640
-95.1328,-134.197,0.834142,-0.0506099,0.0416655,641
-95.0059,-133.474,0.733764,-0.0828681,-0.0322582,642
-94.8391,-132.737,0.756106,-0.0341184,0.0487497,643
-94.7314,-131.963,0.780838,-0.118216,-0.0840972,644
-94.5549,-131.212,0.772009,-0.0258593,0.0923562,645
-94.3866,-130.504,0.727437,-0.0230122,0.00284713,646
-94.3866,-130.504,0,0.591788,0.6148,647
-93.7611,-130.038,0.780241,0.673544,0.0817554,648
-93.1874,-129.575,0.736925,0.635587,-0.0379565,649
-92.565,-129.133,0.763344,0.696775,0.0611877,650
-91.9716,-128.707,0.730575,0.69137,-0.00540489,651
-91.292,-128.315,0.784597,0.791154,0.0997839,652
-90.6618,-127.981,0.713147,0.826964,0.0358103,653
-89.9713,-127.721,0.737861,0.953971,0.127007,654
-89.2631,-127.439,0.76239,0.935105,-0.0188665,655
-88.4806,-127.152,0.833431,0.962713,0.0276085,656
-87.788,-126.852,0.754837,0.905339,-0.057374,657
-87.0622,-126.608,0.765749,0.989912,0.0845726,658
-86.329,-126.353,0.776321,0.979313,-0.0105988,659
-85.5956,-126.159,0.758464,1.05618,0.0768713,660
-84.8533,-125.951,0.77102,1.04052,-0.0156644,661
-84.1173,-125.827,0.74638,1.14766,0.10714,662
-83.4387,-125.715,0.687692,1.15097,0.00331144,663
-82.7358,-125.895,0.725489,1.56457,0.413601,664
-82.0416,-126.078,0.717949,1.57187,0.00730047,665
-81.2843,-126.335,0.799929,1.64218,0.0703071,666
-80.5466,-126.548,0.767826,1.59542,-0.0467607,667
-79.8798,-126.818,0.71935,1.69868,0.103261,668
-79.2047,-127.11,0.735306,1.72192,0.0232406,669
-78.5427,-127.475,0.756249,1.81882,0.0968938,670
-77.795,-127.828,0.826661,1.75477,-0.0640401,671
-77.1226,-128.203,0.769727,1.82256,0.0677813,672
-76.3936,-128.537,0.801944,1.74416,-0.0783965,673
-75.7302,-128.912,0.762428,1.82942,0.0852646,674
-75.0369,-129.28,0.784737,1.80177,-0.0276504,675
-74.4154,-129.715,0.758716,1.92516,0.123386,676
-74.1431,-130.361,0.700354,2.48567,0.560512,677
-74.1431,-130.361,0,2.98593,0.500261,678
-74.2416,-131.084,0.72999,3.02036,0.0344316,679
-74.2359,-131.791,0.706979,2.87708,-0.143285,680
-74.2436,-132.587,0.796635,2.8947,0.0176201,681
-74.1934,-133.301,0.715347,2.81467,-0.0800323,682
-74.2279,-134.087,0.786902,2.92894,0.114271,683
-74.2389,-134.826,0.738546,2.89993,-0.0290061,684
-74.3386,-135.642,0.822465,3.00649,0.106555,685
-74.4108,-136.366,0.727232,2.98452,-0.0219677,686
-74.5438,-137.177,0.822513,3.0475,0.0629808,687
-74.6193,-137.914,0.74094,2.9871,-0.0604031,688
-74.7218,-138.759,0.851192,3.00573,0.018628,689
-74.7907,-139.5,0.744211,2.97767,-0.0280568,690
-74.9259,-140.27,0.780964,3.05911,0.0814395,691
-75.0043,-141.007,0.741218,2.99093,-0.0681778,692
-75.1268,-141.764,0.766767,3.04555,0.0546173,693
-75.151,-142.488,0.725214,2.91843,-0.127119,694
-75.1981,-143.253,0.765581,2.94649,0.028059,695
-75.208,-144.027,0.774842,2.89789,-0.0486016,696
-75.2652,-144.873,0.847584,2.95257,0.0546838,697
-75.312,-145.626,0.754521,2.94705,-0.00552131,698
-75.4234,-146.415,0.796743,3.02533,0.078284,699
-75.4978,-147.158,0.747225,2.98469,-0.0406462,700
-75.6548,-147.967,0.824173,3.07681,0.0921226,701
-75.736,-148.644,0.681207,3.00447,-0.0723404,702
-75.8847,-149.446,0.815506,3.06833,0.0638569,703
-75.9663,-150.121,0.680678,3.0052,-0.0631296,704
-76.0928,-150.843,0.732533,3.05871,0.0535186,705
-76.0178,-151.477,0.638072,2.76722,-0.291492,706
-75.868,-152.104,0.645315,2.6507,-0.116527,707
-75.7223,-152.821,0.731043,2.6843,0.0336049,708
-75.6088,-153.596,0.783419,2.73974,0.0554417,709
-75.4162,-154.345,0.773293,2.63332,-0.106425,710
-75.3004,-155.126,0.78969,2.73777,0.104457,711
-75.0984,-155.869,0.770111,2.6197,-0.11807,712
-74.9204,-156.647,0.798138,2.66006,0.0403551,713
-74.7015,-157.419,0.802733,2.60887,-0.0511937,714
-74.5464,-158.203,0.798394,2.6895,0.0806318,715
-74.3367,-158.925,0.752596,2.6027,-0.0867968,716
-74.1489,-159.703,0.799785,2.64803,0.0453243,717
-73.8914,-160.448,0.787964,2.55207,-0.0959555,718
-73.6909,-161.243,0.820089,2.63808,0.0860087,719
-73.4072,-162.034,0.840959,2.54094,-0.0971406,720
-73.2145,-162.742,0.733245,2.61905,0.0781126,721
-72.9053,-163.356,0.687594,2.41854,-0.200512,722
-72.5786,-164.099,0.811793,2.47091,0.0523704,723
-72.0909,-164.707,0.779035,2.20865,-0.262259,724
-71.6099,-165.392,0.837092,2.27285,0.0642039,725
-71.0828,-166.006,0.809157,2.17549,-0.0973643,726
-70.5261,-166.664,0.862054,2.18304,0.00754636,727
-70.0356,-167.192,0.721155,2.13702,-0.0460131,728
-69.4749,-167.867,0.877459,2.19185,0.0548313,729
-68.9691,-168.402,0.735927,2.12725,-0.0646006,730
-68.4718,-168.979,0.761443,2.17339,0.0461376,731
-67.9797,-169.446,0.678831,2.07411,-0.0992856,732
-67.4069,-170.071,0.847416,2.14281,0.0687027,733
-66.8499,-170.551,0.735445,2.02574,-0.117066,734
-66.3736,-171.047,0.687598,2.11975,0.0940042,735
-65.6933,-171.508,0.822031,1.91029,-0.209459,736
-65.0103,-171.861,0.76859,1.79056,-0.119722,737
-64.2778,-172.127,0.779365,1.66281,-0.127753,738
-63.5345,-172.462,0.815307,1.73787,0.0750589,739
-62.8418,-172.733,0.743778,1.68677,-0.0510978,740
-62.183,-173.053,0.73253,1.76668,0.0799085,741
-61.7727,-173.585,0.671635,2.22801,0.461325,742
-61.7727,-173.585,0,2.4749,0.24689,743
-61.4634,-174.342,0.817923,2.49722,0.0223224,744
-61.1616,-175.038,0.758914,2.47606,-0.0211625,745
-60.9209,-175.751,0.751963,2.55915,0.0830898,746
-60.6429,-176.469,0.770598,2.51595,-0.0431993,747
-60.4001,-177.246,0.813491,2.58194,0.0659941,748
-60.1856,-177.933,0.719907,2.58247,0.000530866,749
-60.1954,-178.645,0.712186,2.89886,0.316388,750
-60.1954,-178.645,0,2.95734,0.0584835,751
-60.1954,-178.645,0,2.93802,-0.0193229,752
-60.2933,-179.546,0.906176,2.99324,0.0552194,753
-60.3228,-180.5,0.953979,2.9159,-0.0773356,754
-60.4226,-181.533,1.03834,2.98135,0.0654467,755
-60.4556,-182.81,1.27746,2.91084,-0.0705101,756
-60.441,-183.456,0.645834,2.86249,-0.0483491,757
-60.3786,-184.477,1.02301,2.82392,-0.0385722,758
-60.3422,-185.228,0.752065,2.83661,0.0126937,759
-60.3104,-186.145,0.917492,2.85036,0.0137506,760
-60.2734,-186.983,0.839105,2.84093,-0.00943113,761
-60.2959,-188.108,1.12511,2.90503,0.0640981,762
-60.2463,-189.139,1.03241,2.83696,-0.0680705,763
-60.2335,-190.07,0.930485,2.87137,0.0344099,764
-60.1696,-191.141,1.07336,2.82544,-0.0459302,765
-60.1097,-192.088,0.94825,2.82178,-0.00366007,766
-59.9775,-193.049,0.970169,2.74838,-0.0733942,767
-59.6762,-193.572,0.60387,2.36259,-0.38579,768
-58.9828,-193.859,0.750605,1.70711,-0.655482,769
-58.143,-193.888,0.840216,1.34796,-0.359152,770
-57.5438,-193.511,0.707664,0.753311,-0.59465,771
-56.9025,-192.888,0.894537,0.542808,-0.210503,772
-56.6228,-192.163,0.776763,0.111801,-0.431007,773
-56.2999,-191.474,0.760825,0.181818,0.0700167,774
-55.8893,-190.71,0.867727,0.236289,0.0544708,775
-55.5045,-189.885,0.909938,0.180067,-0.0562214,776
-55.2257,-189.308,0.641151,0.193335,0.0132682,777
-54.9396,-188.711,0.66192,0.190316,-0.00301958,778
-54.4711,-187.863,0.968879,0.248211,0.057895,779
-53.9803,-186.99,1.00163,0.255504,0.00729343,780
-53.5267,-186.3,0.825538,0.325178,0.0696736,781
-53.1695,-185.802,0.613061,0.365365,0.0401873,782
-53.1695,-185.802,0,0.721011,0.355646,783
-52.4976,-185.405,0.78033,0.780851,0.0598402,784
-51.6204,-184.986,0.972186,0.868441,0.0875892,785
-51.6204,-184.986,0,0.943173,0.0747321,786
-50.9404,-184.869,0.690027,1.14365,0.200474,787
-50.1497,-184.746,0.800159,1.15989,0.0162444,788
-49.4463,-184.725,0.703754,1.28565,0.12576,789
-48.741,-184.741,0.705486,1.33682,0.0511694,790
-47.9496,-184.996,0.831453,1.6259,0.289076,791
-47.3003,-185.226,0.688575,1.65371,0.0278147,792
-46.6939,-185.66,0.745663,1.93531,0.281596,793
-46.197,-186.169,0.711782,2.11238,0.177074,794
-45.847,-186.74,0.66931,2.33468,0.222298,795
-45.469,-187.389,0.751315,2.35784,0.0231586,796
-45.2028,-188.035,0.698609,2.49419,0.136352,797
-44.8844,-188.751,0.783693,2.46653,-0.027664,798
-44.6267,-189.462,0.755835,2.5371,0.0705786,799
-44.2739,-190.171,0.792689,2.42383,-0.113277,800
-43.968,-190.925,0.813085,2.49938,0.0755552,801
-43.6078,-191.605,0.769477,2.39781,-0.101568,802
-43.3252,-192.265,0.718517,2.4808,0.082985,803
-42.9779,-193.013,0.824409,2.45022,-0.0305826,804
-42.7282,-193.729,0.757887,2.54925,0.0990375,805
-42.4048,-194.446,0.786969,2.46151,-0.0877442,806
-42.1159,-195.235,0.84054,2.53423,0.0727235,807
-41.8031,-195.943,0.773285,2.46856,-0.065671,808
-41.5797,-196.682,0.772147,2.59145,0.122887,809
-41.2518,-197.417,0.805141,2.46563,-0.12582,810
-41.0171,-198.082,0.705492,2.54585,0.0802211,811
-40.7037,-198.831,0.811479,2.48858,-0.0572709,812
-40.4607,-199.537,0.746439,2.55346,0.0648838,813
-40.1574,-200.298,0.819903,2.50603,-0.0474361,814
-39.9127,-201.024,0.765288,2.55964,0.0536126,815
-39.6912,-201.666,0.679672,2.55296,-0.00667601,816
-39.5196,-202.419,0.77256,2.66108,0.108118,817
-39.5196,-202.419,0,2.9614,0.300315,818
-39.5196,-202.419,0,3.08132,0.119927,819
-39.7401,-203.127,0.740928,3.18728,0.105953,820
-40.026,-203.814,0.74421,3.27934,0.0920589,821
-40.2955,-204.567,0.800308,3.22844,-0.050898,822
-40.6576,-205.301,0.818437,3.34331,0.114868,823
-40.9598,-206.119,0.87201,3.23889,-0.104413,824
-41.297,-206.818,0.775617,3.33479,0.0958963,825
-41.5685,-207.54,0.771654,3.24459,-0.0901984,826
-41.879,-208.206,0.734905,3.32133,0.0767373,827
-42.1385,-208.931,0.76976,3.22886,-0.0924647,828
-42.4348,-209.572,0.706483,3.31771,0.0888495,829
-42.685,-210.27,0.740958,3.22957,-0.088142,830
-42.9984,-210.978,0.774552,3.30154,0.0719714,831
-43.2373,-211.696,0.756641,3.20634,-0.0952035,832
-43.5324,-212.405,0.768242,3.27921,0.0728695,833
-43.7731,-213.077,0.713272,3.22923,-0.0499764,834
-44.0682,-213.788,0.770399,3.27818,0.0489493,835
-44.2543,-214.509,0.744151,3.13776,-0.140417,836
-44.514,-215.216,0.753527,3.2369,0.0991348,837
-44.7164,-215.93,0.741847,3.16136,-0.0755404,838
-44.9993,-216.663,0.785355,3.25348,0.0921245,839
-45.1896,-217.349,0.711966,3.15569,-0.0977935,840
-45.4303,-218.039,0.731154,3.22044,0.0647502,841
-45.637,-218.806,0.794041,3.14845,-0.0719857,842
-45.9339,-219.605,0.853022,3.24047,0.0920186,843
-46.1141,-220.296,0.714156,3.14016,-0.100309,844
-46.4007,-221.081,0.835551,3.2351,0.0949397,845
-46.5737,-221.828,0.766838,3.11258,-0.122521,846
-46.8391,-222.567,0.785036,3.22991,0.117331,847
-47.0156,-223.235,0.690781,3.1434,-0.0865109,848
-47.2537,-223.939,0.74317,3.21119,0.0677829,849
-47.4535,-224.701,0.787951,3.14142,-0.0697684,850
-47.6879,-225.453,0.787807,3.18712,0.0457028,851
-47.9091,-226.212,0.789982,3.16873,-0.0183898,852
-48.1797,-226.953,0.78914,3.23516,0.0664344,853
-48.382,-227.704,0.778116,3.14793,-0.08723,854
-48.6155,-228.439,0.770771,3.19286,0.0449276,855
-48.8239,-229.202,0.790761,3.15168,-0.0411777,856
-49.0729,-229.937,0.776384,3.21149,0.0598087,857
-49.241,-230.649,0.731642,3.11696,-0.094536,858
-49.4143,-231.364,0.73602,3.1226,0.00564528,859
-49.1939,-231.967,0.641591,2.53447,-0.588129,860
-48.8522,-232.881,0.976019,2.5273,-0.00717294,861
-48.5684,-233.525,0.703205,2.46972,-0.0575845,862
-48.2811,-234.307,0.833147,2.5329,0.0631793,863
-48.005,-235.038,0.782001,2.52419,-0.00870569,864
-47.7547,-235.796,0.798275,2.56609,0.0419045,865
-47.4735,-236.466,0.725923,2.48723,-0.0788635,866
-47.22,-237.175,0.752962,2.54166,0.0544298,867
-46.9408,-237.881,0.759291,2.50847,-0.0331888,868
-46.6974,-238.563,0.724274,2.54227,0.0338013,869
-46.3862,-239.314,0.813312,2.49245,-0.0498257,870
-46.1266,-240.046,0.776155,2.54394,0.051497,871
-45.8443,-240.72,0.730849,2.48845,-0.0554986,872
-45.5851,-241.516,0.836927,2.57023,0.0817853,873
-45.302,-242.184,0.726206,2.48446,-0.085768,874
-45.043,-242.964,0.821097,2.56421,0.0797448,875
-44.7681,-243.664,0.752788,2.51119,-0.0530191,876
-44.5337,-244.398,0.769956,2.57563,0.0644416,877
-44.4186,-245.081,0.692656,2.71817,0.142537,878
-44.9976,-245.626,0.794951,3.70092,0.982749,879
-44.9976,-245.626,0,4.03219,0.331269,880
-45.6598,-245.903,0.717894,4.05932,0.0271303,881
-46.3942,-246.073,0.753777,4.22851,0.169189,882
-47.042,-246.253,0.672286,4.18488,-0.0436239,883
-47.042,-246.253,0,4.26328,0.0783955,884
-47.8187,-246.548,0.830912,4.09269,-0.17059,885
-47.8187,-246.548,0,4.19329,0.100601,886
-47.8187,-246.548,0,4.15855,-0.0347353,887
-48.5309,-246.953,0.819634,3.93797,-0.22058,888
-49.1157,-247.206,0.637121,4.04773,0.109762,889
-49.8057,-247.58,0.784777,3.95944,-0.0882959,890
-50.4149,-247.831,0.658704,4.0654,0.105962,891
-50.4149,-247.831,0,3.65888,-0.406515,892
-50.8241,-248.307,0.628166,3.5945,-0.0643847,893
-51.2686,-248.78,0.648638,3.64002,0.0455218,894
-51.2686,-248.78,0,3.59515,-0.0448708,895
-51.2686,-248.78,0,3.58289,-0.0122642,896
-51.2686,-248.78,0,3.80737,0.22448,897
-51.858,-249.215,0.732953,3.81937,0.0120019,898
-52.5171,-249.579,0.752566,3.95204,0.13267,899
-53.1987,-249.891,0.749616,4.0265,0.0744623,900
-53.8968,-250.03,0.711999,4.25824,0.231736,901
-54.6042,-250.182,0.723341,4.24533,-0.0129046,902
-55.3749,-250.296,0.779163,4.30835,0.063018,903
-56.038,-250.453,0.681523,4.22294,-0.0854085,904
-56.6977,-250.53,0.664025,4.34086,0.117922,905
-56.6977,-250.53,0,4.38007,0.0392039,906
-57.3606,-250.545,0.66314,4.43262,0.0525554,907
-58.1008,-250.467,0.7443,4.56085,0.128227,908
-58.8563,-250.425,0.756611,4.5115,-0.0493525,909
-59.625,-250.331,0.774493,4.57736,0.0658589,910
-60.3506,-250.281,0.727256,4.52397,-0.0533887,911
-61.1074,-250.175,0.764268,4.59562,0.0716554,912
-61.8202,-250.104,0.716292,4.55457,-0.0410536,913
-62.5188,-249.962,0.71298,4.65686,0.102289,914
-63.2886,-249.893,0.772905,4.54548,-0.111379,915
-63.9945,-249.798,0.712247,4.58976,0.0442774,916
-64.7389,-249.74,0.746623,4.53322,-0.0565413,917
-65.4201,-249.656,0.686406,4.57891,0.0456925,918
-66.1159,-249.586,0.699258,4.55537,-0.023541,919
-66.1159,-249.586,0,4.53922,-0.0161514,920
-66.9269,-249.499,0.815631,4.5629,0.0236822,921
-67.6337,-249.422,0.71102,4.56456,0.00166183,922
-68.3607,-249.332,0.732564,4.57927,0.0147066,923
-69.0734,-249.268,0.715575,4.54447,-0.0347927,924
-69.815,-249.117,0.756876,4.65762,0.113146,925
-70.5582,-249.014,0.750238,4.59291,-0.0647128,926
-71.3057,-248.841,0.767263,4.68277,0.0898628,927
-72.0423,-248.722,0.746106,4.61637,-0.0664048,928
-72.8111,-248.559,0.786077,4.66547,0.0491083,929
-73.5586,-248.451,0.755171,4.59863,-0.0668418,930
-74.2678,-248.329,0.719594,4.62609,0.0274584,931
-74.2678,-248.329,0,5.30729,0.681201,932
-74.7333,-247.759,0.735916,5.34181,0.0345131,933
-75.2155,-247.224,0.720423,5.29321,-0.0485921,934
-75.7166,-246.553,0.837188,5.38501,0.091796,935
-76.1965,-246.002,0.731224,5.31065,-0.0743565,936
-76.7344,-245.332,0.85912,5.3501,0.0394478,937
-77.2456,-244.783,0.749527,5.27609,-0.0740089,938
-77.7681,-244.231,0.760654,5.26939,-0.00669882,939
-78.336,-243.806,0.709232,5.0981,-0.171295,940
-79.0761,-243.775,0.740698,4.49781,-0.600284,941
-79.7958,-243.959,0.74302,4.20465,-0.293159,942
-80.6056,-244.097,0.821402,4.28784,0.0831805,943
-81.3336,-244.243,0.742507,4.25779,-0.0300495,944
-82.1786,-244.361,0.853272,4.31652,0.0587343,945
-82.9021,-244.479,0.732977,4.29477,-0.0217541,946
-83.6765,-244.527,0.775909,4.39406,0.0992921,947
-84.4764,-244.637,0.80743,4.31923,-0.0748326,948
-85.245,-244.678,0.769683,4.40241,0.0831895,949
-86.0172,-244.736,0.774311,4.38093,-0.0214867,950
-86.7318,-244.68,0.716844,4.53376,0.152837,951
-87.4806,-244.416,0.793781,4.7942,0.26044,952
-87.4806,-244.416,0,5.53405,0.739846,953
-87.6675,-243.711,0.72994,5.76776,0.233706,954
-87.8153,-242.964,0.760952,5.83106,0.0632998,955
-87.7894,-242.174,0.790802,6.05939,0.228334,956
-87.697,-241.308,0.871028,6.13288,0.0734882,957
-87.6436,-240.67,0.639949,6.11024,-0.0226385,958
-87.6436,-240.67,0,6.14922,0.0389827,959
-87.6413,-239.967,0.703625,6.02989,-0.11933,960
-87.6055,-239.098,0.869145,6.06785,0.0379615,961
-87.6339,-238.431,0.667808,5.98406,-0.0837902,962
-87.616,-237.732,0.699059,6.05222,0.0681533,963
-87.616,-237.732,0,5.66524,-0.386973,964
-87.9581,-237.098,0.720109,5.53157,-0.133676,965
-88.2641,-236.414,0.749711,5.60612,0.0745516,966
-88.626,-235.77,0.738814,5.51471,-0.0914102,967
-88.9139,-235.073,0.75433,5.63502,0.120305,968
-89.2539,-234.446,0.713235,5.52977,-0.105245,969
-89.5337,-233.719,0.77908,5.65928,0.129511,970
-89.8269,-233.116,0.670094,5.57381,-0.0854678,971
-90.0829,-232.42,0.741342,5.67395,0.100138,972
-90.4549,-231.77,0.749321,5.50716,-0.166795,973
-90.7429,-231.166,0.669212,5.5818,0.0746405,974
-91.11,-230.478,0.779766,5.53645,-0.0453446,975
-91.4076,-229.792,0.747506,5.61714,0.0806865,976
-91.7159,-229.236,0.63627,5.52079,-0.0963453,977
-92.0449,-228.471,0.831987,5.61999,0.0992009,978
-92.328,-227.85,0.682417,5.59895,-0.0210416,979
-92.5987,-227.116,0.782447,5.67334,0.0743863,980
-92.8899,-226.474,0.705421,5.60106,-0.0722791,981
-93.128,-225.756,0.756317,5.7064,0.105336,982
-93.3521,-225.13,0.665038,5.68294,-0.0234531,983
-93.6021,-224.409,0.76294,5.6927,0.00975995,984
-93.9028,-223.783,0.694111,5.5785,-0.114205,985
-93.9028,-223.783,0,4.66616,-0.912335,986
-94.5474,-223.701,0.649777,4.58257,-0.0835909,987
-95.2177,-223.576,0.681902,4.64073,0.0581581,988
-95.9074,-223.547,0.690287,4.49797,-0.142761,989
-96.5558,-223.435,0.658055,4.62715,0.129183,990
-97.3273,-223.398,0.772368,4.50336,-0.123794,991
-97.9308,-223.355,0.605049,4.5264,0.0230458,992
-98.4932,-223.637,0.629188,3.99077,-0.53563,993
-99.2678,-224.081,0.892551,3.93587,-0.0549041,994
-99.8236,-224.541,0.7217,3.76406,-0.171809,995
-100.509,-225.04,0.847113,3.82685,0.0627923,996
-101.024,-225.447,0.656733,3.78739,-0.039462,997
-101.642,-225.844,0.734888,3.88426,0.0968667,998
-102.191,-226.282,0.702402,3.78207,-0.102184,999
-102.856,-226.677,0.773449,3.92065,0.138575,1000
-103.493,-227.052,0.739149,3.92325,0.00260118,1001
-104.182,-227.339,0.746593,4.06182,0.138571,1002
-104.929,-227.605,0.793038,4.11291,0.0510925,1003
-105.804,-227.719,0.881869,4.32651,0.213603,1004
-106.58,-227.896,0.796491,4.23199,-0.0945261,1005
-107.476,-227.863,0.896019,4.49218,0.260188,1006
-108.301,-227.822,0.826275,4.50655,0.0143741,1007
-109.087,-227.689,0.797072,4.62243,0.115881,1008
-109.826,-227.642,0.740663,4.52019,-0.10224,1009
-110.57,-227.562,0.74797,4.56235,0.0421618,1010
-111.192,-227.54,0.622515,4.49101,-0.0713429,1011
-111.995,-227.443,0.808585,4.57635,0.0853397,1012
-112.67,-227.423,0.67579,4.48525,-0.0911032,1013
-113.451,-227.296,0.790727,4.61775,0.132504,1014
-114.138,-227.208,0.693037,4.58336,-0.0343923,1015
-114.96,-227.086,0.831098,4.60215,0.0187949,1016
-115.693,-227.039,0.733758,4.52078,-0.0813746,1017
-116.465,-226.945,0.777873,4.57649,0.0557144,1018
-117.251,-226.936,0.786648,4.46697,-0.109521,1019
-118.051,-226.853,0.804372,4.55923,0.0922597,1020
-118.725,-226.788,0.67695,4.55248,-0.00675078,1021
-119.487,-226.67,0.770471,4.60945,0.0569721,1022
-120.253,-226.577,0.771848,4.57638,-0.0330716,1023
-120.991,-226.448,0.749371,4.62907,0.0526875,1024
-121.721,-226.347,0.736711,4.59359,-0.0354794,1025
-122.417,-226.21,0.709855,4.65026,0.0566702,1026
-123.125,-226.136,0.711477,4.5602,-0.0900568,1027
-123.858,-226.008,0.744637,4.62838,0.0681769,1028
-124.604,-225.951,0.74802,4.5315,-0.0968797,1029
-125.394,-225.834,0.798531,4.60299,0.0714879,1030
-126.117,-225.762,0.726086,4.55579,-0.0471935,1031
-126.849,-225.626,0.744819,4.63947,0.0836788,1032
-127.569,-225.56,0.723488,4.54729,-0.0921865,1033
-128.373,-225.406,0.818304,4.64445,0.0971664,1034
-129.08,-225.328,0.711446,4.56599,-0.0784628,1035
-129.845,-225.193,0.776017,4.63072,0.0647281,1036
-130.591,-225.134,0.749182,4.53432,-0.0963998,1037
-131.467,-224.992,0.886667,4.61706,0.0827446,1038
-132.127,-224.918,0.664253,4.56658,-0.0504874,1039
-132.884,-224.771,0.771054,4.64786,0.0812891,1040
-133.659,-224.684,0.7799,4.56848,-0.0793816,1041
-134.435,-224.558,0.786887,4.61628,0.0477944,1042
-135.227,-224.475,0.796003,4.5604,-0.0558814,1043
-135.996,-224.39,0.773545,4.56498,0.00458028,1044
-136.696,-224.488,0.706838,4.31722,-0.247752,1045
-137.504,-224.783,0.85996,4.10647,-0.210758,1046
-138.059,-225.323,0.774511,3.68365,-0.422817,1047
-138.683,-225.862,0.824354,3.7431,0.0594479,1048
-139.2,-226.341,0.704932,3.70863,-0.0344678,1049
-139.823,-226.86,0.811061,3.76144,0.0528143,1050
-140.378,-227.395,0.771345,3.68889,-0.0725552,1051
-140.954,-227.901,0.766628,3.73516,0.0462692,1052
-141.479,-228.408,0.729234,3.68823,-0.0469265,1053
-142.067,-228.963,0.808731,3.69858,0.0103498,1054
-142.536,-229.495,0.708971,3.60808,-0.0904986,1055
-143.085,-230.109,0.823481,3.61453,0.00644681,1056
-143.205,-230.862,0.763138,3.04356,-0.57097,1057
-143.249,-231.644,0.782972,2.94073,-0.102829,1058
-143.324,-232.326,0.686116,2.99539,0.0546624,1059
-143.475,-233.144,0.83201,3.06669,0.0712995,1060
-143.539,-233.839,0.697467,2.97785,-0.0888425,1061
-143.69,-234.691,0.865215,3.0595,0.0816511,1062
-143.767,-235.419,0.731982,2.99116,-0.0683416,1063
-143.921,-236.239,0.834944,3.07036,0.0791999,1064
-143.994,-236.949,0.713192,2.98714,-0.0832222,1065
-144.129,-237.759,0.821621,3.05055,0.0634117,1066
-144.212,-238.471,0.71689,3.0004,-0.0501433,1067
-144.366,-239.235,0.77921,3.08509,0.0846871,1068
-144.441,-239.971,0.739822,2.98591,-0.0991813,1069
-144.593,-240.775,0.818649,3.07203,0.0861225,1070
-144.696,-241.513,0.744392,3.02311,-0.0489263,1071
-144.865,-242.3,0.8052,3.09669,0.0735832,1072
-144.992,-243.065,0.775452,3.04929,-0.0474007,1073
-145.166,-243.817,0.771819,3.11251,0.063225,1074
-145.295,-244.594,0.787717,3.05034,-0.0621688,1075
-145.479,-245.361,0.788791,3.12023,0.0698806,1076
-145.588,-246.075,0.722497,3.03648,-0.0837451,1077
-145.752,-246.787,0.730599,3.11151,0.0750302,1078
-145.835,-247.556,0.77348,2.99276,-0.118752,1079
-145.947,-248.394,0.845161,3.01732,0.0245631,1080
-146.018,-249.123,0.732277,2.98302,-0.0343005,1081
-146.155,-249.879,0.768528,3.06435,0.081326,1082
-146.253,-250.608,0.73541,3.01771,-0.0466328,1083
-146.419,-251.404,0.813459,3.09129,0.0735767,1084
-146.525,-252.091,0.695321,3.03738,-0.0539088,1085
-146.731,-252.9,0.834377,3.13428,0.0969007,1086
-146.848,-253.594,0.704172,3.05226,-0.0820188,1087
-147.034,-254.408,0.834672,3.10953,0.0572653,1088
-147.14,-255.1,0.700551,3.03797,-0.0715558,1089
-147.306,-255.853,0.7705,3.10209,0.0641208,1090
-147.375,-256.572,0.722836,2.98056,-0.121535,1091
-147.488,-257.35,0.786,3.02896,0.0483953,1092
-147.645,-258.092,0.758799,3.09341,0.0644588,1093
-148.101,-258.773,0.819395,3.47459,0.38118,1094
-148.571,-259.411,0.792267,3.52038,0.0457908,1095
-149.104,-259.919,0.736573,3.69467,0.174281,1096
-149.503,-260.374,0.605178,3.60456,-0.0901064,1097
