0,0,0,0.270976,0,1
0.143728,0.648798,0.664528,0.218009,-0.0529668,2
0.357631,1.40812,0.788875,0.274587,0.0565782,3
0.503527,2.0959,0.703089,0.209025,-0.065562,4
0.640111,2.83235,0.749008,0.183379,-0.0256464,5
0.766573,3.62938,0.806995,0.157357,-0.0260221,6
0.89343,4.38216,0.763392,0.166949,0.00959256,7
1.00076,5.16004,0.785254,0.137106,-0.0298431,8
1.16229,5.94797,0.804317,0.202215,0.0651083,9
1.26931,6.68419,0.743959,0.144353,-0.0578611,10
1.40555,7.3954,0.724142,0.189265,0.044912,11
1.52501,8.20904,0.822365,0.145781,-0.0434845,12
1.67759,9.00209,0.807592,0.19007,0.044289,13
1.77549,9.75281,0.757077,0.129669,-0.0604007,14
1.91877,10.4753,0.736522,0.195788,0.0661191,15
2.02109,11.2517,0.783107,0.131041,-0.0647476,16
2.13269,12.0495,0.80566,0.138965,0.0079245,17
2.21903,12.8616,0.816623,0.105924,-0.0330417,18
2.34704,13.6166,0.765766,0.167958,0.062034,19
2.46097,14.3777,0.769621,0.14858,-0.019378,20
2.59287,15.1098,0.743833,0.178258,0.0296785,21
2.66836,15.8594,0.753446,0.100365,-0.0778937,22
2.78939,16.6103,0.760613,0.159809,0.0594448,23
2.87653,17.399,0.793479,0.110043,-0.0497668,24
3.0197,18.1976,0.811269,0.177399,0.0673562,25
3.08773,18.937,0.742576,0.0917424,-0.0856563,26
3.22052,19.7042,0.778569,0.171393,0.0796501,27
3.34737,20.4933,0.799207,0.159396,-0.0119967,28
3.50874,21.1519,0.678085,0.240283,0.0808875,29
3.66467,21.8586,0.723705,0.217172,-0.0231116,30
3.90078,22.6533,0.829061,0.28878,0.0716087,31
4.12745,23.392,0.772684,0.297731,0.00895057,32
4.36655,24.1853,0.828579,0.292737,-0.00499376,33
4.56074,24.9092,0.74945,0.2621,-0.0306371,34
4.78781,25.6597,0.784102,0.293793,0.0316931,35
4.97526,26.397,0.760739,0.24898,-0.0448134,36
5.21828,27.1725,0.812742,0.303659,0.0546791,37
5.40711,27.8659,0.718602,0.265887,-0.0377718,38
5.6235,28.5365,0.704715,0.312099,0.0462114,39
5.83589,29.2945,0.787153,0.273219,-0.0388799,40
6.07755,30.0083,0.753603,0.326441,0.053222,41
6.28089,30.6596,0.682344,0.302591,-0.0238497,42
6.51512,31.39,0.767004,0.310338,0.00774717,43
6.7094,32.1004,0.736466,0.266957,-0.0433806,44
6.95436,32.8596,0.797779,0.312105,0.0451473,45
7.15378,33.5887,0.755857,0.266994,-0.0451109,46
7.38778,34.3211,0.768888,0.309236,0.042242,47
7.57718,35.0989,0.800535,0.238856,-0.0703795,48
7.79578,35.8032,0.737423,0.300959,0.0621031,49
8.00042,36.6013,0.823923,0.251007,-0.0499529,50
8.25044,37.367,0.805443,0.315621,0.0646143,51
8.45201,38.1209,0.780453,0.261231,-0.0543903,52
8.70901,38.8464,0.769635,0.340469,0.079238,53
8.9426,39.5746,0.764774,0.31039,-0.0300785,54
9.18232,40.2903,0.754799,0.3232,0.0128099,55
9.36517,41.0366,0.768332,0.240283,-0.082917,56
9.59701,41.767,0.766314,0.307362,0.0670792,57
9.76412,42.5052,0.756901,0.222612,-0.0847499,58
9.98381,43.2843,0.809508,0.274831,0.0522183,59
10.1631,44.0582,0.794383,0.227632,-0.0471983,60
10.4002,44.8497,0.826239,0.291051,0.0634191,61
10.5789,45.57,0.742128,0.24326,-0.047791,62
10.8368,46.3618,0.832745,0.314793,0.0715322,63
11.0084,47.0955,0.753477,0.229874,-0.084919,64
11.2481,47.9114,0.850372,0.285632,0.0557588,65
11.3879,48.6115,0.713935,0.197232,-0.0884008,66
11.5856,49.3783,0.791872,0.252307,0.0550754,67
11.7761,50.1444,0.78939,0.243708,-0.00859941,68
12.001,50.8578,0.748035,0.305422,0.0617143,69
12.2143,51.627,0.798206,0.27044,-0.0349819,70
12.4289,52.32,0.725455,0.300297,0.0298569,71
12.6955,53.1324,0.8551,0.317127,0.0168304,72
12.9713,53.8339,0.753752,0.374547,0.0574196,73
13.1939,54.5079,0.709831,0.318998,-0.0555491,74
13.4258,55.2468,0.774342,0.304118,-0.0148795,75
13.5952,55.9905,0.762816,0.223976,-0.0801424,76
13.7964,56.6937,0.731395,0.278716,0.0547398,77
13.963,57.4996,0.82297,0.203777,-0.074939,78
14.1212,58.2312,0.748496,0.212965,0.00918858,79
14.2235,58.9755,0.751331,0.136641,-0.0763241,80
14.3832,59.752,0.792755,0.202809,0.066168,81
14.5268,60.5365,0.797471,0.181001,-0.0218077,82
14.7056,61.2542,0.739669,0.244204,0.0632026,83
14.8301,62.0124,0.768317,0.162815,-0.081389,84
15.0012,62.7766,0.783106,0.22025,0.0574346,85
15.0726,63.4855,0.712525,0.100387,-0.119863,86
14.9385,64.337,0.861979,-0.156278,-0.256665,87
14.9385,64.337,0,-1.28299,-1.12671,88
14.1596,64.568,0.812427,-1.28241,0.000578706,89
13.3488,64.8862,0.871027,-1.1968,0.0856069,90
12.7652,65.1091,0.62471,-1.20606,-0.00925844,91
12.7652,65.1091,0,-1.24252,-0.0364577,92
12.7652,65.1091,0,-1.1601,0.0824206,93
12.7652,65.1091,0,-1.17412,-0.0140232,94
12.073,65.4925,0.791272,-1.06489,0.109228,95
11.547,66.0899,0.795942,-0.722024,0.34287,96
11.3558,66.6696,0.610437,-0.318551,0.403473,97
11.0062,67.3425,0.758336,-0.479182,-0.160631,98
10.6685,68.006,0.744472,-0.4708,0.00838194,99
10.2525,68.6904,0.800894,-0.546157,-0.0753571,100
9.89846,69.3636,0.760648,-0.484093,0.0620644,101
9.51066,70.0604,0.797459,-0.507844,-0.023751,102
9.15398,70.7309,0.759417,-0.488921,0.0189229,103
8.7821,71.3843,0.751816,-0.517429,-0.0285084,104
8.45649,72.0529,0.743703,-0.453174,0.0642547,105
8.06878,72.7761,0.820575,-0.492108,-0.038934,106
7.74927,73.4679,0.761973,-0.432696,0.0594121,107
7.39668,74.0987,0.722688,-0.50967,-0.0769736,108
7.08249,74.7772,0.747669,-0.433688,0.0759824,109
6.73509,75.483,0.786708,-0.457373,-0.0236857,110
6.43233,76.1766,0.756777,-0.411581,0.0457927,111
6.12624,76.8035,0.697663,-0.454189,-0.0426086,112
5.82399,77.5747,0.828298,-0.373541,0.080648,113
5.50977,78.3615,0.847198,-0.379962,-0.00642052,114
5.2824,79.0644,0.738837,-0.312823,0.0671389,115
5.01507,79.8181,0.7997,-0.340851,-0.0280281,116
4.83436,80.5285,0.732957,-0.249118,0.091733,117
4.67544,81.233,0.722195,-0.221866,0.0272523,118
4.87433,81.9317,0.72646,0.277322,0.499187,119
5.099,82.6731,0.774746,0.294213,0.0168915,120
5.31791,83.4333,0.791075,0.280383,-0.0138302,121
5.47721,84.1815,0.764955,0.209783,-0.0706005,122
5.68309,84.8986,0.746097,0.279577,0.0697945,123
5.8597,85.6616,0.783109,0.227482,-0.0520952,124
6.05702,86.4397,0.802754,0.248348,0.0208666,125
6.23126,87.2154,0.795018,0.220961,-0.0273875,126
6.41412,87.9267,0.734457,0.251622,0.0306609,127
6.56651,88.6563,0.745358,0.205896,-0.0457258,128
6.75073,89.352,0.719694,0.258847,0.0529511,129
6.90372,90.0902,0.753886,0.204356,-0.0544915,130
7.10199,90.8355,0.771152,0.260029,0.0556733,131
7.25845,91.5457,0.727244,0.216839,-0.04319,132
7.46453,92.2768,0.759645,0.274723,0.0578842,133
7.6246,92.9944,0.735224,0.219474,-0.0552491,134
7.85313,93.7505,0.789905,0.293518,0.0740441,135
8.0392,94.478,0.750907,0.250394,-0.0431247,136
8.26412,95.2642,0.817729,0.27865,0.0282561,137
8.43169,96.0531,0.80649,0.209309,-0.0693411,138
8.57435,96.7914,0.75199,0.190864,-0.0184445,139
8.64757,97.6115,0.823313,0.0890536,-0.10181,140
8.7504,98.3477,0.743321,0.138782,0.0497285,141
8.78367,99.052,0.705145,0.0472015,-0.0915806,142
8.85893,99.7934,0.745199,0.10116,0.053959,143
8.89856,100.568,0.775186,0.0511437,-0.0500168,144
8.99592,101.308,0.746718,0.130752,0.0796083,145
9.04171,102.064,0.757313,0.0605116,-0.0702404,146
9.18432,102.784,0.733868,0.19557,0.135059,147
9.41074,103.5,0.751043,0.306231,0.110661,148
9.69702,104.204,0.760503,0.38594,0.0797084,149
9.94491,104.933,0.769446,0.328018,-0.0579217,150
10.2097,105.647,0.761381,0.355134,0.0271154,151
10.3934,106.383,0.759051,0.244463,-0.110671,152
10.6207,107.125,0.776195,0.297303,0.0528405,153
10.8095,107.842,0.740905,0.257561,-0.0397424,154
11.0747,108.626,0.828325,0.325966,0.0684051,155
11.2954,109.367,0.772308,0.289744,-0.0362226,156
11.5866,110.185,0.868757,0.341842,0.0520985,157
11.7316,110.901,0.730564,0.19974,-0.142102,158
11.8037,111.579,0.681917,0.106055,-0.093685,159
11.3322,112.074,0.683859,-0.760911,-0.866966,160
10.6057,112.652,0.92809,-0.899139,-0.138228,161
10.0212,112.985,0.672812,-1.05246,-0.153322,162
9.35202,113.357,0.76542,-1.064,-0.0115438,163
8.66095,113.733,0.786931,-1.07206,-0.00805455,164
7.993,114.104,0.764181,-1.06353,0.00852837,165
7.29338,114.404,0.76088,-1.16675,-0.103214,166
6.63353,114.723,0.733055,-1.12008,0.0466614,167
5.95806,115.011,0.734385,-1.16754,-0.0474584,168
5.27042,115.354,0.768194,-1.10874,0.0588003,169
4.60701,115.601,0.708156,-1.2134,-0.104658,170
3.90693,115.899,0.760812,-1.16851,0.0448936,171
3.24063,116.154,0.713276,-1.20587,-0.0373603,172
2.4967,116.48,0.812406,-1.15727,0.0485974,173
1.84297,116.73,0.699747,-1.20612,-0.0488481,174
1.14652,117.017,0.75338,-1.17956,0.0265592,175
0.430668,117.252,0.753435,-1.25359,-0.0740344,176
-0.280651,117.519,0.759718,-1.21192,0.041668,177
-1.0245,117.746,0.777621,-1.27501,-0.0630845,178
-1.74749,117.998,0.765938,-1.23433,0.0406817,179
-2.47026,118.168,0.742339,-1.34064,-0.106311,180
-3.27284,118.393,0.833595,-1.2972,0.0434405,181
-3.94202,118.535,0.684059,-1.36182,-0.0646252,182
-4.68621,118.761,0.777837,-1.27561,0.0862183,183
-5.44915,118.911,0.777433,-1.37735,-0.101741,184
-6.13544,119.081,0.70718,-1.32716,0.0501852,185
-6.94345,119.216,0.819217,-1.40522,-0.0780595,186
-7.67217,119.389,0.748955,-1.33777,0.0674465,187
-7.67217,119.389,0,-2.1618,-0.824023,188
-8.23632,118.964,0.706506,-2.21678,-0.0549823,189
-8.90577,118.516,0.805547,-2.1606,0.0561815,190
-9.44614,118.103,0.680138,-2.2234,-0.0628047,191
-10.0621,117.704,0.733713,-2.14514,0.0782599,192
-10.6301,117.284,0.706275,-2.20741,-0.0622713,193
-11.2291,116.879,0.723068,-2.1653,0.0421121,194
-11.6991,116.461,0.62934,-2.29828,-0.132978,195
-12.2527,115.8,0.862103,-2.4443,-0.146023,196
-12.627,115.14,0.758741,-2.62571,-0.181409,197
-13.1304,114.446,0.857689,-2.51422,0.111491,198
-13.58,113.803,0.784502,-2.53141,-0.0171928,199
-14.0662,113.181,0.789658,-2.4783,0.0531141,200
-14.5488,112.536,0.805175,-2.4988,-0.020503,201
-15.0041,111.947,0.74487,-2.48393,0.014869,202
-15.4306,111.295,0.778648,-2.56191,-0.0779778,203
-15.8368,110.718,0.705472,-2.5281,0.0338107,204
-16.0884,110.076,0.689948,-2.76837,-0.24027,205
-16.2149,109.253,0.832186,-2.98896,-0.220587,206
-16.3052,108.483,0.775171,-3.02479,-0.0358323,207
-16.4965,107.704,0.802782,-2.90109,0.123701,208
-16.6034,107.014,0.698448,-2.98789,-0.0867967,209
-16.7907,106.226,0.809772,-2.90816,0.0797234,210
-16.9558,105.472,0.77195,-2.92603,-0.0178647,211
-17.1159,104.747,0.741617,-2.92408,0.00194356,212
-17.2434,103.994,0.764181,-2.97385,-0.0497686,213
-17.4095,103.292,0.721208,-2.90921,0.0646455,214
-17.5157,102.586,0.714157,-2.99232,-0.0831101,215
-17.6355,101.833,0.762229,-2.98387,0.0084451,216
-17.7358,101.008,0.830858,-3.02058,-0.036709,217
-17.8739,100.219,0.800974,-2.96829,0.0522867,218
-17.9768,99.48,0.746565,-3.00324,-0.0349414,219
-18.1359,98.7123,0.784008,-2.9373,0.0659402,220
-18.2247,97.9896,0.728206,-3.01933,-0.0820349,221
-18.3598,97.2098,0.79137,-2.97005,0.0492771,222
-18.4189,96.5177,0.694599,-3.05645,-0.086399,223
-18.5386,95.7454,0.781529,-2.98783,0.0686207,224
-18.6662,94.9939,0.762274,-2.97336,0.0144739,225
-18.8194,94.2687,0.741248,-2.93346,0.0398981,226
-18.9144,93.5096,0.765036,-3.017,-0.0835387,227
-19.0471,92.7624,0.758864,-2.96582,0.0511765,228
-19.1481,92.023,0.746244,-3.00583,-0.0400108,229
-19.2877,91.3473,0.689971,-2.93794,0.0678958,230
-19.3634,90.6706,0.680899,-3.0301,-0.0921652,231
-19.5007,89.8492,0.832833,-2.97603,0.054069,232
-19.6035,89.1651,0.691721,-2.99247,-0.0164338,233
-19.7759,88.3673,0.816232,-2.9288,0.0636643,234
-19.883,87.6448,0.730435,-2.99432,-0.0655141,235
-20.0156,86.9294,0.727516,-2.95833,0.0359878,236
-20.0796,86.2435,0.688948,-3.04865,-0.0903206,237
-20.0796,86.2435,0,-2.99664,0.0520134,238
-20.202,85.4953,0.758176,-2.97937,0.0172666,239
-20.3177,84.7217,0.782112,-2.99317,-0.0138048,240
-20.4523,84.0412,0.6937,-2.94629,0.0468888,241
-20.5458,83.2597,0.787073,-3.02245,-0.0761642,242
-20.5874,82.5488,0.712109,-3.08314,-0.0606947,243
-20.5685,81.7865,0.762535,-3.1665,-0.0833594,244
-20.5613,81.0258,0.760823,-3.15095,0.0155552,245
-20.5289,80.2762,0.75026,-3.18487,-0.0339178,246
-20.5137,79.5439,0.732445,-3.16225,0.022615,247
-20.4468,78.7624,0.784366,-3.22707,-0.0648204,248
-20.4413,77.9975,0.764945,-3.14882,0.0782481,249
-20.3627,77.3421,0.660064,-3.26083,-0.112006,250
-20.3121,76.6032,0.740602,-3.20995,0.0508782,251
-20.2027,75.9568,0.655666,-3.3093,-0.0993464,252
-20.1069,75.0876,0.874389,-3.25137,0.0579275,253
-20.0032,74.321,0.773635,-3.27609,-0.0247186,254
-19.9643,73.5969,0.725152,-3.19518,0.0809093,255
-19.9072,72.8747,0.7244,-3.2206,-0.0254233,256
-19.8961,72.1494,0.725412,-3.15681,0.0637973,257
-19.8612,71.4044,0.745821,-3.18844,-0.0316347,258
-19.8599,70.6341,0.770313,-3.14326,0.0451751,259
-19.8143,69.9084,0.727106,-3.20435,-0.0610859,260
-19.8165,69.122,0.786459,-3.13883,0.0655241,261
-19.7683,68.3736,0.749941,-3.20583,-0.067001,262
-19.778,67.6194,0.754185,-3.12882,0.077004,263
-19.7382,66.925,0.695536,-3.19881,-0.0699849,264
-19.7412,66.161,0.764065,-3.1377,0.0611101,265
-19.7206,65.3739,0.787334,-3.16773,-0.030032,266
-19.7319,64.6462,0.727842,-3.12612,0.0416094,267
-19.6985,63.878,0.76886,-3.18497,-0.0588477,268
-19.8116,63.1594,0.727447,-2.98553,0.19944,269
-20.0242,62.4342,0.755759,-2.85647,0.129059,270
-20.3368,61.7549,0.747719,-2.71027,0.146198,271
-20.6355,61.046,0.76931,-2.74283,-0.0325554,272
-20.9735,60.372,0.754028,-2.67673,0.066097,273
-21.2643,59.6761,0.754225,-2.74578,-0.0690504,274
-21.6174,58.9836,0.777256,-2.67006,0.0757167,275
-21.9058,58.2682,0.771431,-2.75834,-0.0882774,276
-22.2289,57.5985,0.743549,-2.69212,0.0662241,277
-22.5499,56.8406,0.823044,-2.74091,-0.0487912,278
-22.8751,56.1287,0.7826,-2.71315,0.0277595,279
-23.1483,55.4174,0.762037,-2.77488,-0.0617266,280
-23.4736,54.7072,0.781138,-2.71206,0.0628167,281
-23.7107,54.0252,0.722021,-2.80701,-0.0949499,282
-23.8904,53.3671,0.682215,-2.87496,-0.0679546,283
-23.9779,52.6329,0.739416,-3.02298,-0.148021,284
-24.1117,51.8835,0.761277,-2.9649,0.058086,285
-24.1608,51.1762,0.708974,-3.07234,-0.107437,286
-24.2536,50.4306,0.75139,-3.01772,0.0546194,287
-24.305,49.6853,0.747016,-3.07281,-0.0550898,288
-24.4168,48.8888,0.804294,-3.00211,0.0706975,289
-24.5099,48.0822,0.811938,-3.02667,-0.0245582,290
-24.6669,47.3788,0.72076,-2.922,0.10467,291
-24.7987,46.6323,0.758026,-2.96684,-0.0448419,292
-24.9732,45.8276,0.823443,-2.92803,0.038805,293
-25.0707,45.1032,0.730882,-3.0079,-0.0798666,294
-25.3155,44.4684,0.680407,-2.77349,0.234415,295
-25.6946,43.7399,0.821222,-2.66184,0.11165,296
-26.1333,43.1644,0.72366,-2.49015,0.171686,297
-26.4642,42.4821,0.758306,-2.69003,-0.19988,298
-26.7149,41.8104,0.716927,-2.78442,-0.0943891,299
-26.9269,41.0462,0.793029,-2.87103,-0.0866073,300
-27.1788,40.3381,0.751634,-2.79984,0.07119,301
-27.431,39.5368,0.840089,-2.83659,-0.0367556,302
-27.7303,38.8344,0.763446,-2.73884,0.0977552,303
-27.9965,38.1414,0.742351,-2.77481,-0.0359706,304
-28.3314,37.4941,0.728832,-2.66415,0.110656,305
-28.5558,36.9029,0.632345,-2.77882,-0.114668,306
-28.8805,35.9872,0.971564,-2.80078,-0.0219636,307
-29.0708,35.2569,0.754754,-2.88677,-0.0859858,308
-29.3071,34.5283,0.765943,-2.82799,0.0587806,309
-29.5347,33.8159,0.747861,-2.83229,-0.00429799,310
-29.861,33.0864,0.79914,-2.72106,0.111228,311
-30.1402,32.4337,0.709921,-2.73738,-0.0163181,312
-30.5799,31.7705,0.795727,-2.55616,0.181214,313
-31.0641,31.1223,0.809087,-2.49998,0.0561798,314
-31.5347,30.5746,0.722097,-2.43173,0.0682511,315
-31.9977,29.9836,0.750743,-2.47709,-0.0453598,316
-32.4446,29.45,0.696089,-2.44434,0.0327517,317
-32.8194,28.842,0.714205,-2.5892,-0.144859,318
-33.1599,28.1737,0.750009,-2.67028,-0.0810816,319
-33.1495,27.4036,0.770241,-3.1552,-0.484922,320
-33.141,26.6265,0.777072,-3.15247,0.0027375,321
-33.1262,25.8785,0.748164,-3.16132,-0.00885589,322
-33.1844,25.1398,0.740964,-3.063,0.0983173,323
-33.206,24.3449,0.795274,-3.1145,-0.0514991,324
-33.3333,23.5757,0.779615,-2.97755,0.136953,325
-33.4284,22.7238,0.857262,-3.03039,-0.05284,326
-33.5412,21.9096,0.821933,-3.00397,0.0264215,327
-33.5582,21.1751,0.734698,-3.1184,-0.114432,328
-33.5945,20.3778,0.798072,-3.0961,0.022301,329
-33.5862,19.6333,0.744629,-3.1527,-0.0565962,330
-33.6053,18.8583,0.775204,-3.11699,0.0357035,331
-33.6021,18.1045,0.753778,-3.14587,-0.0288743,332
-33.6287,17.3116,0.793336,-3.10802,0.0378459,333
-33.6158,16.5383,0.773425,-3.15828,-0.0502612,334
-33.6344,15.7338,0.804719,-3.11843,0.039848,335
-33.5916,14.9858,0.749193,-3.19875,-0.0803125,336
-33.5896,14.2038,0.78208,-3.14419,0.0545595,337
-33.5136,13.4637,0.743943,-3.24395,-0.0997624,338
-33.4734,12.7454,0.719455,-3.19746,0.0464869,339
-33.3821,12.011,0.740049,-3.26525,-0.0677868,340
-33.323,11.2635,0.749837,-3.22049,0.0447602,341
-33.2412,10.6164,0.652231,-3.26736,-0.0468705,342
-33.245,9.95599,0.660418,-3.13583,0.131532,343
-33.3293,9.22066,0.740151,-3.02747,0.108356,344
-33.4481,8.51475,0.715821,-2.97493,0.052542,345
-33.5333,7.74161,0.777827,-3.03185,-0.0569149,346
-33.6265,6.98198,0.765331,-3.01943,0.0124143,347
-33.6538,6.2049,0.777558,-3.10657,-0.0871403,348
-33.6978,5.4365,0.769661,-3.08436,0.0222158,349
-33.6547,4.66049,0.777206,-3.19705,-0.11269,350
-33.6432,3.87236,0.788212,-3.15622,0.0408292,351
-33.6082,3.06376,0.80935,-3.18477,-0.0285563,352
-33.6262,2.29262,0.771354,-3.11831,0.0664623,353
-33.6243,1.5171,0.775522,-3.14405,-0.0257425,354
-33.6867,0.76702,0.752666,-3.05862,0.0854323,355
-33.7014,0.0915034,0.675677,-3.11986,-0.0612382,356
-33.7014,0.0915034,0,-3.01066,0.109196,357
-33.8702,-0.668651,0.778672,-2.92307,0.0875917,358
-34.0439,-1.41689,0.768149,-2.91344,0.00962707,359
-34.2868,-2.15169,0.773916,-2.82229,0.0911572,360
-34.5142,-2.93369,0.814388,-2.85863,-0.0363427,361
-34.7464,-3.65476,0.757521,-2.83008,0.0285451,362
-34.9449,-4.46539,0.834573,-2.90149,-0.0714074,363
-35.172,-5.22481,0.792677,-2.85092,0.0505721,364
-35.3775,-5.93032,0.734826,-2.85813,-0.00721141,365
-35.631,-6.66144,0.773819,-2.80784,0.0502882,366
-35.8235,-7.41125,0.774128,-2.8903,-0.0824529,367
-36.0714,-8.15028,0.779478,-2.81802,0.0722763,368
-36.2688,-8.93976,0.813782,-2.8966,-0.0785826,369
-36.485,-9.67487,0.76624,-2.85556,0.0410457,370
-36.6026,-10.3268,0.662503,-2.96311,-0.107558,371
-36.8185,-11.1225,0.824408,-2.87658,0.0865385,372
-37.0213,-11.889,0.792912,-2.88296,-0.00638943,373
-37.2316,-12.5742,0.716684,-2.84383,0.0391328,374
-37.4603,-13.3519,0.810679,-2.85554,-0.0117031,375
-37.6832,-14.0592,0.741589,-2.8363,0.0192384,376
-37.8671,-14.7767,0.740713,-2.89077,-0.0544683,377
-38.113,-15.5379,0.799882,-2.82903,0.061735,378
-38.3221,-16.2362,0.729005,-2.85072,-0.0216872,379
-38.5769,-16.9579,0.76533,-2.80219,0.0485316,380
-38.8045,-17.6667,0.744472,-2.83088,-0.0286973,381
-39.132,-18.4018,0.804764,-2.7225,0.108384,382
-39.4285,-19.0645,0.725977,-2.72089,0.00161313,383
-39.7871,-19.7304,0.756331,-2.64753,0.0733531,384
-40.1299,-20.4719,0.816898,-2.70858,-0.0610441,385
-40.4648,-21.1074,0.718307,-2.65661,0.0519654,386
-40.825,-21.9008,0.871385,-2.71543,-0.0588146,387
-41.1872,-22.596,0.783912,-2.6613,0.0541236,388
-41.488,-23.2911,0.75731,-2.73313,-0.0718258,389
-41.8257,-23.9839,0.770744,-2.68804,0.0450911,390
-42.1412,-24.7278,0.808047,-2.74045,-0.0524099,391
-42.4759,-25.3907,0.742577,-2.67413,0.0663188,392
-42.7917,-26.1043,0.780348,-2.72489,-0.0507591,393
-43.1248,-26.7295,0.708415,-2.65201,0.0728792,394
-43.3587,-27.3831,0.69423,-2.79797,-0.145965,395
-43.6722,-28.1979,0.873037,-2.77438,0.0235914,396
-43.9258,-28.9097,0.755594,-2.79929,-0.0249116,397
-44.257,-29.5866,0.753641,-2.68649,0.112802,398
-44.5566,-30.281,0.756194,-2.73432,-0.0478284,399
-44.8756,-30.9942,0.781368,-2.72104,0.0132829,400
-45.1477,-31.7417,0.795437,-2.79248,-0.0714431,401
-45.4471,-32.4615,0.779635,-2.74737,0.0451133,402
-45.7168,-33.2143,0.799658,-2.79759,-0.0502192,403
-45.9674,-33.8558,0.688695,-2.76914,0.0284424,404
-46.199,-34.5886,0.768464,-2.8355,-0.0663547,405
-46.4549,-35.3179,0.772937,-2.80412,0.0313794,406
-46.638,-36.0148,0.72055,-2.88463,-0.0805109,407
-46.8639,-36.6102,0.636841,-2.77902,0.105607,408
-46.8639,-36.6102,0,-2.83133,-0.0523045,409
-47.0462,-37.3007,0.714093,-2.88353,-0.0521984,410
-47.2884,-38.0614,0.798308,-2.83334,0.0501868,411
-47.454,-38.7792,0.736658,-2.91488,-0.081538,412
-47.6079,-39.4701,0.707886,-2.92238,-0.00749971,413
-47.6773,-40.197,0.730155,-3.04639,-0.124014,414
-47.7823,-40.988,0.798001,-3.00964,0.0367552,415
-47.9033,-41.7595,0.78088,-2.98595,0.0236893,416
-48.103,-42.45,0.718813,-2.86015,0.125794,417
-48.2594,-43.2617,0.826653,-2.95126,-0.0911068,418
-48.4497,-44.115,0.874211,-2.92217,0.0290851,419
-48.5492,-44.8332,0.725062,-3.00393,-0.0817548,420
-48.7031,-45.6377,0.819107,-2.95258,0.0513503,421
-48.7854,-46.3192,0.686446,-3.02133,-0.0687509,422
-48.9037,-47.0751,0.765083,-2.98637,0.034959,423
-48.9736,-47.7707,0.699197,-3.04141,-0.0550358,424
-49.108,-48.5431,0.78397,-2.96931,0.072094,425
-49.1747,-49.2802,0.740098,-3.05144,-0.0821245,426
-49.2836,-50.0325,0.760187,-2.99777,0.0536721,427
-49.3513,-50.7166,0.687413,-3.04295,-0.0451812,428
-49.454,-51.3207,0.612779,-2.97317,0.0697742,429
-49.454,-51.3207,0,-2.93489,0.0382804,430
-49.517,-51.9482,0.630604,-3.04151,-0.106618,431
-49.67,-52.6992,0.766472,-2.94072,0.100794,432
-49.7914,-53.2983,0.611256,-2.94155,-0.000837537,433
-49.7914,-53.2983,0,-3.05239,-0.110833,434
-49.9062,-54.0357,0.746261,-2.9872,0.0651896,435
-50.0339,-54.7336,0.709507,-2.96066,0.0265338,436
-50.2296,-55.4842,0.775745,-2.88649,0.0741725,437
-50.4469,-56.1498,0.700082,-2.82599,0.0605035,438
-50.7599,-56.8811,0.795559,-2.73721,0.0887754,439
-50.9496,-57.5314,0.677352,-2.85783,-0.120617,440
-51.22,-58.2494,0.767221,-2.78142,0.0764108,441
-51.4017,-58.8886,0.664497,-2.86457,-0.0831538,442
-51.4017,-58.8886,0,-2.87345,-0.00888278,443
-51.6512,-59.641,0.792761,-2.82143,0.0520263,444
-51.8277,-60.2852,0.667907,-2.87413,-0.0527059,445
-52.0862,-61.021,0.779911,-2.80372,0.0704096,446
-52.0862,-61.021,0,-2.81751,-0.0137899,447
-52.3788,-61.7217,0.759307,-2.74614,0.0713752,448
-52.7559,-62.4679,0.836055,-2.67363,0.0725062,449
-53.1,-63.1759,0.787156,-2.68917,-0.0155412,450
-53.4905,-63.8167,0.750515,-2.59429,0.0948832,451
-53.8576,-64.4353,0.71927,-2.60594,-0.0116537,452
-54.2707,-65.1589,0.833181,-2.62293,-0.0169874,453
-54.5135,-65.8202,0.704524,-2.7897,-0.166767,454
-54.9576,-66.575,0.875689,-2.60976,0.179944,455
-55.2918,-67.2533,0.756223,-2.68386,-0.0741023,456
-55.6372,-67.9815,0.805986,-2.69859,-0.0147277,457
-55.8548,-68.6545,0.707263,-2.82887,-0.130285,458
-56.1151,-69.396,0.785838,-2.80399,0.0248837,459
-56.2931,-70.0577,0.68529,-2.8789,-0.074916,460
-56.2931,-70.0577,0,-2.84426,0.0346474,461
-56.4553,-70.769,0.729548,-2.91734,-0.0730853,462
-56.4795,-71.4394,0.670834,-3.10556,-0.188222,463
-56.1469,-72.1494,0.783978,-3.57967,-0.47411,464
-55.9585,-72.8933,0.767386,-3.38964,0.190028,465
-55.8804,-73.6046,0.715631,-3.25101,0.138635,466
-56.4399,-74.2442,0.849805,-2.42281,0.828199,467
-57.2155,-74.6526,0.876512,-2.05556,0.367253,468
-57.8892,-74.8413,0.699669,-1.84386,0.211693,469
-58.6932,-75.0389,0.8279,-1.81173,0.0321309,470
-59.4707,-75.1338,0.783263,-1.69222,0.119509,471
-60.2099,-75.2914,0.755884,-1.78094,-0.0887205,472
-60.8757,-75.463,0.687517,-1.82301,-0.0420644,473
-61.2261,-76.0208,0.658686,-2.58068,-0.757668,474
-61.515,-76.8316,0.860772,-2.79934,-0.218669,475
-61.7272,-77.6064,0.803356,-2.87427,-0.074925,476
-62.0172,-78.3187,0.769081,-2.75489,0.119384,477
-62.3317,-78.9738,0.726692,-2.69402,0.0608646,478
-62.7851,-79.6029,0.775394,-2.5171,0.17692,479
-63.285,-80.2818,0.843092,-2.50693,0.0101724,480
-63.7904,-80.9472,0.83557,-2.49194,0.0149919,481
-64.1834,-81.5475,0.717557,-2.56198,-0.0700385,482
-64.6303,-82.239,0.823317,-2.56788,-0.00590339,483
-64.9836,-82.961,0.803831,-2.68653,-0.118652,484
-65.3454,-83.677,0.802201,-2.67363,0.0129012,485
-65.4825,-84.3756,0.711947,-2.94787,-0.274243,486
-65.4728,-85.1938,0.818213,-3.1535,-0.205631,487
-65.4346,-86.0135,0.820655,-3.18814,-0.0346358,488
-65.4784,-86.8314,0.819008,-3.088,0.100139,489
-65.4668,-87.5918,0.760481,-3.15696,-0.0689604,490
-65.5043,-88.3896,0.798682,-3.09462,0.0623353,491
-65.4896,-89.0989,0.709478,-3.16218,-0.0675536,492
-65.5447,-89.8247,0.72786,-3.06585,0.0963286,493
-65.6377,-90.5487,0.729959,-3.01388,0.0519731,494
-65.9653,-91.2372,0.762503,-2.69755,0.316325,495
-66.295,-91.9398,0.776118,-2.70274,-0.00519139,496
-66.6769,-92.6635,0.818258,-2.65603,0.0467148,497
-67.0141,-93.3688,0.781773,-2.69567,-0.0396393,498
-67.3337,-94.0484,0.751034,-2.70197,-0.0062994,499
-67.585,-94.6988,0.697197,-2.77288,-0.0709117,500
-67.9839,-95.4551,0.855043,-2.65631,0.11657,501
-68.3227,-96.1556,0.778127,-2.6911,-0.0347895,502
-68.6424,-96.8316,0.74779,-2.69983,-0.00872844,503
-68.9121,-97.5105,0.730525,-2.76345,-0.0636253,504
-69.1954,-98.2751,0.815399,-2.78676,-0.0233073,505
-69.0251,-99.0132,0.757527,-3.36835,-0.581591,506
-68.8107,-99.8437,0.857728,-3.39418,-0.0258268,507
-68.5921,-100.559,0.748189,-3.43818,-0.0440039,508
-68.3993,-101.286,0.752297,-3.40067,0.0375104,509
-68.1832,-102.034,0.777828,-3.42314,-0.0224726,510
-68.0409,-102.781,0.761028,-3.32975,0.0933968,511
-68.0409,-102.781,0,-2.71798,0.611766,512
-68.435,-103.448,0.774769,-2.60785,0.110126,513
-68.88,-104.139,0.821534,-2.56919,0.0386687,514
-69.2616,-104.808,0.770568,-2.62358,-0.0543986,515
-69.6702,-105.477,0.783225,-2.59275,0.03083,516
-70.0545,-106.175,0.797156,-2.63855,-0.0457929,517
-70.4931,-106.874,0.825192,-2.58121,0.0573381,518
-70.8185,-107.544,0.745156,-2.68964,-0.108432,519
-71.2028,-108.252,0.805374,-2.64416,0.0454861,520
-71.5417,-108.954,0.779282,-2.69175,-0.0475988,521
-71.9055,-109.638,0.774845,-2.65279,0.0389623,522
-72.2156,-110.348,0.775156,-2.72998,-0.0771883,523
-72.5639,-111.041,0.775651,-2.67594,0.0540406,524
-72.8645,-111.73,0.751772,-2.73024,-0.0543006,525
-73.1712,-112.412,0.747282,-2.71872,0.0115235,526
-73.3123,-113.042,0.645283,-2.92116,-0.202439,527
-73.3123,-113.042,0,-2.95188,-0.0307266,528
-73.5689,-113.672,0.680393,-2.75483,0.197054,529
-73.5757,-114.349,0.677031,-3.13155,-0.376723,530
-73.4145,-115.173,0.839745,-3.3347,-0.203145,531
-73.2326,-115.879,0.728783,-3.39391,-0.0592153,532
-73.0809,-116.705,0.840123,-3.32311,0.0708012,533
-72.9011,-117.448,0.764683,-3.37905,-0.0559387,534
-72.7824,-118.202,0.763506,-3.29763,0.081422,535
-72.6337,-118.943,0.755205,-3.33977,-0.042143,536
-72.5571,-119.713,0.774218,-3.2407,0.0990733,537
-72.4567,-120.443,0.737085,-3.2783,-0.0376056,538
-72.4055,-121.166,0.724547,-3.21228,0.0660252,539
-72.2954,-121.87,0.712619,-3.29671,-0.0844289,540
-72.2191,-122.657,0.790145,-3.23834,0.0583625,541
-72.0996,-123.451,0.803135,-3.29091,-0.0525699,542
-72.0762,-124.149,0.699055,-3.17504,0.11587,543
-72.0762,-124.149,0,-2.98948,0.185567,544
-72.1315,-124.924,0.776043,-3.07031,-0.0808308,545
-72.2352,-125.659,0.742641,-3.00147,0.0688411,546
-72.2851,-126.398,0.741141,-3.0743,-0.0728323,547
-72.3979,-127.159,0.769014,-2.99427,0.080025,548
-72.4064,-127.884,0.725455,-3.1299,-0.135625,549
-72.4604,-128.685,0.802092,-3.07423,0.0556658,550
-72.4553,-129.385,0.700287,-3.14888,-0.0746495,551
-72.4553,-129.385,0,-2.25589,0.89299,552
-73.0168,-129.888,0.753604,-2.30091,-0.0450177,553
-73.588,-130.385,0.757686,-2.28761,0.0132984,554
-74.0968,-130.899,0.72323,-2.36125,-0.0736381,555
-74.6779,-131.372,0.748952,-2.25357,0.107679,556
-75.253,-131.853,0.750066,-2.26792,-0.0143464,557
-75.8835,-132.323,0.786336,-2.2111,0.056814,558
-76.4795,-132.81,0.769621,-2.25595,-0.0448418,559
-77.1266,-133.319,0.823403,-2.23737,0.018574,560
-77.7377,-133.825,0.793328,-2.26231,-0.0249369,561
-78.3751,-134.273,0.778998,-2.18323,0.0790743,562
-78.9764,-134.718,0.748051,-2.20805,-0.0248134,563
-78.9764,-134.718,0,-1.10226,1.10579,564
-79.646,-134.334,0.771755,-1.05043,0.0518278,565
-80.2622,-133.963,0.719541,-1.02843,0.0219939,566
-80.9054,-133.507,0.788317,-0.954181,0.0742534,567
-81.5073,-133.069,0.74426,-0.942055,0.0121261,568
-82.0367,-132.558,0.735841,-0.802897,0.139158,569
-82.6078,-132.041,0.77046,-0.834931,-0.0320337,570
-82.6078,-132.041,0,-1.54223,-0.707295,571
-83.2628,-132.143,0.662925,-1.725,-0.18277,572
-83.2628,-132.143,0,-1.41927,0.305722,573
-83.2628,-132.143,0,-1.47038,-0.0511082,574
-84.0125,-132.036,0.757345,-1.42879,0.0415941,575
-84.7521,-131.982,0.741466,-1.49876,-0.0699758,576
-85.538,-131.888,0.791536,-1.45174,0.0470256,577
-86.2882,-131.932,0.751449,-1.62843,-0.176694,578
-87.0216,-132.085,0.749182,-1.77662,-0.148185,579
-87.0216,-132.085,0,-2.73026,-0.953641,580
-87.3,-132.818,0.783889,-2.7785,-0.0482426,581
-87.6246,-133.518,0.771707,-2.70747,0.071026,582
-87.8737,-134.224,0.749268,-2.80272,-0.0952487,583
-88.2061,-134.959,0.806053,-2.71642,0.0863021,584
-88.4798,-135.734,0.822559,-2.80237,-0.0859526,585
-88.7951,-136.417,0.752279,-2.70919,0.0931791,586
-89.0854,-137.181,0.817255,-2.77844,-0.0692412,587
-89.4181,-137.89,0.782796,-2.70263,0.0758016,588
-89.6833,-138.593,0.750933,-2.78062,-0.0779893,589
-89.9983,-139.288,0.763823,-2.7165,0.0641263,590
-90.2884,-139.926,0.700824,-2.7149,0.00159801,591
-90.6298,-140.616,0.769609,-2.68195,0.0329527,592
-90.9114,-141.288,0.728179,-2.74447,-0.0625186,593
-91.3007,-142.069,0.873403,-2.67958,0.0648864,594
-91.5864,-142.701,0.69359,-2.71717,-0.037592,595
-91.9839,-143.452,0.849732,-2.65477,0.0623978,596
-92.2886,-144.144,0.756069,-2.72673,-0.0719585,597
-92.6638,-144.893,0.837446,-2.67709,0.0496396,598
-92.982,-145.581,0.75794,-2.70826,-0.0311692,599
-93.3404,-146.28,0.785891,-2.66815,0.0401124,600
-93.6535,-146.952,0.74094,-2.70519,-0.0370365,601
-93.9904,-147.639,0.76491,-2.68551,0.0196801,602
-94.2695,-148.3,0.717691,-2.74223,-0.0567214,603
-94.5965,-149.027,0.797141,-2.71894,0.0232885,604
-94.9056,-149.743,0.780183,-2.73416,-0.0152265,605
-95.2055,-150.415,0.735922,-2.72187,0.012298,606
-95.4419,-151.059,0.685941,-2.78973,-0.0678651,607
-95.7311,-151.778,0.77511,-2.75926,0.0304706,608
-95.9786,-152.458,0.722906,-2.79217,-0.0329059,609
-96.2575,-153.084,0.685978,-2.72284,0.069327,610
-96.5315,-153.668,0.644753,-2.70276,0.0200838,611
-96.5315,-153.668,0,-0.994721,1.70804,612
-97.0418,-153.219,0.679539,-0.849534,0.145187,613
-97.603,-152.616,0.823812,-0.749409,0.100125,614
-98.0963,-152.074,0.732849,-0.738476,0.0109333,615
-98.5517,-151.409,0.806078,-0.600395,0.138081,616
-98.9226,-150.819,0.696645,-0.561347,0.0390485,617
-99.2345,-150.161,0.728837,-0.442317,0.11903,618
-99.5533,-149.48,0.751578,-0.438009,0.00430727,619
-99.4074,-148.803,0.692963,0.212179,0.650188,620
-99.0681,-148.138,0.745943,0.472156,0.259978,621
-98.6518,-147.425,0.82553,0.528511,0.0563544,622
-98.2936,-146.749,0.765073,0.487312,-0.0411987,623
-97.9004,-146.082,0.774799,0.532228,0.0449162,624
-97.5655,-145.437,0.726582,0.479063,-0.0531654,625
-97.1237,-144.73,0.833884,0.55831,0.0792471,626
-96.7905,-144.147,0.6714,0.51944,-0.0388706,627
-96.3578,-143.434,0.833957,0.545472,0.0260323,628
-96.0071,-142.772,0.749209,0.487059,-0.0584125,629
-96.0071,-142.772,0,0.41974,-0.0673197,630
-95.6968,-142.057,0.779057,0.409721,-0.0100191,631
-95.4883,-141.361,0.726768,0.291033,-0.118688,632
-95.2351,-140.649,0.755679,0.341677,0.0506445,633
-95.0214,-139.951,0.7303,0.296953,-0.0447241,634
-94.7241,-139.228,0.781546,0.390132,0.0931789,635
-94.5065,-138.542,0.719638,0.307164,-0.0829681,636
-94.1802,-137.679,0.92229,0.361636,0.0544718,637
-93.9717,-136.948,0.76019,0.277848,-0.0837876,638
-93.7103,-136.14,0.849273,0.312865,0.0350172,639
-93.5211,-135.418,0.74675,0.256142,-0.0567236,640
-93.2779,-134.62,0.834142,0.295909,0.0397675,641
-93.0885,-133.911,0.733764,0.261017,-0.0348926,642
-92.8549,-133.192,0.756106,0.31417,0.0531539,643
-92.6802,-132.431,0.780838,0.225562,-0.0886082,644
-92.4375,-131.698,0.772009,0.319789,0.0942269,645
-92.2071,-131.008,0.727437,0.322384,0.00259463,646
-92.2071,-131.008,0,0.9481,0.625716,647
-91.5389,-130.605,0.780241,1.02812,0.080017,648
-90.9233,-130.2,0.736925,0.988767,-0.0393502,649
-90.2602,-129.822,0.763344,1.05265,0.0638818,650
-89.6286,-129.455,0.730575,1.04432,-0.00833131,651
-88.9133,-129.132,0.784597,1.14717,0.102857,652
-88.2545,-128.859,0.713147,1.17799,0.0308202,653
-87.5421,-128.667,0.737861,1.30709,0.129094,654
-86.8102,-128.454,0.76239,1.28717,-0.0199208,655
-86.0033,-128.245,0.833431,1.3177,0.0305366,656
-85.2843,-128.015,0.754837,1.26141,-0.056298,657
-84.538,-127.843,0.765749,1.34477,0.0833639,658
-83.7835,-127.661,0.776321,1.33315,-0.0116159,659
-83.0347,-127.54,0.758464,1.41105,0.0778967,660
-82.2758,-127.404,0.77102,1.39359,-0.0174657,661
-81.5312,-127.352,0.74638,1.50091,0.107327,662
-80.845,-127.307,0.687692,1.50461,0.00369351,663
-80.1633,-127.555,0.725489,1.91964,0.41503,664
-79.49,-127.804,0.717949,1.92545,0.00581138,665
-78.7611,-128.133,0.799929,1.99556,0.0701122,666
-78.0473,-128.416,0.767826,1.94799,-0.047572,667
-77.4095,-128.749,0.71935,2.05174,0.103751,668
-76.7654,-129.104,0.735306,2.07398,0.0222395,669
-76.1416,-129.531,0.756249,2.17169,0.0977161,670
-75.4308,-129.953,0.826661,2.1066,-0.0650995,671
-74.7968,-130.39,0.769727,2.17367,0.067071,672
-74.1024,-130.791,0.801944,2.09484,-0.0788308,673
-73.4775,-131.228,0.762428,2.18074,0.0859027,674
-72.8222,-131.659,0.784737,2.15336,-0.0273828,675
-72.245,-132.152,0.758716,2.27709,0.123738,676
-72.0325,-132.819,0.700354,2.83333,0.556233,677
-72.0325,-132.819,0,3.33065,0.497324,678
-72.1945,-133.531,0.72999,3.36538,0.034733,679
-72.2514,-134.236,0.706979,3.22222,-0.143165,680
-72.3298,-135.028,0.796635,3.24012,0.0179054,681
-72.3434,-135.744,0.715347,3.16062,-0.0795,682
-72.4472,-136.524,0.786902,3.27391,0.113283,683
-72.5235,-137.258,0.738546,3.24507,-0.0288388,684
-72.6948,-138.063,0.822465,3.35136,0.106291,685
-72.8306,-138.777,0.727232,3.32942,-0.021936,686
-73.0343,-139.574,0.822513,3.39188,0.0624556,687
-73.1747,-140.302,0.74094,3.33224,-0.0596423,688
-73.3517,-141.134,0.851192,3.35108,0.018841,689
-73.4858,-141.866,0.744211,3.32278,-0.0283012,690
-73.6885,-142.62,0.780964,3.40422,0.0814483,691
-73.832,-143.348,0.741218,3.3363,-0.0679244,692
-74.021,-144.091,0.766767,3.39074,0.0544442,693
-74.1103,-144.81,0.725214,3.26498,-0.125761,694
-74.2245,-145.567,0.765581,3.29136,0.0263804,695
-74.3032,-146.338,0.774842,3.24329,-0.0480743,696
-74.4354,-147.175,0.847584,3.29825,0.0549655,697
-74.5489,-147.921,0.754521,3.29261,-0.00564302,698
-74.7298,-148.697,0.796743,3.37061,0.0780006,699
-74.8697,-149.431,0.747225,3.32991,-0.0407059,700
-75.0976,-150.223,0.824173,3.42183,0.0919234,701
-75.2383,-150.89,0.681207,3.3495,-0.0723304,702
-75.4573,-151.675,0.815506,3.41352,0.0640224,703
-75.5989,-152.341,0.680678,3.35116,-0.0623601,704
-75.7892,-153.049,0.732533,3.40438,0.0532236,705
-75.7706,-153.686,0.638072,3.11245,-0.291934,706
-75.6766,-154.325,0.645315,2.99546,-0.116995,707
-75.5947,-155.051,0.731043,3.02932,0.0338621,708
-75.5501,-155.833,0.783419,3.0846,0.0552771,709
-75.4247,-156.596,0.773293,2.97871,-0.105883,710
-75.3784,-157.385,0.78969,3.08296,0.104247,711
-75.2431,-158.143,0.770111,2.96497,-0.11799,712
-75.1346,-158.934,0.798138,3.00521,0.0402448,713
-74.9849,-159.722,0.802733,2.95402,-0.0511934,714
-74.8997,-160.516,0.798394,3.0347,0.0806782,715
-74.7549,-161.255,0.752596,2.94796,-0.0867379,716
-74.6368,-162.046,0.799785,2.99332,0.0453543,717
-74.4462,-162.81,0.787964,2.8973,-0.0960187,718
-74.3168,-163.62,0.820089,2.98314,0.0858393,719
-74.1043,-164.434,0.840959,2.88612,-0.0970164,720
-73.9749,-165.155,0.733245,2.96423,0.0781082,721
-73.7209,-165.794,0.687594,2.76322,-0.201005,722
-73.4609,-166.563,0.811793,2.8156,0.0523755,723
-73.0285,-167.211,0.779035,2.55319,-0.262406,724
-72.6096,-167.936,0.837092,2.61754,0.0643513,725
-72.1385,-168.594,0.809157,2.52006,-0.0974797,726
-71.6416,-169.299,0.862054,2.52727,0.00720312,727
-71.1996,-169.868,0.721155,2.48186,-0.045409,728
-70.7004,-170.59,0.877459,2.53645,0.0545935,729
-70.2436,-171.167,0.735927,2.47196,-0.0644929,730
-69.799,-171.785,0.761443,2.51796,0.0459981,731
-69.35,-172.294,0.678831,2.41895,-0.0990013,732
-68.8343,-172.967,0.847416,2.48734,0.068389,733
-68.3218,-173.494,0.735445,2.37063,-0.116714,734
-67.8908,-174.03,0.687598,2.46416,0.0935324,735
-67.2536,-174.549,0.822031,2.25465,-0.209514,736
-66.6041,-174.96,0.76859,2.13474,-0.11991,737
-65.8976,-175.289,0.779365,2.00691,-0.12783,738
-65.1865,-175.688,0.815307,2.08183,0.0749241,739
-64.5202,-176.019,0.743778,2.03143,-0.0504032,740
-63.892,-176.395,0.73253,2.11082,0.079395,741
-63.5302,-176.961,0.671635,2.57286,0.462038,742
-63.5302,-176.961,0,2.82152,0.248656,743
-63.29,-177.743,0.817923,2.84347,0.021953,744
-63.0521,-178.464,0.758914,2.82278,-0.0206872,745
-62.8767,-179.195,0.751963,2.90611,0.0833245,746
-62.6648,-179.936,0.770598,2.86305,-0.0430601,747
-62.4931,-180.731,0.813491,2.92894,0.0658908,748
-62.3408,-181.435,0.719907,2.92845,-0.000491062,749
-62.4161,-182.143,0.712186,3.24749,0.319044,750
-62.4161,-182.143,0,3.30653,0.0590373,751
-62.4161,-182.143,0,3.28842,-0.0181105,752
-62.5985,-183.03,0.906176,3.34423,0.0558103,753
-62.7168,-183.977,0.953979,3.26595,-0.0782798,754
-62.9135,-184.997,1.03834,3.33216,0.0662084,755
-63.065,-186.265,1.27746,3.26047,-0.0716856,756
-63.1099,-186.909,0.645834,3.21116,-0.049317,757
-63.1416,-187.932,1.02301,3.17263,-0.038526,758
-63.1744,-188.683,0.752065,3.18525,0.0126208,759
-63.2281,-189.599,0.917492,3.2001,0.0148503,760
-63.2688,-190.437,0.839105,3.19012,-0.00997768,761
-63.3954,-191.555,1.12511,3.25437,0.0642515,762
-63.4409,-192.587,1.03241,3.18569,-0.0686836,763
-63.5142,-193.514,0.930485,3.22043,0.0347425,764
-63.55,-194.587,1.07336,3.17498,-0.0454559,765
-63.5787,-195.535,0.94825,3.17185,-0.00313011,766
-63.5358,-196.504,0.970169,3.0973,-0.074543,767
-63.2818,-197.052,0.60387,2.70753,-0.389771,768
-62.6157,-197.398,0.750605,2.04971,-0.657827,769
-61.7814,-197.498,0.840216,1.69033,-0.359375,770
-61.1519,-197.175,0.707664,1.09642,-0.593907,771
-60.4582,-196.61,0.894537,0.887486,-0.208939,772
-60.1147,-195.913,0.776763,0.45805,-0.429435,773
-59.7313,-195.256,0.760825,0.528133,0.0700827,774
-59.2537,-194.532,0.867727,0.582879,0.0547458,775
-58.7962,-193.745,0.909938,0.526853,-0.0560257,776
-58.4659,-193.196,0.641151,0.541162,0.0143088,777
-58.1263,-192.627,0.66192,0.538659,-0.00250322,778
-57.5821,-191.826,0.968879,0.596502,0.0578433,779
-57.0125,-191.002,1.00163,0.604834,0.00833196,780
-56.4972,-190.357,0.825538,0.674077,0.0692433,781
-56.0971,-189.892,0.613061,0.711212,0.0371345,782
-56.0971,-189.892,0,1.06579,0.354578,783
-55.3917,-189.559,0.78033,1.12874,0.0629478,784
-54.4801,-189.221,0.972186,1.21598,0.0872429,785
-54.4801,-189.221,0,1.28732,0.0713397,786
-53.7925,-189.164,0.690027,1.48799,0.200666,787
-52.994,-189.111,0.800159,1.505,0.017012,788
-52.2916,-189.154,0.703754,1.63147,0.126471,789
-51.5904,-189.232,0.705486,1.68186,0.0503933,790
-50.8247,-189.556,0.831453,1.97118,0.289314,791
-50.1984,-189.842,0.688575,1.99936,0.0281831,792
-49.633,-190.328,0.745663,2.28098,0.281617,793
-49.1848,-190.881,0.711782,2.4603,0.179323,794
-48.8889,-191.482,0.66931,2.68371,0.223407,795
-48.5726,-192.163,0.751315,2.70703,0.0233275,796
-48.3683,-192.831,0.698609,2.84492,0.137888,797
-48.1188,-193.574,0.783693,2.81751,-0.0274121,798
-47.9293,-194.306,0.755835,2.88813,0.070618,799
-47.6448,-195.046,0.792689,2.77458,-0.113546,800
-47.4111,-195.825,0.813085,2.85009,0.0755062,801
-47.116,-196.535,0.769477,2.74799,-0.102102,802
-46.8964,-197.219,0.718517,2.83094,0.0829556,803
-46.6208,-197.996,0.824409,2.80068,-0.0302669,804
-46.4397,-198.732,0.757887,2.90036,0.0996868,805
-46.186,-199.477,0.786969,2.81332,-0.0870425,806
-45.9733,-200.29,0.84054,2.88584,0.0725183,807
-45.7293,-201.024,0.773285,2.82059,-0.0652505,808
-45.578,-201.781,0.772147,2.94436,0.123776,809
-45.3218,-202.545,0.805141,2.81766,-0.126704,810
-45.1514,-203.229,0.705492,2.89766,0.0800002,811
-44.9111,-204.004,0.811479,2.84096,-0.0567042,812
-44.7363,-204.73,0.746439,2.90526,0.0643001,813
-44.5073,-205.517,0.819903,2.85848,-0.0467727,814
-44.3334,-206.262,0.765288,2.91241,0.0539236,815
-44.174,-206.923,0.679672,2.90483,-0.00757679,816
-44.0746,-207.689,0.77256,3.01253,0.107704,817
-44.0746,-207.689,0,3.3154,0.302863,818
-44.0746,-207.689,0,3.43768,0.122287,819
-44.3644,-208.371,0.740928,3.5435,0.105814,820
-44.7176,-209.026,0.74421,3.63607,0.092573,821
-45.062,-209.749,0.800308,3.58651,-0.0495588,822
-45.4962,-210.442,0.818437,3.70082,0.114312,823
-45.8793,-211.226,0.87201,3.59644,-0.10438,824
-46.285,-211.887,0.775617,3.69194,0.0954933,825
-46.6277,-212.578,0.771654,3.60191,-0.0900307,826
-47.0032,-213.21,0.734905,3.67784,0.0759368,827
-47.335,-213.905,0.76976,3.58721,-0.0906319,828
-47.6953,-214.512,0.706483,3.67673,0.0895203,829
-48.0141,-215.181,0.740958,3.58644,-0.0902951,830
-48.3969,-215.854,0.774552,3.65855,0.072112,831
-48.7069,-216.545,0.756641,3.56365,-0.0948993,832
-49.0712,-217.221,0.768242,3.63567,0.0720217,833
-49.378,-217.865,0.713272,3.58629,-0.0493795,834
-49.7436,-218.543,0.770399,3.63592,0.0496279,835
-50.0005,-219.241,0.744151,3.49419,-0.141726,836
-50.3298,-219.919,0.753527,3.59383,0.0996397,837
-50.603,-220.609,0.741847,3.51865,-0.0751876,838
-50.9586,-221.309,0.785355,3.61153,0.092884,839
-51.2168,-221.973,0.711966,3.51276,-0.098775,840
-51.525,-222.636,0.731154,3.57667,0.0639111,841
-51.8072,-223.378,0.794041,3.50493,-0.0717405,842
-52.182,-224.144,0.853022,3.5966,0.0916736,843
-52.4302,-224.814,0.714156,3.49653,-0.100068,844
-52.7935,-225.566,0.835551,3.5913,0.0947723,845
-53.0404,-226.292,0.766838,3.46951,-0.121797,846
-53.378,-227.001,0.785036,3.5861,0.116596,847
-53.6204,-227.648,0.690781,3.50008,-0.086021,848
-53.9274,-228.325,0.74317,3.56745,0.0673643,849
-54.2033,-229.063,0.787951,3.49937,-0.0680765,850
-54.5119,-229.788,0.787807,3.54413,0.0447593,851
-54.8078,-230.52,0.789982,3.52545,-0.0186827,852
-55.1509,-231.231,0.78914,3.59144,0.0659892,853
-55.4274,-231.958,0.778116,3.50486,-0.0865745,854
-55.7333,-232.666,0.770771,3.54966,0.0448016,855
-56.0177,-233.403,0.790761,3.50949,-0.0401716,856
-56.3393,-234.11,0.776384,3.56867,0.0591789,857
-56.5783,-234.802,0.731642,3.47437,-0.094304,858
-56.8217,-235.496,0.73602,3.47863,0.00426048,859
-56.661,-236.117,0.641591,2.88852,-0.590109,860
-56.4089,-237.06,0.976019,2.88036,-0.00815915,861
-56.1895,-237.728,0.703205,2.82416,-0.0562002,862
-55.98,-238.535,0.833147,2.88746,0.0633055,863
-55.7777,-239.29,0.782001,2.87998,-0.00748566,864
-55.6027,-240.069,0.798275,2.92051,0.0405362,865
-55.3891,-240.763,0.725923,2.84299,-0.0775219,866
-55.206,-241.493,0.752962,2.89593,0.052934,867
-54.9978,-242.223,0.759291,2.86377,-0.0321604,868
-54.8231,-242.926,0.724274,2.89802,0.0342561,869
-54.5884,-243.705,0.813312,2.84881,-0.0492165,870
-54.4025,-244.458,0.776155,2.89973,0.0509233,871
-54.189,-245.157,0.730849,2.84521,-0.0545158,872
-54.0099,-245.975,0.836927,2.92591,0.0806989,873
-53.7946,-246.668,0.726206,2.84065,-0.0852639,874
-53.6146,-247.47,0.821097,2.92057,0.0799265,875
-53.4118,-248.195,0.752788,2.86882,-0.0517526,876
-53.2518,-248.948,0.769956,2.93221,0.0633891,877
-53.206,-249.639,0.692656,3.07542,0.143207,878
-53.8365,-250.123,0.794951,4.05763,0.982212,879
-53.8365,-250.123,0,4.38898,0.331349,880
-54.5233,-250.332,0.717894,4.41677,0.0277941,881
-55.271,-250.427,0.753777,4.58597,0.169194,882
-55.9337,-250.54,0.672286,4.54331,-0.0426532,883
-55.9337,-250.54,0,4.62463,0.0813149,884
-56.7372,-250.752,0.830912,4.45471,-0.169922,885
-56.7372,-250.752,0,4.55263,0.0979211,886
-56.7372,-250.752,0,4.51602,-0.0366121,887
-57.4871,-251.083,0.819634,4.2967,-0.219319,888
-58.0942,-251.276,0.637121,4.40457,0.107874,889
-58.8184,-251.578,0.784777,4.31684,-0.0877269,890
-59.4496,-251.767,0.658704,4.42231,0.105463,891
-59.4496,-251.767,0,4.01334,-0.408968,892
-59.9053,-252.199,0.628166,3.95332,-0.0600147,893
-60.3943,-252.625,0.648638,3.99542,0.0420981,894
-60.3943,-252.625,0,3.95113,-0.0442909,895
-60.3943,-252.625,0,3.94254,-0.00859356,896
-60.3943,-252.625,0,4.16231,0.219768,897
-61.0249,-252.999,0.732953,4.17767,0.0153599,898
-61.7174,-253.294,0.752566,4.31,0.132337,899
-62.4274,-253.534,0.749616,4.38611,0.0761041,900
-63.1363,-253.6,0.711999,4.61867,0.232563,901
-63.8554,-253.678,0.723341,4.60463,-0.0140374,902
-64.6339,-253.712,0.779163,4.66887,0.0642388,903
-65.3097,-253.8,0.681523,4.58261,-0.0862589,904
-65.9736,-253.809,0.664025,4.69985,0.117234,905
-65.9736,-253.809,0,4.74111,0.0412589,906
-66.6344,-253.753,0.66314,4.79697,0.0558665,907
-67.3616,-253.594,0.7443,4.92691,0.129941,908
-68.1079,-253.47,0.756611,4.87796,-0.048956,909
-68.8615,-253.291,0.774493,4.94535,0.0673935,910
-69.5771,-253.161,0.727256,4.89181,-0.0535419,911
-70.3174,-252.971,0.764268,4.96344,0.071627,912
-71.0179,-252.822,0.716292,4.92242,-0.041013,913
-71.6961,-252.602,0.71298,5.02628,0.103859,914
-72.4531,-252.446,0.772905,4.91509,-0.111194,915
-73.1439,-252.272,0.712247,4.95863,0.0435441,916
-73.8772,-252.132,0.746623,4.90157,-0.0570604,917
-74.5448,-251.972,0.686406,4.94727,0.0457017,918
-75.2284,-251.825,0.699258,4.92419,-0.0230796,919
-75.2284,-251.825,0,4.90586,-0.0183359,920
-76.0249,-251.65,0.815631,4.92929,0.0234295,921
-76.7188,-251.494,0.71102,4.9326,0.00331596,922
-77.4309,-251.323,0.732564,4.94892,0.0163184,923
-78.132,-251.179,0.715575,4.91394,-0.0349796,924
-78.8515,-250.945,0.756876,5.02791,0.113964,925
-79.5784,-250.759,0.750238,4.96265,-0.0652531,926
-80.3012,-250.502,0.767263,5.05437,0.0917167,927
-81.0192,-250.299,0.746106,4.98792,-0.0664534,928
-81.764,-250.047,0.786077,5.03799,0.0500695,929
-82.4947,-249.856,0.755171,4.96781,-0.0701709,930
-83.1855,-249.655,0.719594,4.99587,0.028056,931
-83.1855,-249.655,0,5.68808,0.692208,932
-83.5765,-249.032,0.735916,5.72313,0.0350477,933
-83.9875,-248.44,0.720423,5.67597,-0.0471556,934
-84.3979,-247.71,0.837188,5.77089,0.0949227,935
-84.8056,-247.103,0.731224,5.69178,-0.0791107,936
-85.2548,-246.371,0.85912,5.73296,0.0411788,937
-85.696,-245.765,0.749527,5.65373,-0.0792313,938
-86.1494,-245.154,0.760654,5.64458,-0.00914911,939
-86.6646,-244.667,0.709232,5.47026,-0.174316,940
-87.3973,-244.559,0.740698,4.85879,-0.611477,941
-88.1323,-244.668,0.74302,4.56502,-0.293772,942
-88.952,-244.721,0.821402,4.6475,0.0824796,943
-89.6912,-244.791,0.742507,4.61792,-0.0295778,944
-90.5439,-244.82,0.853272,4.6782,0.0602795,945
-91.2758,-244.861,0.732977,4.65632,-0.0218732,946
-92.051,-244.829,0.775909,4.75461,0.0982816,947
-92.8581,-244.852,0.80743,4.68299,-0.071615,948
-93.6267,-244.812,0.769683,4.7651,0.0821058,949
-94.4006,-244.788,0.774311,4.74249,-0.0226015,950
-95.1058,-244.659,0.716844,4.89355,0.151057,951
-95.8211,-244.315,0.793781,5.16067,0.267121,952
-95.8211,-244.315,0,5.91075,0.750079,953
-95.9198,-243.592,0.72994,6.1476,0.23685,954
-95.9747,-242.833,0.760952,6.21088,0.063275,955
-95.8473,-242.053,0.790802,6.44501,0.234135,956
-95.6429,-241.206,0.871028,6.52005,0.0750368,957
-95.5067,-240.581,0.639949,6.49773,-0.0223152,958
-95.5067,-240.581,0,6.53275,0.0350176,959
-95.4151,-239.883,0.703625,6.4137,-0.119047,960
-95.2694,-239.026,0.869145,6.45159,0.0378917,961
-95.2141,-238.361,0.667808,6.36612,-0.0854715,962
-95.107,-237.67,0.699059,6.43697,0.0708487,963
-95.107,-237.67,0,6.05055,-0.386418,964
-95.366,-236.998,0.720109,5.91532,-0.135238,965
-95.5831,-236.28,0.749711,5.98945,0.0741323,966
-95.8609,-235.596,0.738814,5.89763,-0.0918188,967
-96.0589,-234.868,0.75433,6.01764,0.120005,968
-96.3171,-234.203,0.713235,5.91273,-0.104909,969
-96.5031,-233.446,0.77908,6.04209,0.129368,970
-96.7178,-232.812,0.670094,5.95702,-0.0850713,971
-96.8833,-232.089,0.741342,6.05806,0.101032,972
-97.1705,-231.397,0.749321,5.88981,-0.16825,973
-97.3796,-230.761,0.669212,5.96539,0.0755881,974
-97.6572,-230.032,0.779766,5.91931,-0.0460804,975
-97.8658,-229.315,0.747506,6.00026,0.0809503,976
-98.1015,-228.724,0.63627,5.9038,-0.0964643,977
-98.3313,-227.924,0.831987,6.00335,0.0995484,978
-98.5344,-227.273,0.682417,5.98092,-0.0224301,979
-98.7105,-226.51,0.782447,6.05614,0.0752266,980
-98.9189,-225.836,0.705421,5.98332,-0.0728289,981
-99.0639,-225.094,0.756317,6.09036,0.107044,982
-99.2077,-224.445,0.665038,6.06514,-0.0252212,983
-99.3659,-223.698,0.76294,6.07441,0.00927239,984
-99.5868,-223.04,0.694111,5.9592,-0.115215,985
-99.5868,-223.04,0,5.04593,-0.913264,986
-100.216,-222.879,0.649777,4.96281,-0.0831217,987
-100.866,-222.673,0.681902,5.02037,0.0575615,988
-101.547,-222.559,0.690287,4.87746,-0.14291,989
-102.177,-222.368,0.658055,5.00656,0.129101,990
-102.938,-222.237,0.772368,4.88302,-0.123543,991
-103.532,-222.121,0.605049,4.90552,0.0225039,992
-104.124,-222.333,0.629188,4.3691,-0.536425,993
-104.947,-222.68,0.892551,4.31327,-0.0558351,994
-105.554,-223.07,0.7217,4.14128,-0.171988,995
-106.294,-223.482,0.847113,4.20443,0.0631508,996
-106.854,-223.824,0.656733,4.1636,-0.0408256,997
-107.515,-224.145,0.734888,4.26048,0.0968791,998
-108.113,-224.514,0.702402,4.15896,-0.101523,999
-108.821,-224.826,0.773449,4.29749,0.138533,1000
-109.498,-225.123,0.739149,4.29946,0.00196754,1001
-110.217,-225.324,0.746593,4.43927,0.139811,1002
-110.991,-225.498,0.793038,4.49168,0.0524056,1003
-111.872,-225.503,0.881869,4.70639,0.214718,1004
-112.665,-225.583,0.796491,4.61182,-0.0945721,1005
-113.549,-225.438,0.896019,4.87461,0.262786,1006
-114.362,-225.292,0.826275,4.89043,0.0158207,1007
-115.125,-225.062,0.797072,5.00572,0.115294,1008
-115.853,-224.922,0.740663,4.90167,-0.104047,1009
-116.581,-224.751,0.74797,4.94382,0.0421403,1010
-117.195,-224.651,0.622515,4.87304,-0.0707753,1011
-117.98,-224.454,0.808585,4.95852,0.0854769,1012
-118.647,-224.35,0.67579,4.86753,-0.0909893,1013
-119.405,-224.125,0.790727,5.00086,0.133329,1014
-120.076,-223.95,0.693037,4.96666,-0.0341942,1015
-120.876,-223.726,0.831098,4.98603,0.0193678,1016
-121.597,-223.586,0.733758,4.90391,-0.0821192,1017
-122.351,-223.397,0.777873,4.95829,0.0543795,1018
-123.13,-223.29,0.786648,4.84838,-0.10991,1019
-123.914,-223.107,0.804372,4.94203,0.0936511,1020
-124.574,-222.958,0.67695,4.93444,-0.00759667,1021
-125.315,-222.746,0.770471,4.99162,0.0571838,1022
-126.063,-222.559,0.771848,4.95712,-0.0345004,1023
-126.78,-222.338,0.749371,5.01071,0.0535945,1024
-127.491,-222.148,0.736711,4.97403,-0.0366818,1025
-128.165,-221.925,0.709855,5.03115,0.0571196,1026
-128.859,-221.766,0.711477,4.9378,-0.0933554,1027
-129.571,-221.55,0.744637,5.00744,0.0696462,1028
-130.304,-221.401,0.74802,4.9125,-0.094942,1029
-131.074,-221.187,0.798531,4.98333,0.0708263,1030
-131.782,-221.026,0.726086,4.93634,-0.0469822,1031
-132.491,-220.8,0.744819,5.02101,0.0846667,1032
-133.198,-220.645,0.723488,4.92808,-0.0929259,1033
-133.977,-220.392,0.818304,5.02627,0.0981833,1034
-134.668,-220.227,0.711446,4.94705,-0.0792144,1035
-135.41,-219.997,0.776017,5.01262,0.0655638,1036
-136.144,-219.847,0.749182,4.91476,-0.0978575,1037
-136.994,-219.597,0.886667,4.99864,0.0838848,1038
-137.64,-219.442,0.664253,4.94652,-0.0521213,1039
-138.373,-219.203,0.771054,5.02803,0.081502,1040
-139.132,-219.021,0.7799,4.94766,-0.0803654,1041
-139.887,-218.801,0.786887,4.9961,0.0484438,1042
-140.663,-218.622,0.796003,4.93949,-0.0566141,1043
-141.416,-218.445,0.773545,4.94338,0.00389225,1044
-142.122,-218.457,0.706838,4.69541,-0.247968,1045
-142.96,-218.651,0.85996,4.48397,-0.21144,1046
-143.575,-219.122,0.774511,4.05918,-0.424791,1047
-144.258,-219.583,0.824354,4.11836,0.0591793,1048
-144.829,-219.998,0.704932,4.08397,-0.0343876,1049
-145.509,-220.44,0.811061,4.13654,0.0525661,1050
-146.123,-220.906,0.771345,4.06324,-0.0732969,1051
-146.755,-221.34,0.766628,4.11,0.046754,1052
-147.336,-221.781,0.729234,4.063,-0.0469947,1053
-147.985,-222.263,0.808731,4.07353,0.010524,1054
-148.513,-222.736,0.708971,3.98225,-0.0912822,1055
-149.13,-223.282,0.823481,3.98806,0.00581774,1056
-149.335,-224.017,0.763138,3.41316,-0.574899,1057
-149.466,-224.789,0.782972,3.30953,-0.103639,1058
-149.618,-225.458,0.686116,3.36549,0.0559693,1059
-149.86,-226.254,0.83201,3.43671,0.0712175,1060
-150.002,-226.937,0.697467,3.34725,-0.0894645,1061
-150.248,-227.766,0.865215,3.42943,0.0821867,1062
-150.408,-228.481,0.731982,3.36211,-0.0673251,1063
-150.654,-229.279,0.834944,3.44091,0.0787973,1064
-150.807,-229.975,0.713192,3.35808,-0.082831,1065
-151.035,-230.765,0.821621,3.42168,0.0636009,1066
-151.198,-231.463,0.71689,3.3719,-0.0497785,1067
-151.44,-232.203,0.77921,3.45697,0.0850683,1068
-151.598,-232.926,0.739822,3.35739,-0.0995807,1069
-151.842,-233.708,0.818649,3.44378,0.0863955,1070
-152.028,-234.428,0.744392,3.39469,-0.0490947,1071
-152.287,-235.191,0.8052,3.46882,0.0741364,1072
-152.501,-235.936,0.775452,3.42115,-0.0476762,1073
-152.761,-236.663,0.771819,3.48443,0.0632845,1074
-152.979,-237.42,0.787717,3.42193,-0.0625022,1075
-153.249,-238.161,0.788791,3.49165,0.0697209,1076
-153.44,-238.858,0.722497,3.40886,-0.0827932,1077
-153.684,-239.547,0.730599,3.48184,0.0729826,1078
-153.853,-240.301,0.77348,3.36296,-0.11888,1079
-154.06,-241.121,0.845161,3.38879,0.0258333,1080
-154.215,-241.836,0.732277,3.3549,-0.0338961,1081
-154.439,-242.572,0.768528,3.4364,0.0815034,1082
-154.619,-243.285,0.73541,3.38963,-0.0467718,1083
-154.876,-244.056,0.813459,3.46307,0.073442,1084
-155.06,-244.727,0.695321,3.40946,-0.0536056,1085
-155.358,-245.506,0.834377,3.50653,0.0970674,1086
-155.555,-246.182,0.704172,3.42456,-0.0819684,1087
-155.833,-246.969,0.834672,3.48133,0.0567673,1088
-156.018,-247.645,0.700551,3.40967,-0.0716629,1089
-156.269,-248.373,0.7705,3.4735,0.0638361,1090
-156.421,-249.08,0.722836,3.35253,-0.120973,1091
-156.623,-249.84,0.786,3.4013,0.0487644,1092
-156.864,-250.559,0.758799,3.466,0.064706,1093
-157.396,-251.183,0.819395,3.84767,0.381672,1094
-157.938,-251.761,0.792267,3.89401,0.0463401,1095
-158.527,-252.203,0.736573,4.06882,0.17481,1096
-158.976,-252.609,0.605178,3.97776,-0.0910648,1097
