0,0
0,0
0.17,0.6
0.38,1.29
0.55,1.95
0.73,2.62
0.86,3.27
1,3.93
1.12,4.6
1.25,5.32
1.37,6
1.51,6.72
1.63,7.48
1.79,8.23
1.24,6.72
1.36,7.42
1.47,8.12
1.56,8.82
1.68,9.49
1.79,10.22
1.91,10.91
1.99,11.56
2.13,12.24
2.28,12.94
2.38,13.56
2.5,14.28
2.61,14.95
2.75,15.66
2.87,16.32
2.99,17
3.13,17.69
3.27,18.37
3.47,19.08
3.47,19.08
3.69,19.77
3.9,20.36
4.13,21.05
4.33,21.68
4.56,22.38
4.78,23.06
4.98,23.69
5.21,24.32
5.41,24.93
5.65,25.59
5.87,26.23
6.12,26.89
6.35,27.5
6.6,28.19
6.82,28.86
7.06,29.54
7.28,30.17
7.51,30.83
7.76,31.52
7.98,32.13
8.22,32.8
9.39,36.74
8.46,33.42
8.7,34.07
8.95,34.7
9.24,35.36
9.46,35.97
9.69,36.61
9.89,37.21
10.1,37.88
10.31,38.54
10.55,39.23
10.79,39.92
11.03,40.6
11.26,41.26
11.48,41.93
11.69,42.57
10.72,40.23
11.87,43.21
12.1,43.87
12.3,44.5
12.54,45.15
12.54,45.15
12.77,45.78
12.99,46.37
13.24,46.95
13.5,47.55
13.75,48.2
13.94,48.84
14.13,49.46
14.31,50.13
14.47,50.76
14.61,51.41
14.77,52.09
14.05,51.91
14.91,52.75
15.06,53.35
15.23,54.02
15.4,54.65
15.56,55.33
15.56,55.33
15.65,55.9
14.96,56.08
14.96,56.08
14.29,56.29
13.6,56.53
12.97,56.72
12.4,56.98
11.75,57.2
11.36,61.87
11.18,57.4
11.18,57.4
11.18,57.4
11.18,57.4
11.18,57.4
10.55,57.59
10.03,57.75
9.43,57.95
8.92,58.15
8.42,58.36
8.42,58.36
8.42,58.36
8.42,58.36
8.42,58.36
7.84,58.58
7.84,58.58
7.84,58.58
7.84,58.58
7.84,58.58
7.84,58.58
7.84,58.58
7.22,58.79
7.22,58.79
7.22,58.79
7.22,58.79
6.67,59.01
6.13,59.28
5.58,59.55
5.58,59.55
5.04,59.9
4.84,60.51
4.84,60.51
4.58,61.1
4.25,61.72
3.88,62.36
3.54,62.94
3.21,63.54
2.88,64.14
2.56,64.72
2.22,65.35
1.94,65.93
1.66,66.49
1.36,67.06
1.05,67.63
0.75,68.24
0.46,68.83
0.17,69.44
-0.08,70.05
-0.32,70.67
-0.54,71.31
-0.74,71.88
-0.94,72.55
-1.12,73.25
-1.12,73.25
-1.17,73.9
-0.95,74.46
-0.76,75.12
-0.57,75.82
-0.39,76.48
-0.19,77.15
-0.02,77.78
0.16,78.42
0.34,79.07
0.51,79.69
0.51,79.69
0.71,80.36
0.86,80.93
1.03,81.64
1.2,82.26
1.37,82.88
-2.29,83.26
1.56,83.55
1.72,84.18
-0.39,87.73
1.93,84.89
2.11,85.52
2.3,86.2
2.45,86.89
2.54,87.53
2.63,88.19
2.71,88.82
2.78,89.47
2.86,90.11
0.61,91.71
2.94,90.75
3.05,91.41
3.05,91.41
3.15,92.09
3.33,92.66
3.57,93.27
2.03,96.85
3.87,93.93
4.12,94.57
4.37,95.21
4.55,95.81
4.77,96.44
4.99,97.04
5.2,97.62
5.43,98.26
5.64,98.89
5.64,98.89
5.79,99.6
5.33,100.05
5.33,100.05
4.8,100.42
4.24,100.76
3.6,101.15
3.04,101.47
3.24,101.58
2.45,101.78
1.89,102.06
3.43,102.33
1.27,102.38
0.7,102.67
0.08,102.99
0.08,102.99
-0.49,103.24
-1.04,103.51
-1.64,103.75
-2.31,104.05
-2.95,104.31
-3.6,104.57
-4.21,104.79
-4.83,105.02
-5.43,105.24
-6.06,105.45
-6.7,105.64
-7.35,105.82
-7.96,106.01
-8.58,106.19
-9.23,106.35
-9.86,106.51
-10.49,106.65
-10.49,106.65
-11.07,106.8
-11.07,106.8
-11.66,106.38
-11.66,106.38
-12.2,106.01
-12.77,105.63
-13.3,105.28
-13.9,104.92
-14.42,104.59
-15.04,104.17
-15.04,104.17
-15.5,103.79
-15.9,103.26
-16.31,102.71
-16.76,102.17
-17.19,101.65
-17.64,101.13
-18.06,100.62
-18.52,100.05
-18.98,99.47
-18.98,99.47
-19.42,98.88
-19.61,98.28
-19.74,97.6
-19.91,96.91
-20.08,96.26
-20.23,95.65
-20.42,94.99
-20.6,94.34
-20.79,93.66
-20.94,93
-21.13,92.3
-21.13,92.3
-21.28,91.54
-21.39,90.91
-21.53,90.19
-21.65,89.51
-21.81,88.81
-21.92,88.16
-22.05,87.45
-22.05,87.45
-22.15,86.78
-22.27,86.15
-22.39,85.51
-22.52,84.81
-22.63,84.13
-22.75,83.44
-22.85,82.82
-22.98,82.14
-23.05,81.58
-23.18,80.85
-23.28,80.22
-23.42,79.54
-23.53,78.88
-22.93,75.16
-23.65,78.2
-23.65,78.2
-23.71,77.63
-23.71,77.63
-23.8,76.97
-23.91,76.27
-24.01,75.61
-24.14,74.91
-24.2,74.29
-24.21,73.65
-24.18,73
-24.16,72.37
-24.13,71.72
-24.09,71.08
-21.08,70.92
-24.05,70.44
-24,69.76
-20.43,69.78
-23.93,69.13
-23.93,69.13
-23.84,68.46
-23.77,67.89
-23.7,67.27
-23.64,66.59
-23.6,65.93
-23.57,65.28
-23.55,64.62
-23.53,63.96
-23.53,63.25
-23.54,62.56
-23.53,61.91
-23.54,61.3
-23.55,60.64
-23.54,60.04
-23.56,59.3
-23.57,58.65
-23.58,58.03
-23.58,58.03
-23.64,57.35
-23.81,56.75
-24.06,56.1
-24.37,55.47
-24.57,54.21
-24.68,54.89
-24.95,54.34
-25.22,53.78
-25.53,53.14
-25.81,52.53
-26.12,51.88
-26.4,51.28
-26.71,50.65
-26.98,50.03
-26.98,50.03
-27.28,49.36
-27.52,48.75
-27.66,48.12
-27.49,46.59
-27.79,47.43
-27.91,46.79
-28.02,46.12
-28.11,45.41
-28.2,44.77
-29.04,41.74
-28.32,44.06
-28.45,43.39
-28.64,42.71
-28.8,42.07
-29.4,40.48
-28.94,41.41
-29.13,40.73
-29.44,40.15
-29.83,39.63
-30.21,39.14
-30.49,38.53
-30.72,37.92
-30.92,37.33
-31.2,36.66
-31.45,36.03
-31.76,35.37
-32.09,34.75
-32.09,34.75
-32.44,34.12
-29.81,33.75
-32.66,33.6
-32.89,32.95
-31.19,29.34
-33.11,32.32
-33.35,31.69
-33.64,31.05
-33.96,30.47
-34.3,29.89
-34.76,29.38
-35.22,28.9
-35.71,28.42
-36.17,27.93
-36.62,27.42
-36.62,27.42
-36.99,26.9
-37.26,26.37
-33.1,28.52
-37.26,25.76
-37.32,24.99
-37.38,24.25
-37.47,23.55
-37.56,22.84
-37.75,22.12
-37.89,21.4
-38.01,20.66
-34.57,18.01
-38.08,20.01
-38.16,19.29
-38.21,18.62
-38.27,17.9
-38.32,17.18
-38.38,16.5
-38.45,15.82
-38.5,15.12
-38.52,14.46
-38.54,13.75
-38.54,13.06
-38.52,12.43
-38.48,11.74
-38.46,11
-38.46,11
-38.43,10.35
-38.55,9.75
-38.71,9.08
-37.69,8.04
-38.88,8.4
-39.03,7.71
-39.16,7.04
-39.24,6.37
-39.33,5.66
-39.37,5.02
-39.42,4.33
-39.47,3.66
-39.55,2.98
-39.63,2.3
-39.72,1.59
-39.72,1.59
-39.78,1.04
-39.93,0.43
-40.11,-0.27
-40.35,-0.96
-40.59,-1.61
-40.86,-2.22
-41.14,-2.9
-41.41,-3.54
-41.66,-4.21
-41.92,-4.8
-42.19,-5.41
-42.47,-6.01
-42.71,-6.63
-42.97,-7.27
-43.25,-7.95
-43.25,-7.95
-43.5,-8.7
-43.68,-9.23
-43.94,-9.89
-44.16,-10.49
-44.41,-11.1
-44.65,-11.7
-44.91,-12.34
-45.15,-12.93
-45.4,-13.51
-45.68,-14.13
-45.71,-15.59
-45.95,-14.71
-46.2,-15.28
-46.56,-15.91
-46.88,-16.46
-47.22,-17
-47.59,-17.61
-47.95,-18.17
-48.29,-18.76
-48.59,-19.3
-48.92,-19.89
-49.28,-20.49
-49.59,-21.07
-49.96,-21.66
-50.3,-22.25
-50.3,-22.25
-50.7,-22.91
-50.96,-23.46
-51.26,-24.06
-51.57,-24.68
-51.94,-25.29
-52.28,-25.91
-52.6,-26.56
-52.9,-27.16
-53.19,-27.75
-53.46,-28.35
-53.73,-28.94
-53.96,-29.53
-54.2,-30.16
-54.46,-30.79
-54.46,-30.79
-54.7,-31.38
-54.7,-31.38
-54.7,-31.38
-54.7,-31.38
-54.7,-31.38
-54.7,-31.38
-54.7,-31.38
-54.7,-31.38
-54.7,-31.38
-54.7,-31.38
-54.7,-31.38
-54.7,-31.38
-54.7,-31.38
-54.7,-31.38
-54.7,-31.38
-54.7,-31.38
-54.93,-31.9
-54.93,-31.9
-54.93,-31.9
-54.93,-31.9
-54.93,-31.9
-54.93,-31.9
-54.93,-31.9
-50.26,-31.76
-54.93,-31.9
-54.93,-31.9
-54.93,-31.9
-54.93,-31.9
-54.93,-31.9
-54.93,-31.9
-54.93,-31.9
-54.93,-31.9
-55.19,-32.53
-55.45,-33.16
-55.67,-33.81
-55.92,-34.48
-56.1,-35.06
-56.27,-35.75
-56.37,-36.36
-56.5,-37.02
-56.69,-37.7
-56.88,-38.29
-57.06,-38.91
-57.22,-39.59
-57.37,-40.34
-57.52,-41.07
-57.64,-41.7
-57.77,-42.32
-57.9,-42.98
-58.02,-43.66
-58.13,-44.29
-58.25,-44.87
-58.33,-45.45
-58.43,-46.03
-58.54,-46.6
-58.64,-47.19
-58.64,-47.19
-58.74,-47.83
-58.83,-48.41
-58.98,-49.1
-58.98,-49.1
-59.12,-49.68
-59.25,-50.26
-59.31,-50.85
-59.47,-51.58
-59.61,-52.2
-59.84,-52.89
-60.07,-53.43
-60.29,-53.95
-60.48,-54.53
-60.72,-55.18
-60.91,-55.72
-61.13,-56.35
-61.33,-56.92
-61.56,-57.54
-61.78,-58.2
-61.37,-61.79
-61.78,-58.2
-61.98,-58.77
-61.98,-58.77
-62.3,-59.44
-62.61,-60.04
-62.92,-60.61
-63.27,-61.18
-63.63,-61.7
-63.99,-62.25
-64.3,-62.84
-60.14,-65.05
-64.57,-63.43
-64.96,-64.01
-65.28,-64.63
-65.56,-65.25
-65.76,-65.84
-65.98,-66.43
-65.98,-66.43
-66.15,-67
-66.29,-67.59
-66.29,-67.59
-66.49,-68.27
-66.64,-68.89
-66.5,-69.49
-66.24,-70.08
-66.05,-70.8
-66.05,-71.5
-66.67,-71.91
-67.31,-72.18
-67.31,-72.18
-67.94,-72.35
-68.6,-72.42
-69.16,-72.5
-69.87,-72.64
-69.87,-72.64
-69.87,-72.64
-69.87,-72.64
-69.87,-72.64
-69.87,-72.64
-70.11,-73.34
-70.28,-73.92
-70.57,-74.55
-70.92,-75.13
-71.37,-75.69
-71.78,-76.25
-72.18,-76.83
-72.57,-77.44
-72.92,-78.07
-73.22,-78.71
-73.48,-79.39
-73.5,-80.05
-73.46,-80.72
-73.4,-81.34
-73.38,-82.05
-73.36,-82.71
-73.34,-83.38
-73.33,-84.03
-73.33,-84.03
-73.37,-84.68
-73.46,-85.24
-73.76,-85.88
-74.04,-86.52
-74.35,-87.16
-74.61,-87.79
-74.83,-88.41
-75.08,-89.03
-75.36,-89.69
-75.62,-90.32
-75.83,-90.95
-76.05,-91.58
-76.07,-92.3
-75.81,-92.93
-75.81,-92.93
-75.58,-93.56
-75.35,-94.14
-75.12,-94.75
-74.9,-95.35
-74.9,-95.35
-74.7,-95.99
-74.7,-95.99
-74.97,-96.51
-74.97,-96.51
-75.27,-97.06
-75.58,-97.67
-75.9,-98.33
-76.21,-98.95
-76.52,-99.55
-76.79,-100.13
-77.06,-100.78
-77.32,-101.37
-77.58,-101.99
-77.84,-102.66
-78.06,-103.31
-78.3,-103.99
-78.54,-104.67
-78.54,-104.67
-78.74,-105.36
-78.74,-105.36
-78.76,-105.96
-78.88,-106.63
-79.02,-107.29
-78.86,-107.89
-78.63,-108.5
-78.38,-109.14
-78.15,-109.81
-77.91,-110.49
-77.68,-111.14
-77.5,-111.75
-77.34,-112.37
-73.34,-110.92
-77.19,-112.96
-77.04,-113.55
-76.86,-114.17
-73.64,-112.64
-76.67,-114.84
-76.67,-114.84
-76.5,-115.51
-76.5,-115.51
-76.46,-116.08
-73.46,-115.47
-76.46,-116.78
-76.44,-117.44
-76.43,-118.12
-76.4,-118.77
-76.38,-119.44
-76.32,-120.06
-76.25,-120.74
-76.25,-120.74
-76.21,-121.38
-76.51,-121.86
-76.91,-122.31
-72.7,-122.11
-77.37,-122.79
-72.56,-123.64
-77.37,-122.79
-77.84,-123.33
-78.24,-123.79
-78.65,-124.26
-79.09,-124.72
-79.59,-125.21
-80.05,-125.68
-80.51,-126.16
-81,-126.66
-81.5,-127.16
-81.98,-127.6
-81.98,-127.6
-82.48,-127.95
-83.06,-127.84
-83.06,-127.84
-83.59,-127.62
-84.2,-127.36
-84.82,-127.05
-85.43,-126.71
-85.96,-126.37
-86.44,-126.01
-86.95,-125.66
-86.95,-125.66
-86.95,-125.66
-86.95,-125.66
-86.95,-125.66
-86.95,-125.66
-87.55,-125.75
-87.55,-125.75
-87.55,-125.75
-87.55,-125.75
-87.55,-125.75
-87.55,-125.75
-88.14,-125.82
-88.14,-125.82
-88.84,-125.98
-89.41,-126.12
-89.41,-126.12
-89.41,-126.12
-89.41,-126.12
-89.95,-126.22
-89.95,-126.22
-89.95,-126.22
-90.51,-126.32
-91.06,-126.42
-91.06,-126.42
-91.06,-126.42
-91.06,-126.42
-91.06,-126.42
-91.06,-126.42
-91.06,-126.42
-91.06,-126.42
-91.06,-126.42
-91.06,-126.42
-91.82,-126.56
-91.82,-126.56
-91.82,-126.56
-91.82,-126.56
-91.82,-126.56
-91.82,-126.56
-92.49,-126.62
-93.03,-126.63
-94.15,-126.64
-94.77,-126.67
-95.48,-126.69
-96.19,-126.74
-96.19,-126.74
-96.87,-126.81
-97.48,-127
-97.98,-127.36
-97.98,-127.36
-97.98,-127.36
-98.11,-128.05
-98.23,-128.65
-98.35,-129.23
-98.35,-129.23
-98.5,-129.95
-98.61,-130.53
-98.73,-131.09
-98.83,-131.66
-98.99,-132.33
-99.1,-132.94
-99.23,-133.5
-99.36,-134.06
-99.53,-134.7
-99.53,-134.7
-99.71,-135.39
-99.71,-135.39
-99.91,-136.07
-99.91,-136.07
-100.09,-136.75
-100.24,-137.32
-100.39,-137.91
-100.53,-138.47
-100.71,-139.13
-100.83,-139.71
-100.99,-140.39
-101.13,-140.93
-101.26,-141.53
-101.37,-142.07
-101.55,-142.85
-101.66,-143.56
-101.83,-144.33
-101.83,-144.33
-102.1,-144.95
-102.6,-145.17
-102.6,-145.17
-102.6,-145.17
-103.18,-144.98
-103.75,-144.69
-103.75,-144.69
-104.31,-144.31
-104.86,-143.87
-105.41,-143.4
-105.84,-142.91
-106.27,-142.37
-106.65,-141.83
-106.65,-141.83
-106.95,-141.18
-106.69,-140.5
-106.69,-140.5
-106.42,-139.88
-106.16,-139.27
-105.9,-138.68
-105.68,-138.13
-105.37,-137.46
-105.11,-136.9
-104.86,-136.36
-104.86,-136.36
-104.61,-135.73
-104.46,-135.21
-104.27,-134.49
-104.15,-133.8
-104.01,-133.16
-103.89,-132.56
-103.72,-131.9
-103.56,-131.25
-103.41,-130.56
-103.28,-129.89
-103.17,-129.22
-103.08,-128.61
-102.96,-127.89
-102.87,-127.21
-102.78,-126.6
-102.68,-125.93
-102.54,-125.25
-102.54,-125.25
-102.36,-124.64
-102.36,-124.64
-101.9,-124.23
-101.3,-123.76
-100.8,-123.37
-100.3,-123
-99.73,-122.63
-99.21,-122.33
-98.62,-122.03
-98.08,-121.83
-97.48,-121.62
-96.87,-121.38
-96.29,-121.15
-95.67,-120.97
-95.03,-120.78
-94.43,-120.64
-93.79,-120.49
-93.08,-120.4
-93.08,-120.4
-92.47,-120.4
-91.88,-120.63
-91.23,-120.85
-90.6,-121.1
-89.98,-121.35
-89.38,-121.66
-88.83,-121.95
-88.25,-122.32
-87.69,-122.67
-87.16,-122.99
-86.6,-123.33
-86.03,-123.7
-85.45,-124.09
-85.45,-124.09
-84.98,-124.53
-84.98,-124.53
-84.98,-124.53
-84.98,-124.53
-85.11,-125.21
-85.22,-125.89
-85.26,-126.51
-85.3,-127.25
-85.33,-127.92
-85.42,-128.59
-85.49,-129.23
-85.64,-129.91
-85.77,-130.57
-85.93,-131.23
-86.04,-131.85
-86.2,-132.55
-86.33,-133.15
-86.52,-133.81
-86.67,-134.5
-86.67,-134.5
-86.84,-135.24
-86.94,-135.96
-87.06,-136.57
-87.17,-137.24
-87.3,-137.92
-87.42,-138.55
-87.58,-139.22
-87.73,-139.83
-87.93,-140.48
-88.1,-141.09
-88.28,-141.77
-88.47,-142.44
-88.47,-142.44
-88.63,-143.12
-88.51,-143.87
-88.43,-144.53
-88.37,-145.24
-88.32,-145.89
-88.23,-146.55
-88.15,-147.19
-88.05,-147.85
-87.95,-148.52
-87.84,-149.15
-87.75,-149.83
-87.63,-150.46
-87.51,-151.13
-87.37,-151.77
-87.22,-152.48
-87.09,-153.21
-87.09,-153.21
-86.9,-153.92
-86.68,-154.56
-86.38,-155.14
-86,-155.76
-85.64,-156.35
-85.25,-156.91
-84.84,-157.5
-84.5,-157.98
-84.08,-158.53
-83.69,-159.06
-83.31,-159.59
-82.92,-160.06
-82.46,-160.62
-82.46,-160.62
-82.03,-161.15
-81.65,-161.55
-81.19,-161.89
-80.51,-162.23
-79.89,-162.51
-79.27,-162.84
-78.66,-163.15
-78.66,-163.15
-78.17,-163.49
-77.92,-164.01
-77.79,-164.57
-77.79,-164.57
-77.19,-165.53
-76.96,-166.29
-76.74,-167
-76.54,-167.72
-76.35,-168.44
-76.17,-169.19
-76.17,-169.19
-76.07,-169.87
-76.14,-170.47
-76.31,-171.34
-76.41,-171.95
-76.5,-172.55
-76.5,-172.55
-76.66,-173.22
-76.78,-173.81
-76.9,-174.48
-76.9,-174.48
-76.99,-175.38
-77.02,-176.19
-77.1,-176.88
-77.1,-176.88
-77.1,-176.88
-77.13,-177.48
-77.13,-177.48
-77,-178.1
-76.6,-178.58
-76.6,-178.58
-76.6,-178.58
-75.79,-178.4
-75.79,-178.4
-75.3,-178.04
-75.3,-178.04
-74.9,-177.37
-74.47,-176.49
-74.12,-175.68
-73.85,-175.1
-73.55,-174.51
-73.27,-173.9
-73.27,-173.9
-73.27,-173.9
-73.27,-173.9
-73.27,-173.9
-72.57,-173.44
-71.88,-173.1
-71.88,-173.1
-71.88,-173.1
-71.88,-173.1
-71.88,-173.1
-71.88,-173.1
-71.88,-173.1
-71.22,-172.86
-70.49,-172.66
-69.75,-172.57
-68.98,-172.51
-68.98,-172.51
-68.26,-172.64
-67.7,-172.88
-67.09,-173.21
-66.62,-173.65
-66.62,-173.65
-66.24,-174.28
-65.95,-174.9
-65.66,-175.57
-65.45,-176.28
-65.27,-176.93
-65.07,-177.63
-64.85,-178.29
-64.63,-178.96
-64.37,-179.64
-64.12,-180.35
-63.9,-181
-63.68,-181.76
-63.47,-182.43
-63.25,-183.19
-63.08,-183.85
-62.9,-184.58
-62.72,-185.3
-62.55,-185.98
-62.36,-186.61
-62.17,-187.34
-61.98,-188.04
-61.8,-188.74
-61.65,-189.44
-61.53,-190.12
-61.53,-190.12
-61.57,-190.81
-61.57,-190.81
-61.57,-190.81
-61.57,-190.81
-61.69,-191.42
-61.79,-192.04
-62.1,-192.77
-62.44,-193.49
-62.83,-194.21
-63.17,-194.81
-63.57,-195.45
-63.91,-196.09
-64.34,-196.76
-64.67,-197.34
-65.03,-197.99
-65.37,-198.58
-65.73,-199.17
-66.08,-199.81
-66.42,-200.44
-66.74,-201.03
-67.08,-201.7
-67.44,-202.3
-67.74,-202.92
-68.02,-203.57
-68.36,-204.28
-68.7,-204.9
-69,-205.52
-69.36,-206.17
-69.62,-206.72
-69.93,-207.42
-70.24,-208.08
-70.52,-208.68
-70.78,-209.3
-71.08,-209.94
-71.36,-210.55
-71.59,-211.12
-71.86,-211.77
-72.14,-212.47
-72.4,-213.11
-72.71,-213.81
-73.01,-214.47
-73.28,-215.17
-73.56,-215.85
-73.83,-216.54
-74.1,-217.22
-74.34,-217.95
-74.34,-217.95
-74.45,-218.71
-74.26,-219.29
-74.01,-220.04
-73.78,-220.77
-73.57,-221.47
-73.39,-222.18
-73.18,-222.87
-72.95,-223.6
-72.74,-224.34
-72.52,-225.01
-72.29,-225.75
-72.07,-226.46
-71.84,-227.18
-71.61,-227.9
-71.42,-228.62
-71.21,-229.29
-71.02,-230.02
-70.82,-230.78
-70.62,-231.51
-70.79,-232.17
-70.79,-232.17
-70.79,-232.17
-70.79,-232.17
-71.54,-232.37
-72.27,-232.5
-72.97,-232.6
-72.97,-232.6
-73.8,-232.64
-74.43,-232.66
-75.01,-232.79
-75.01,-232.79
-75.01,-232.79
-75.73,-232.89
-75.73,-232.89
-75.73,-232.89
-75.73,-232.89
-75.73,-232.89
-76.51,-233.09
-76.51,-233.09
-77.14,-233.31
-77.75,-233.5
-78.35,-233.7
-78.35,-233.7
-78.35,-233.7
-78.35,-233.7
-78.35,-233.7
-78.35,-233.7
-78.35,-233.7
-78.35,-233.7
-78.35,-233.7
-78.35,-233.7
-78.35,-233.7
-78.85,-234.15
-79.42,-234.64
-79.96,-235.11
-80.48,-235.6
-80.48,-235.6
-80.94,-236.05
-81.41,-236.48
-81.41,-236.48
-81.91,-236.84
-82.41,-237.22
-83.07,-237.58
-83.75,-237.93
-84.44,-238.2
-85.19,-238.36
-85.9,-238.4
-86.61,-238.45
-87.36,-238.49
-87.36,-238.49
-88.07,-238.53
-88.66,-238.53
-88.66,-238.53
-88.43,-239.96
-89.49,-238.43
-90.16,-238.35
-90.91,-238.17
-91.6,-238.01
-92.31,-237.84
-92.98,-237.68
-93.69,-237.49
-94.35,-237.33
-95.04,-237.11
-95.73,-236.95
-96.37,-236.77
-97.08,-236.62
-94.19,-237.6
-97.78,-236.45
-97.78,-236.45
-98.37,-236.29
-98.37,-236.29
-99.07,-236.13
-99.77,-235.96
-100.46,-235.8
-101.13,-235.64
-101.83,-235.48
-102.53,-235.28
-103.24,-235.08
-103.91,-234.85
-104.54,-234.66
-105.3,-234.42
-106.1,-234.2
-106.1,-234.2
-106.74,-233.98
-107.16,-233.49
-107.16,-233.49
-107.53,-232.97
-107.96,-232.27
-108.33,-231.7
-108.69,-231.09
-109.08,-230.47
-109.47,-229.88
-109.93,-229.25
-110.4,-228.7
-110.4,-228.7
-110.94,-228.29
-110.94,-228.29
-110.94,-228.29
-111.55,-228.4
-112.34,-228.48
-113.05,-228.56
-113.88,-228.6
-114.63,-228.65
-115.44,-228.63
-116.17,-228.66
-116.89,-228.65
-117.6,-228.62
-117.6,-228.62
-118.32,-228.47
-118.87,-227.92
-121.9,-224.59
-118.87,-227.92
-118.87,-227.92
-120.09,-227.22
-120.13,-226.48
-120.11,-225.77
-119.87,-225.01
-119.66,-224.27
-119.49,-223.61
-119.49,-223.61
-119.33,-222.86
-119.33,-222.86
-119.2,-222.24
-119.2,-222.24
-119.2,-222.24
-119.2,-222.24
-119.07,-221.58
-119.07,-221.58
-119.07,-221.58
-122.19,-225.92
-119.07,-221.58
-119.07,-221.58
-119.07,-221.58
-119.07,-221.58
-119.07,-221.58
-119.07,-221.58
-118.95,-220.91
-118.95,-220.91
-118.95,-220.91
-118.85,-220.28
-120.69,-222.37
-118.85,-220.28
-118.85,-220.28
-118.85,-220.28
-118.85,-220.28
-118.85,-220.28
-118.85,-220.28
-118.85,-220.28
-118.85,-220.28
-118.85,-220.28
-118.85,-220.28
-118.85,-220.28
-118.85,-220.28
-118.85,-220.28
-118.85,-220.28
-118.71,-219.64
-118.71,-219.64
-118.71,-219.64
-118.71,-219.64
-118.71,-219.64
-118.71,-219.64
-118.59,-219.02
-118.59,-219.02
-118.59,-219.02
-118.59,-219.02
-118.59,-219.02
-118.59,-219.02
-118.59,-219.02
-118.59,-219.02
-118.59,-219.02
-118.59,-219.02
-118.59,-219.02
-118.59,-219.02
-118.59,-219.02
-118.59,-219.02
-118.59,-219.02
-118.59,-219.02
-118.59,-219.02
-118.5,-218.37
-118.5,-218.37
-118.5,-218.37
-118.5,-218.37
-118.5,-218.37
-118.5,-218.37
-118.5,-218.37
-118.5,-218.37
-118.4,-217.71
-118.4,-217.71
-118.4,-217.71
-118.4,-217.71
-118.4,-217.71
-118.4,-217.71
-118.3,-217.04
-118.3,-217.04
-118.3,-217.04
-118.3,-217.04
-118.3,-217.04
-118.3,-217.04
-118.3,-217.04
-118.3,-217.04
-118.3,-217.04
-118.3,-217.04
-119.07,-216.59
-118.3,-217.04
-118.3,-217.04
-118.3,-217.04
-118.3,-217.04
-118.3,-217.04
-118.3,-217.04
-118.3,-217.04
-118.3,-217.04
-120.16,-218.22
-118.3,-217.04
-118.3,-217.04
-118.3,-217.04
-118.3,-217.04
-118.3,-217.04
-118.3,-217.04
-118.3,-217.04
-118.3,-217.04
-118.21,-216.38
-118.21,-216.38
-118.21,-216.38
-118.21,-216.38
-118.21,-216.38
-118.21,-216.38
-118.21,-216.38
-118.21,-216.38
-118.21,-216.38
-118.21,-216.38
-118.09,-215.73
-117.97,-214.99
-117.88,-214.26
-117.88,-214.26
-117.88,-214.26
-117.98,-213.62
-118.21,-212.81
-119.07,-216.59
-118.48,-212.06
-118.7,-211.27
-117.69,-210.51
-118.95,-210.54
-119.19,-209.76
-119.44,-208.97
-119.65,-208.11
-119.65,-208.11
-119.83,-207.43
-120.01,-206.71
-120.28,-206.01
-120.53,-205.31
-120.77,-204.6
-121,-203.82
-121.26,-203.11
-121.47,-202.27
-121.65,-201.49
-121.8,-200.76
-121.99,-200.08
-122.09,-199.32
-122.22,-198.61
-122.4,-197.82
-122.4,-197.82
-122.59,-197.15
-122.59,-197.15
-122.59,-197.15
-122.59,-197.15
-123.33,-196.91
-124.05,-196.74
-124.81,-196.57
-125.49,-196.42
-126.19,-196.26
-126.84,-196.13
-127.6,-196.14
-128.19,-196.37
-128.93,-196.75
-129.55,-197.13
-130.15,-197.49
-130.78,-197.88
-131.4,-198.27
-132.02,-198.61
-132.82,-198.97
-132.82,-198.97
-133.56,-199.27
-133.56,-199.27
-134.23,-199.35
-135.04,-199.42
-135.92,-199.41
-136.75,-199.25
-137.51,-199.11
-138.32,-198.92
-139.16,-198.77
-139.16,-198.77
-139.9,-198.64
-139.9,-198.64
-140.64,-198.52
-141.36,-198.42
-142.14,-198.23
-142.87,-198.06
-143.66,-197.92
-144.37,-197.79
-145.18,-197.66
-145.89,-197.58
-146.67,-197.43
-147.43,-197.29
-148.18,-197.12
-148.93,-196.97
-149.62,-196.79
-150.35,-196.59
-151.08,-196.41
-151.08,-196.41
-151.81,-196.26
-152.43,-196.12
-153.09,-195.99
-153.85,-195.83
-154.54,-195.69
-155.28,-195.5
-155.99,-195.31
-156.73,-195.11
-157.41,-194.94
-158.21,-194.75
-158.91,-194.58
-159.61,-194.4
-160.31,-194.24
-161.04,-194.05
-161.73,-193.9
-162.54,-193.72
-163.34,-193.55
-163.34,-193.55
-164.2,-193.43
-164.89,-193.5
-165.58,-193.9
-166.19,-194.39
-166.19,-194.39
-166.83,-194.88
-167.37,-195.31
-167.98,-195.77
-168.55,-196.25
-169.15,-196.74
-169.71,-197.2
-170.35,-197.77
-170.35,-197.77
-170.86,-198.24
-171.23,-198.79
-171.29,-199.47
-171.29,-199.47
-171.41,-200.35
-171.57,-201.07
-171.74,-201.84
-171.85,-202.55
-172.03,-203.37
-172.15,-204.05
-172.31,-204.82
-172.45,-205.54
-172.6,-206.27
-172.76,-206.99
-172.94,-207.74
-173.07,-208.47
-173.23,-209.16
-173.38,-209.88
-173.59,-210.64
-173.77,-211.38
-173.98,-212.11
-174.16,-212.88
-174.38,-213.7
-174.38,-213.7
-174.54,-214.37
-174.7,-215.04
-174.85,-215.8
-175.02,-216.62
-175.13,-217.32
-175.33,-218.08
-175.51,-218.84
-175.7,-219.6
-175.87,-220.24
-176.09,-220.99
-176.25,-221.64
-176.47,-222.44
-176.61,-223.05
-176.82,-223.87
-176.94,-224.61
-177.13,-225.47
-177.4,-226.15
-177.97,-226.8
-178.52,-227.39
-179.12,-227.87
-179.12,-227.87
-179.64,-228.34
-179.64,-228.34
-179.64,-228.34
