0,0,6.92838e-310,0,0,1,0.104
2.07693e-05,1.83692e-06,0,2.42942,2.42942,2,0.152
2.0034e-05,2.10196e-06,0,2.23737,-0.192053,3,0.266
1.73683e-05,4.76879e-06,0,2.08818,-0.149191,4,0.459
1.2644e-05,7.16013e-06,0,2.06175,-0.0264337,5,0.567
-1.50062e-06,6.60341e-06,0,2.06027,-0.00147151,6,0.767
-1.98695e-05,5.94743e-06,0,2.08484,0.0245606,7,0.886
-3.72849e-05,5.98769e-06,0,2.09009,0.0052538,8,1.005
-5.34848e-05,7.4766e-06,0,2.08,-0.0100914,9,1.176
-6.85105e-05,9.58523e-06,0,2.06571,-0.0142876,10,1.375
-8.30362e-05,1.18236e-05,0,2.05919,-0.00652341,11,1.536
-9.73855e-05,1.40974e-05,0,2.05256,-0.00662963,12,1.606
-0.000110349,1.5748e-05,0,2.04557,-0.0069915,13,1.796
-0.000122788,1.7122e-05,0,2.04165,-0.00391241,14,1.915
0.526215,-0.275871,0.594333,2.05358,0.0119287,15,2.476
1.31527,-0.691808,0.8921,2.05591,0.00233017,16,2.865
1.93299,-1.05189,0.715026,2.09857,0.0426575,17,3.436
2.4563,-1.30902,0.583032,2.02748,-0.0710941,18,4.235
2.98489,-1.57567,0.592031,2.038,0.0105219,19,4.927
3.5779,-1.80822,0.63697,1.9445,-0.0934994,20,5.566
4.137,-2.069,0.616932,2.00723,0.0627354,21,6.186
4.81952,-2.29528,0.719087,1.89091,-0.116319,22,6.706
5.42576,-2.54829,0.656923,1.96616,0.0752473,23,7.286
6.08048,-2.7345,0.680707,1.84787,-0.118292,24,7.835
6.72785,-2.9755,0.690784,1.92717,0.0793033,25,8.426
7.37735,-3.15834,0.674766,1.84518,-0.081992,26,8.956
7.97774,-3.36564,0.635175,1.90327,0.0580858,27,9.546
8.60131,-3.55855,0.652722,1.8708,-0.0324711,28,10.156
9.15367,-3.79212,0.599726,1.97086,0.100067,29,10.815
9.7218,-3.93012,0.584666,1.80906,-0.161799,30,11.476
9.72182,-3.93012,0,0.262963,-1.5461,31,12.886
9.80905,-3.28913,0.646964,0.135217,-0.127747,32,13.526
9.95203,-2.62019,0.684097,0.210547,0.0753299,33,14.147
10.0329,-1.91079,0.714048,0.113465,-0.0970815,34,14.686
10.1821,-1.24876,0.678685,0.22166,0.108195,35,15.256
10.4185,-0.604769,0.686044,0.351765,0.130105,36,15.836
10.7077,0.0342818,0.701498,0.425,0.0732351,37,16.375
10.9288,0.755655,0.754528,0.297332,-0.127668,38,16.906
11.1607,1.43811,0.720824,0.32758,0.0302475,39,17.436
11.3386,2.13046,0.714866,0.251439,-0.0761406,40,17.966
11.5213,2.75743,0.653051,0.283464,0.0320251,41,18.595
11.5213,2.75744,0,0.208052,-0.0754117,42,19.667
11.6547,3.47577,0.730746,0.183707,-0.0243449,43,20.121
12.0026,4.32309,0.91603,0.389518,0.205811,44,20.596
12.5958,4.02879,0.662242,2.03137,1.64186,45,21.166
12.5958,4.02881,0,-2.89326,-4.92463,46,22.266
12.4515,3.35403,0.690119,-2.93095,-0.0376917,47,22.856
12.2433,2.70142,0.685111,-2.83262,0.0983261,48,23.416
12.0885,2.00815,0.710384,-2.92202,-0.0893942,49,23.955
11.951,1.28077,0.740342,-2.95462,-0.0325993,50,24.466
11.9397,0.596102,0.684795,-3.12515,-0.170531,51,25.056
11.7736,-0.11963,0.734804,-2.91353,0.211621,52,25.575
11.6517,-0.842191,0.732822,-2.97439,-0.0608679,53,26.076
11.4752,-1.54877,0.728313,-2.89679,0.077603,54,26.636
11.3186,-2.31915,0.786168,-2.94112,-0.04433,55,27.136
11.1114,-3.04608,0.755892,-2.86394,0.0771797,56,27.656
10.953,-3.7894,0.760046,-2.93155,-0.067604,57,28.176
10.7493,-4.53578,0.773672,-2.87526,0.0562906,58,28.687
10.5863,-5.27862,0.760538,-2.9256,-0.0503432,59,29.206
10.3861,-5.97711,0.726643,-2.86236,0.063243,60,29.735
10.23,-6.7308,0.769681,-2.93747,-0.0751185,61,30.256
10.0163,-7.45469,0.754804,-2.8545,0.0829748,62,30.776
9.84265,-8.23425,0.798693,-2.9224,-0.0679037,63,31.275
9.65046,-8.92818,0.720053,-2.87141,0.0509906,64,31.775
9.50205,-9.65427,0.741114,-2.93999,-0.0685736,65,32.306
9.28919,-10.3616,0.738637,-2.84926,0.0907313,66,32.825
9.12812,-11.11,0.765549,-2.92962,-0.0803605,67,33.356
8.93427,-11.8408,0.756163,-2.88235,0.0472704,68,33.906
8.82221,-12.5303,0.69852,-2.98048,-0.0981343,69,34.456
8.82221,-12.5303,0,-2.96106,0.0194197,70,35.296
9.05994,-13.0049,0.530857,2.67721,5.63827,71,36.055
9.58872,-12.6023,0.664666,0.920036,-1.75718,72,36.635
9.8921,-11.9267,0.740644,0.422101,-0.497935,73,37.116
10.1317,-11.2943,0.676339,0.362081,-0.0600207,74,37.766
10.4836,-10.5952,0.782718,0.466317,0.104237,75,38.296
10.8136,-9.85109,0.814059,0.41752,-0.0487977,76,38.815
11.1429,-9.16265,0.763156,0.446098,0.0285781,77,39.356
11.4164,-8.3995,0.810767,0.34417,-0.101928,78,39.816
11.6712,-7.75555,0.69254,0.376803,0.0326335,79,40.432
11.9421,-6.98095,0.820645,0.336336,-0.040467,80,40.886
12.2505,-6.29416,0.752909,0.422156,0.0858196,81,41.406
12.542,-5.61479,0.739277,0.405266,-0.0168895,82,41.926
12.894,-4.9397,0.76136,0.480601,0.0753345,83,42.446
13.2,-4.24943,0.755093,0.417277,-0.0633236,84,42.966
13.5113,-3.60316,0.717363,0.448931,0.0316535,85,43.485
13.7567,-2.90946,0.735847,0.33998,-0.10895,86,44.027
14.032,-2.29244,0.67566,0.419621,0.0796404,87,44.605
14.2721,-1.65904,0.677447,0.362378,-0.0572424,88,45.095
14.2722,-1.65903,0,1.86865,1.50627,89,46.306
14.9398,-1.92844,0.720001,1.95439,0.0857401,90,46.856
15.6617,-2.15743,0.757385,1.878,-0.0763907,91,47.406
16.3635,-2.43414,0.7544,1.94641,0.0684076,92,47.946
17.0945,-2.64687,0.761339,1.85403,-0.0923793,93,48.466
17.7735,-2.89459,0.722775,1.92069,0.0666574,94,49.006
18.4211,-3.09284,0.677278,1.86789,-0.052796,95,49.587
19.0139,-3.33602,0.640788,1.96008,0.0921928,96,50.186
19.668,-3.30808,0.654701,1.52811,-0.431973,97,50.697
19.9382,-2.78407,0.58959,0.476153,-1.05196,98,51.405
20.0819,-2.11526,0.684092,0.211503,-0.26465,99,52.006
20.2726,-1.42085,0.720148,0.267952,0.0564482,100,52.555
20.4117,-0.747044,0.688049,0.203577,-0.0643745,101,53.128
20.5873,-0.0725946,0.696962,0.25466,0.0510831,102,53.666
20.7325,0.615907,0.703668,0.207796,-0.0468646,103,54.236
20.9199,1.28935,0.699042,0.271322,0.0635263,104,54.776
21.046,1.97303,0.695249,0.18244,-0.0888822,105,55.356
21.2184,2.66637,0.714467,0.243596,0.0611565,106,55.906
21.3547,3.2995,0.647671,0.212027,-0.0315693,107,56.505
21.542,3.89047,0.619978,0.306876,0.094849,108,57.117
21.6574,4.40864,0.530914,0.21927,-0.0876057,109,57.875
21.96,5.12236,0.775319,0.400907,0.181637,110,58.255
22.541,4.84606,0.643424,2.01469,1.61378,111,58.818
22.541,4.84607,0,-2.96974,-4.98443,112,59.766
22.4024,4.11092,0.74821,-2.95521,0.0145226,113,60.307
22.2363,3.37004,0.759365,-2.92092,0.0342914,114,60.837
22.1361,2.57086,0.80551,-3.01689,-0.0959639,115,61.316
22.0066,1.82507,0.757,-2.96965,0.0472377,116,61.826
21.9387,1.10196,0.726321,-3.048,-0.0783555,117,62.372
21.8136,0.340986,0.771229,-2.97865,0.069352,118,62.866
21.7061,-0.40628,0.754988,-2.99871,-0.0200587,119,63.396
21.5596,-1.12765,0.736123,-2.94116,0.057548,120,63.936
21.4379,-1.88814,0.770196,-2.98288,-0.0417147,121,64.477
21.2654,-2.65508,0.786101,-2.92046,0.0624208,122,64.986
21.1194,-3.44007,0.798494,-2.95763,-0.0371718,123,65.495
20.9687,-4.17273,0.748008,-2.93871,0.0189175,124,66.046
20.8324,-4.94889,0.788062,-2.96775,-0.0290426,125,66.546
20.6542,-5.67821,0.750784,-2.90195,0.0658033,126,67.056
20.5242,-6.44211,0.77489,-2.97312,-0.0711678,127,67.565
20.3414,-7.14245,0.723836,-2.88615,0.0869641,128,68.095
20.2081,-7.87384,0.743444,-2.96137,-0.0752158,129,68.635
20.0493,-8.5843,0.728005,-2.92166,0.0397136,130,69.156
19.9244,-9.33227,0.758315,-2.97621,-0.0545576,131,69.706
19.7621,-10.0608,0.746431,-2.92238,0.0538303,132,70.246
19.634,-10.8012,0.751348,-2.97024,-0.0478595,133,70.795
19.5303,-11.4577,0.664641,-2.98497,-0.014731,134,71.386
19.5035,-12.1551,0.69796,-3.10318,-0.118204,135,71.866
19.5035,-12.1551,0,0.19873,3.30191,136,74.388
19.6858,-11.4318,0.74611,0.246876,0.0481455,137,74.888
19.7977,-10.746,0.694876,0.16187,-0.0850061,138,75.436
19.9398,-10.0214,0.738533,0.1936,0.0317299,139,75.966
20.0154,-9.27843,0.746857,0.101426,-0.0921733,140,76.496
20.123,-8.55302,0.733412,0.1473,0.0458735,141,77.026
20.2234,-7.78914,0.770498,0.130631,-0.0166689,142,77.546
20.3677,-7.06377,0.739621,0.196428,0.0657974,143,78.086
20.5053,-6.27451,0.801217,0.172582,-0.0238463,144,78.585
20.6732,-5.53755,0.755869,0.223971,0.0513891,145,79.097
20.82,-4.78735,0.764472,0.193283,-0.0306884,146,79.625
21.0303,-4.09687,0.721794,0.295553,0.10227,147,80.166
21.2028,-3.3401,0.77622,0.224085,-0.0714677,148,80.686
21.4059,-2.69125,0.679938,0.303481,0.0793962,149,81.255
21.904,-2.27059,0.651951,0.869459,0.565978,150,81.896
22.4819,-2.51692,0.628232,1.97376,1.1043,151,82.566
22.9742,-2.65687,0.511817,1.84777,-0.125984,152,83.345
23.5564,-2.8146,0.60317,1.83541,-0.0123595,153,84.056
24.2006,-2.95319,0.658984,1.78269,-0.0527216,154,84.696
24.8626,-3.14249,0.688513,1.84935,0.0666624,155,85.256
25.55,-3.2835,0.701751,1.77312,-0.07623,156,85.806
26.1572,-3.47915,0.637875,1.88255,0.10943,157,86.468
26.9011,-3.47096,0.744091,1.55979,-0.322763,158,86.937
26.9012,-3.47093,0,0.386243,-1.17355,159,87.756
26.9367,-2.86143,0.61057,0.0582492,-0.327994,160,88.448
27.0654,-2.1499,0.72312,0.17883,0.120581,161,88.978
27.1913,-1.39784,0.762589,0.16588,-0.0129501,162,89.505
27.3664,-0.684657,0.734393,0.24071,0.0748304,163,90.037
27.5093,0.0856056,0.783442,0.183366,-0.0573441,164,90.556
27.6997,0.778555,0.718668,0.268163,0.0847964,165,91.086
27.875,1.50384,0.746203,0.237114,-0.0310489,166,91.616
28.0531,2.18305,0.702206,0.256469,0.0193553,167,92.176
28.1447,2.86173,0.684896,0.134146,-0.122323,168,92.696
28.1447,2.86172,0,2.16068,2.02653,169,94.486
28.1447,2.86171,0,-2.94406,-5.10473,170,95.446
28.0235,2.18794,0.68467,-2.9636,-0.0195446,171,95.985
27.8203,1.48196,0.734734,-2.86126,0.102347,172,96.449
27.6614,0.782301,0.717514,-2.91824,-0.056988,173,96.996
27.4257,0.0790305,0.741746,-2.81823,0.100011,174,97.485
27.2193,-0.66541,0.772555,-2.8711,-0.0528678,175,97.996
26.9635,-1.38497,0.763687,-2.80007,0.0710294,176,98.496
26.7697,-2.11305,0.753435,-2.88146,-0.0813889,177,99.006
26.5486,-2.83577,0.755814,-2.84464,0.0368249,178,99.526
26.3559,-3.59963,0.787811,-2.89447,-0.0498392,179,100.029
26.117,-4.35127,0.788728,-2.83382,0.0606559,180,100.506
25.9352,-5.1081,0.778378,-2.90587,-0.0720477,181,101.016
25.7245,-5.82181,0.744163,-2.85456,0.0513042,182,101.515
25.5544,-6.5517,0.749455,-2.91268,-0.0581128,183,102.027
25.3664,-7.2248,0.698876,-2.86917,0.0435042,184,102.555
25.212,-7.97599,0.766896,-2.93894,-0.069774,185,103.056
24.9897,-8.72403,0.780425,-2.85261,0.086338,186,103.546
24.8308,-9.46243,0.755299,-2.92976,-0.0771531,187,104.066
24.6325,-10.1943,0.758252,-2.87699,0.0527715,188,104.595
24.4698,-10.9721,0.794656,-2.93532,-0.0583309,189,105.078
24.283,-11.7201,0.77102,-2.89688,0.038443,190,105.575
24.1749,-12.4276,0.715743,-2.99007,-0.0931926,191,106.118
24.0223,-13.1176,0.706677,-2.92382,0.0662491,192,106.635
23.9093,-13.8236,0.714919,-2.98294,-0.0591202,193,107.185
23.7586,-14.4927,0.685863,-2.9201,0.0628422,194,107.756
23.6731,-15.1448,0.657724,-3.01119,-0.0910947,195,108.287
23.5998,-16.0698,0.928102,-3.06249,-0.0512996,196,108.646
24.1274,-16.6997,0.821737,2.4443,5.50679,197,109.046
24.1274,-16.6998,0,0.352334,-2.09197,198,110.036
24.3052,-16.0045,0.717801,0.250326,-0.102008,199,110.606
24.4934,-15.3206,0.709432,0.268618,0.0182925,200,111.156
24.6452,-14.5766,0.759402,0.201271,-0.0673465,201,111.711
24.8207,-13.848,0.749442,0.236274,0.0350024,202,112.216
24.9798,-13.0984,0.766362,0.2092,-0.0270735,203,112.735
25.1911,-12.3764,0.752381,0.284751,0.0755507,204,113.246
25.3581,-11.6471,0.748218,0.225025,-0.0597264,205,113.776
25.6019,-10.9207,0.766281,0.323866,0.0988408,206,114.285
25.7991,-10.1784,0.768064,0.259572,-0.064294,207,114.771
26.0055,-9.45485,0.752483,0.277974,0.0184024,208,115.286
26.1854,-8.66763,0.807554,0.224552,-0.0534215,209,115.766
26.3989,-7.94811,0.75057,0.288482,0.0639291,210,116.278
26.5507,-7.22907,0.734922,0.20809,-0.0803917,211,116.806
26.7685,-6.53299,0.729376,0.303178,0.095088,212,117.376
27.0137,-5.89654,0.682089,0.367748,0.0645703,213,117.936
27.684,-5.85061,0.671997,1.50238,1.13463,214,118.486
28.367,-6.01845,0.703293,1.81179,0.309411,215,118.985
29.0428,-6.23854,0.710794,1.88565,0.0738634,216,119.535
29.7527,-6.41256,0.730854,1.81124,-0.0744098,217,120.066
30.4799,-6.62279,0.757045,1.85222,0.0409824,218,120.616
31.2351,-6.77385,0.770211,1.76821,-0.0840095,219,121.127
31.9182,-6.97623,0.712405,1.85887,0.0906514,220,121.676
32.5793,-7.10786,0.674151,1.76732,-0.0915497,221,122.256
32.5793,-7.10784,0,0.617856,-1.14946,222,123.277
32.7607,-6.49798,0.636296,0.289024,-0.328832,223,123.856
32.8751,-5.81984,0.687758,0.167149,-0.121875,224,124.455
33.0311,-5.10403,0.732643,0.214539,0.0473894,225,124.987
33.1589,-4.40191,0.713672,0.180017,-0.0345214,226,125.536
33.3254,-3.69987,0.721534,0.232855,0.0528382,227,126.077
33.4599,-3.01798,0.695047,0.194734,-0.0381214,228,126.656
33.6529,-2.25146,0.790509,0.246666,0.0519323,229,127.137
33.7318,-1.58984,0.666341,0.118703,-0.127963,230,127.735
33.7318,-1.5898,0,0.165828,0.0471246,231,128.676
33.8191,-0.931222,0.664367,0.131617,-0.0342113,232,129.246
33.9701,-0.258434,0.689575,0.220822,0.089205,233,129.795
33.9701,-0.258429,0,0.408781,0.187959,234,130.686
34.4042,-0.62415,0.567586,2.27092,1.86214,235,131.426
34.286,-1.22156,0.609014,-2.94636,-5.21728,236,132.146
34.1635,-1.97377,0.762194,-2.9801,-0.0337441,237,132.686
34.015,-2.64049,0.683107,-2.92233,0.0577688,238,133.256
33.8831,-3.33848,0.710367,-2.95491,-0.0325775,239,133.816
33.7312,-3.99135,0.670346,-2.91297,0.0419384,240,134.367
33.6062,-4.68913,0.70892,-2.96432,-0.0513497,241,134.925
33.4412,-5.40627,0.735901,-2.91543,0.0488962,242,135.465
33.3046,-6.15299,0.759159,-2.96058,-0.0451582,243,135.975
33.1391,-6.88164,0.74721,-2.91833,0.0422538,244,136.496
33.0158,-7.62184,0.75042,-2.97655,-0.0582216,245,137.046
32.8961,-8.33591,0.72405,-2.97542,0.00113701,246,137.566
32.7921,-9.09406,0.765272,-3.00535,-0.0299297,247,138.076
32.6688,-9.82859,0.744823,-2.97521,0.0301337,248,138.586
32.5913,-10.5889,0.764294,-3.04002,-0.0648043,249,139.135
32.4534,-11.3136,0.737644,-2.9535,0.0865137,250,139.666
32.3486,-12.1107,0.803962,-3.01096,-0.0574627,251,140.156
32.1953,-12.8803,0.784755,-2.94501,0.065959,252,140.676
32.0655,-13.655,0.785552,-2.97552,-0.0305162,253,141.185
31.9203,-14.4282,0.786661,-2.95595,0.0195762,254,141.716
31.8043,-15.2214,0.801702,-2.99639,-0.0404439,255,142.215
31.6647,-15.9588,0.750447,-2.95451,0.0418845,256,142.745
31.5484,-16.7059,0.756093,-2.98722,-0.0327157,257,143.275
31.3891,-17.4613,0.772063,-2.93374,0.0534831,258,143.796
31.2855,-18.1945,0.740505,-3.0013,-0.0675597,259,144.326
31.1164,-18.8811,0.707097,-2.90006,0.101238,260,144.876
31.018,-19.6,0.725619,-3.00557,-0.105512,261,145.366
31.2034,-20.1426,0.573469,2.81236,5.81794,262,146.095
31.6211,-19.7666,0.562081,0.837844,-1.97452,263,146.856
31.6211,-19.7666,0,0.204117,-0.633727,264,147.676
31.7356,-19.0636,0.712378,0.161506,-0.0426117,265,148.236
31.8044,-18.3541,0.712939,0.0966196,-0.0648861,266,148.806
31.9429,-17.601,0.765797,0.181972,0.0853522,267,149.335
32.0436,-16.8308,0.776871,0.129975,-0.0519966,268,149.846
32.173,-16.0954,0.746675,0.174123,0.0441474,269,150.368
32.2825,-15.3178,0.78532,0.13986,-0.0342628,270,150.876
32.4379,-14.6032,0.731423,0.214156,0.0742958,271,151.415
32.5553,-13.8058,0.80602,0.1461,-0.0680552,272,151.916
32.7137,-13.0896,0.733527,0.217715,0.0716146,273,152.438
32.8392,-12.366,0.734417,0.171733,-0.045982,274,152.985
33.0442,-11.6247,0.76913,0.269819,0.0980864,275,153.485
33.1699,-10.9181,0.717762,0.175956,-0.0938635,276,154.056
33.4425,-10.2427,0.728295,0.383649,0.207693,277,154.638
33.9214,-9.73993,0.694448,0.761123,0.377474,278,155.225
33.9214,-9.73993,0,1.76127,1.00014,279,156.285
34.5489,-9.89932,0.647409,1.81959,0.0583206,280,156.896
35.2586,-10.0461,0.724716,1.77478,-0.0448097,281,157.475
35.9784,-10.226,0.742025,1.81566,0.040879,282,158.036
36.692,-10.3374,0.722249,1.72565,-0.0900074,283,158.557
37.3807,-10.4383,0.69604,1.71635,-0.00929595,284,159.166
37.3807,-10.4383,0,0.222127,-1.49423,285,160.387
37.4528,-9.75846,0.683722,0.105643,-0.116484,286,160.956
37.571,-9.11057,0.658606,0.180406,0.0747626,287,161.595
37.6691,-8.3601,0.756902,0.130047,-0.0503588,288,162.13
37.83,-7.64564,0.732367,0.221432,0.0913851,289,162.686
37.9739,-6.92331,0.736561,0.19666,-0.0247715,290,163.226
38.2036,-6.22036,0.739556,0.315823,0.119162,291,163.726
38.3736,-5.48061,0.759062,0.225904,-0.089919,292,164.255
38.5513,-4.76722,0.735213,0.244101,0.018197,293,164.806
38.6226,-4.0818,0.689146,0.103628,-0.140473,294,165.345
38.7889,-3.33332,0.766827,0.218548,0.11492,295,165.746
38.934,-2.6713,0.677766,0.215733,-0.00281563,296,166.316
38.934,-2.67129,0,2.63455,2.41881,297,167.296
38.8081,-3.29152,0.632946,-2.94141,-5.57595,298,167.936
38.6906,-3.98539,0.703809,-2.97382,-0.0324099,299,168.546
38.5199,-4.73831,0.772095,-2.91871,0.055105,300,169.046
38.3819,-5.48614,0.760505,-2.95906,-0.0403523,301,169.596
38.1942,-6.2408,0.777705,-2.89784,0.0612248,302,170.115
38.0702,-6.97055,0.740244,-2.97335,-0.0755141,303,170.636
37.9214,-7.69239,0.737046,-2.93829,0.0350668,304,171.186
37.79,-8.44088,0.759971,-2.96784,-0.029557,305,171.696
37.6258,-9.16679,0.744271,-2.91917,0.0486748,306,172.216
37.481,-9.94864,0.795197,-2.95842,-0.0392488,307,172.726
37.3177,-10.6726,0.742219,-2.91973,0.0386884,308,173.245
37.171,-11.4675,0.808327,-2.95913,-0.0393989,309,173.755
36.9808,-12.2342,0.789962,-2.89842,0.0607081,310,174.286
36.8273,-12.997,0.778136,-2.94308,-0.0446597,311,174.806
36.6594,-13.7095,0.732034,-2.9101,0.0329813,312,175.327
36.5405,-14.4823,0.781916,-2.98903,-0.0789372,313,175.835
36.394,-15.213,0.745187,-2.94372,0.0453098,314,176.368
36.2743,-15.9961,0.792278,-2.98985,-0.0461302,315,176.865
36.1216,-16.7338,0.75328,-2.93756,0.0522927,316,177.376
35.9815,-17.5069,0.785767,-2.96228,-0.0247219,317,177.906
35.7983,-18.2207,0.736925,-2.89044,0.0718457,318,178.445
35.6569,-18.955,0.747787,-2.95135,-0.0609115,319,178.975
35.4313,-19.6943,0.773048,-2.84537,0.105978,320,179.526
35.2239,-20.3833,0.719539,-2.84925,-0.00388281,321,180.065
34.9635,-20.9907,0.660884,-2.73658,0.112673,322,180.616
34.8024,-21.76,0.785998,-2.9352,-0.198615,323,181.036
35.1524,-22.4398,0.764679,2.66608,5.60128,324,181.446
35.867,-22.4729,0.715465,1.61712,-1.04896,325,181.905
36.3952,-21.9818,0.721404,0.821745,-0.795374,326,182.343
36.5746,-21.3579,0.64926,0.279878,-0.541867,327,182.985
36.7589,-20.7052,0.678318,0.275248,-0.00462953,328,183.556
36.9693,-19.9732,0.761637,0.27991,0.00466168,329,184.106
37.2339,-19.269,0.752296,0.359373,0.079463,330,184.626
37.4599,-18.5385,0.764751,0.299955,-0.0594178,331,185.149
37.7176,-17.843,0.741731,0.354859,0.0549039,332,185.686
37.945,-17.1005,0.776546,0.29721,-0.0576496,333,186.196
38.2393,-16.3967,0.762934,0.396128,0.0989184,334,186.728
38.487,-15.6621,0.775303,0.325107,-0.0710214,335,187.236
38.7593,-14.9753,0.738812,0.377452,0.0523451,336,187.766
39.0296,-14.2516,0.772586,0.357508,-0.0199434,337,188.296
39.3247,-13.5824,0.731363,0.415349,0.0578403,338,188.825
39.5714,-12.8807,0.743911,0.338087,-0.0772616,339,189.375
39.9995,-12.3124,0.711422,0.645586,0.307499,340,189.955
40.6438,-11.9841,0.723132,1.09956,0.453977,341,190.496
41.1844,-12.2605,0.607177,2.04341,0.943846,342,191.266
41.8801,-12.591,0.770301,2.01428,-0.0291263,343,191.726
42.4328,-12.8775,0.62256,2.04895,0.0346672,344,192.396
42.9627,-13.0917,0.571549,1.95497,-0.0939818,345,193.136
43.5664,-13.3854,0.671379,2.02365,0.0686843,346,193.716
44.1201,-13.5984,0.593244,1.938,-0.0856489,347,194.415
44.6709,-13.8859,0.62132,2.05195,0.113946,348,194.945
45.1787,-14.0917,0.547935,1.95581,-0.0961441,349,195.657
45.1787,-14.0917,0,2.02152,0.0657106,350,196.745
45.7384,-14.2601,0.584511,1.86305,-0.158469,351,197.506
45.7384,-14.26,0,0.943971,-0.919076,352,198.364
45.9764,-13.7338,0.577606,0.424708,-0.519263,353,199.169
46.2739,-13.1107,0.690461,0.445389,0.0206813,354,199.736
46.5101,-12.4208,0.72924,0.329872,-0.115517,355,200.296
46.7597,-11.7571,0.709118,0.359796,0.0299245,356,200.856
46.9622,-11.045,0.740392,0.27693,-0.0828662,357,201.396
47.1972,-10.3656,0.718949,0.333122,0.0561923,358,201.936
47.3963,-9.66498,0.728362,0.276872,-0.0562499,359,202.486
47.6228,-9.00387,0.698853,0.330048,0.0531757,360,203.035
47.8062,-8.31627,0.711655,0.260556,-0.0694918,361,203.576
47.8062,-8.31628,0,0.546837,0.286281,362,204.835
47.8061,-8.31632,0,2.82409,2.27726,363,205.686
47.6823,-8.9195,0.61582,-2.93901,-5.7631,364,206.345
47.5132,-9.64199,0.742058,-2.91178,0.0272312,365,206.905
47.2935,-10.3717,0.76212,-2.84902,0.0627516,366,207.436
47.0734,-11.1097,0.770238,-2.85183,-0.00280854,367,207.977
46.8293,-11.8333,0.763645,-2.81622,0.0356131,368,208.495
46.6114,-12.5814,0.779274,-2.85816,-0.041941,369,208.995
46.3533,-13.2755,0.740501,-2.7856,0.07256,370,209.555
46.1315,-14.002,0.759726,-2.84528,-0.0596766,371,210.065
45.8722,-14.6903,0.735481,-2.78134,0.0639346,372,210.586
45.6473,-15.4247,0.768136,-2.84436,-0.0630204,373,211.131
45.3623,-16.1531,0.782233,-2.76863,0.0757366,374,211.635
45.1149,-16.8613,0.750119,-2.80553,-0.0369049,375,212.166
44.8622,-17.5564,0.7396,-2.79291,0.0126241,376,212.706
44.6568,-18.2979,0.769435,-2.87137,-0.0784665,377,213.216
44.4217,-18.991,0.731934,-2.81451,0.0568612,378,213.744
44.2381,-19.7467,0.777754,-2.9033,-0.0887906,379,214.255
44.0014,-20.4718,0.762718,-2.82602,0.0772883,380,214.786
43.8248,-21.2293,0.777844,-2.91254,-0.0865235,381,215.286
43.6001,-21.9718,0.775696,-2.84779,0.0647447,382,215.815
43.4248,-22.6993,0.748352,-2.90518,-0.057384,383,216.369
43.1544,-23.425,0.774422,-2.78489,0.120286,384,216.892
42.9135,-24.1579,0.771476,-2.82399,-0.0391026,385,217.428
42.6287,-24.8761,0.772664,-2.76406,0.0599385,386,217.966
42.6287,-24.8761,0,2.54488,5.30893,387,219.496
42.6287,-24.8761,0,0.470183,-2.07469,388,220.795
42.8675,-24.2054,0.712065,0.342113,-0.128069,389,221.396
43.1249,-23.5176,0.734494,0.358124,0.016011,390,221.926
43.3226,-22.7985,0.745867,0.268249,-0.0898756,391,222.466
43.562,-22.0809,0.756494,0.322058,0.0538089,392,222.976
43.8018,-21.3449,0.774176,0.315011,-0.00704686,393,223.515
44.1008,-20.6484,0.758005,0.405447,0.0904361,394,224.036
44.3753,-19.9098,0.788007,0.355848,-0.0495987,395,224.546
44.6801,-19.2366,0.739057,0.42503,0.0691821,396,225.085
44.9488,-18.5132,0.771751,0.355681,-0.0693491,397,225.606
45.2816,-17.8272,0.76251,0.451696,0.0960152,398,226.145
45.5979,-17.1405,0.756061,0.431693,-0.0200029,399,226.696
46.0504,-16.5582,0.737418,0.660575,0.228881,400,227.256
46.717,-16.3664,0.69367,1.29057,0.629992,401,227.826
47.3086,-16.6885,0.673658,2.06937,0.778802,402,228.476
48.2257,-17.1422,1.02339,2.03018,-0.0391914,403,228.785
48.2257,-17.1422,0,1.9418,-0.0883732,404,229.856
48.8209,-17.3526,0.631294,1.91059,-0.0312114,405,230.495
49.4901,-17.6171,0.719636,1.94734,0.0367481,406,231.046
50.1544,-17.8355,0.699285,1.88846,-0.0588855,407,231.626
50.8176,-18.0892,0.710021,1.93616,0.0477065,408,232.226
51.5024,-18.2906,0.713922,1.85678,-0.0793791,409,232.786
52.0433,-18.5204,0.587693,1.97269,0.11591,410,233.436
52.0625,-19.0598,0.53968,3.10599,1.1333,411,234.216
51.822,-19.6471,0.634729,-2.75294,-5.85893,412,234.896
51.5686,-20.3183,0.717424,-2.78062,-0.0276784,413,235.456
51.2769,-20.99,0.732384,-2.73186,0.0487557,414,236.025
51.0297,-21.6869,0.739459,-2.8007,-0.0688407,415,236.566
50.7674,-22.362,0.724325,-2.77097,0.0297371,416,237.105
50.5309,-23.0788,0.754818,-2.82284,-0.0518759,417,237.626
50.2954,-23.7757,0.735649,-2.81579,0.00705145,418,238.166
50.0917,-24.4947,0.747355,-2.86553,-0.0497399,419,238.716
49.8397,-25.2078,0.756387,-2.80187,0.0636564,420,239.226
49.6434,-25.922,0.740705,-2.8733,-0.0714278,421,239.775
49.3933,-26.6245,0.745721,-2.79957,0.0737301,422,240.306
49.1561,-27.3436,0.75719,-2.82302,-0.0234448,423,240.835
48.9037,-28.0298,0.731208,-2.78908,0.0339348,424,241.366
48.7191,-28.7198,0.7143,-2.88022,-0.0911328,425,241.906
48.5012,-29.3682,0.684032,-2.81744,0.0627714,426,242.368
48.5175,-29.9741,0.606174,3.11471,5.93215,427,243.016
48.5175,-29.9741,0,1.15957,-1.95514,428,243.926
48.7032,-29.3821,0.620536,0.303858,-0.85571,429,244.616
48.9661,-28.7273,0.705673,0.381841,0.0779822,430,245.168
49.2035,-28.0459,0.721663,0.335256,-0.0465844,431,245.745
49.4426,-27.3791,0.708411,0.344289,0.00903288,432,246.296
49.6393,-26.6718,0.734149,0.27124,-0.0730488,433,246.845
49.889,-25.9745,0.740751,0.343881,0.072641,434,247.395
50.1134,-25.2305,0.777154,0.292879,-0.0510021,435,247.905
50.3741,-24.554,0.725061,0.367794,0.0749151,436,248.446
50.6171,-23.8342,0.759679,0.325666,-0.0421279,437,248.966
50.8616,-23.1315,0.74407,0.33484,0.00917419,438,249.497
51.0726,-22.4125,0.749395,0.285355,-0.0494858,439,250.036
51.3128,-21.7577,0.697518,0.351611,0.0662561,440,250.596
51.5156,-21.1162,0.672737,0.306157,-0.0454536,441,251.197
51.7623,-20.4355,0.724135,0.347801,0.0416438,442,251.742
52.171,-19.8884,0.682882,0.641582,0.293781,443,252.337
52.8482,-19.9245,0.678207,1.62402,0.982442,444,252.945
53.5516,-20.1001,0.724981,1.81547,0.191444,445,253.416
54.1678,-20.3043,0.649214,1.89092,0.0754525,446,254.036
54.8308,-20.4862,0.687481,1.83849,-0.0524291,447,254.626
55.518,-20.72,0.725879,1.89884,0.0603491,448,255.196
56.2256,-20.8998,0.730127,1.81968,-0.0791599,449,255.746
56.894,-21.0789,0.692031,1.83256,0.0128829,450,256.309
57.6283,-21.3496,0.782604,1.92401,0.0914455,451,256.806
57.7384,-21.9904,0.650199,2.9714,1.04739,452,257.336
57.5332,-22.7438,0.780952,-2.87575,-5.84715,453,257.835
57.2832,-23.4321,0.732271,-2.79302,0.082725,454,258.386
57.0903,-24.1121,0.706888,-2.86524,-0.0722136,455,258.966
56.8904,-24.808,0.724044,-2.86189,0.00334805,456,259.516
56.7336,-25.531,0.739842,-2.92798,-0.0660905,457,260.065
56.5348,-26.2551,0.750943,-2.87359,0.0543922,458,260.585
56.3184,-26.9878,0.763983,-2.85444,0.0191455,459,261.115
56.075,-27.7306,0.781668,-2.82489,0.0295495,460,261.636
55.8733,-28.4653,0.761909,-2.87369,-0.0488017,461,262.156
55.6431,-29.1861,0.75671,-2.83234,0.0413504,462,262.666
55.4501,-29.8856,0.725553,-2.87248,-0.0401341,463,263.225
55.1881,-30.5791,0.74139,-2.78026,0.0922132,464,263.766
54.9899,-31.2721,0.720772,-2.86304,-0.0827764,465,264.306
54.7864,-31.9694,0.726474,-2.85769,0.00534931,466,264.897
54.6548,-32.4961,0.542852,-2.89669,-0.0389976,467,265.677
54.4493,-33.2434,0.775116,-2.87328,0.0234108,468,266.155
53.856,-33.7172,0.759346,-2.2447,0.628578,469,266.606
53.041,-33.3313,0.901933,-1.12858,1.11611,470,266.975
53.055,-32.6088,0.722751,0.0194522,1.14804,471,267.545
53.2129,-31.8905,0.735553,0.216371,0.196919,472,268.039
53.3197,-31.1856,0.712915,0.150382,-0.065989,473,268.626
53.4718,-30.4674,0.734187,0.208778,0.0583954,474,269.156
53.6256,-29.7491,0.734701,0.210847,0.00206905,475,269.726
53.8016,-29.037,0.733495,0.242278,0.0314315,476,270.256
53.9275,-28.2999,0.747795,0.169228,-0.0730503,477,270.785
54.0835,-27.6303,0.687569,0.228778,0.0595504,478,271.345
54.1659,-26.8704,0.764386,0.108008,-0.12077,479,271.865
54.3109,-26.1134,0.770787,0.189319,0.0813111,480,272.406
54.4258,-25.3406,0.781376,0.147526,-0.0417931,481,272.919
54.5824,-24.6126,0.744636,0.211945,0.0644191,482,273.47
54.6608,-23.8599,0.756867,0.10365,-0.108295,483,273.995
54.7795,-23.1677,0.702235,0.169898,0.0662481,484,274.566
55.0877,-22.5835,0.66053,0.485397,0.315499,485,275.166
55.0877,-22.5835,0,1.78904,1.30365,486,276.185
55.7122,-22.7537,0.647263,1.83692,0.0478715,487,276.806
56.3735,-22.9152,0.68076,1.81036,-0.0265558,488,277.416
57.0209,-23.0744,0.666785,1.81192,0.00156417,489,278.015
57.7293,-23.1693,0.714677,1.70405,-0.107876,490,278.585
58.4056,-23.3167,0.692232,1.78534,0.0812878,491,279.106
59.1129,-23.488,0.727754,1.80853,0.0231992,492,279.656
59.8015,-23.6754,0.713702,1.83643,0.027899,493,280.226
60.5266,-23.8269,0.740746,1.77685,-0.0595857,494,280.756
61.2079,-23.9854,0.699519,1.79941,0.0225587,495,281.305
61.9519,-24.0703,0.748816,1.6845,-0.114908,496,281.855
62.6874,-24.2084,0.7484,1.7564,0.0719052,497,282.386
63.3505,-24.3113,0.671043,1.72479,-0.0316131,498,282.956
63.9234,-24.4465,0.588668,1.80242,0.0776258,499,283.626
63.9234,-24.4465,0,1.56214,-0.240278,500,284.726
63.9235,-24.4465,0,1.74107,0.178929,501,285.796
64.5878,-24.5744,0.676528,1.76108,0.0200111,502,286.366
65.2518,-24.7526,0.687582,1.8329,0.0718192,503,286.936
65.9612,-24.8932,0.723184,1.76649,-0.0664125,504,287.506
66.6571,-25.0599,0.715579,1.8059,0.0394122,505,288.055
67.3571,-25.1718,0.708891,1.72931,-0.0765861,506,288.576
67.9803,-25.0813,0.629756,1.42665,-0.302666,507,289.155
68.2286,-24.4447,0.68332,0.371952,-1.05469,508,289.715
68.3738,-23.7047,0.754167,0.193708,-0.178244,509,290.186
68.4152,-23.0403,0.665763,0.0620962,-0.131612,510,290.806
68.5369,-22.3291,0.721495,0.169551,0.107455,511,291.366
68.6341,-21.5921,0.743474,0.131009,-0.0385425,512,291.906
68.7596,-20.8934,0.709882,0.177737,0.0467279,513,292.446
68.8771,-20.1704,0.732527,0.161025,-0.0167121,514,293.005
69.032,-19.4349,0.75159,0.207526,0.0465018,515,293.526
69.1156,-18.6893,0.750377,0.111679,-0.095847,516,294.046
69.2572,-17.9543,0.74846,0.190292,0.0786127,517,294.576
69.3466,-17.2154,0.74434,0.120375,-0.0699172,518,295.116
69.4742,-16.493,0.733585,0.174724,0.0543494,519,295.646
69.588,-15.7521,0.749639,0.152447,-0.0222773,520,296.189
69.7589,-15.0493,0.72325,0.238467,0.0860199,521,296.746
69.8459,-14.3714,0.683439,0.127688,-0.110779,522,297.336
69.988,-13.6576,0.72784,0.196384,0.0686956,523,297.865
70.0631,-12.9649,0.69678,0.107987,-0.0883973,524,298.386
70.0631,-12.9649,0,1.94549,1.8375,525,299.856
70.0631,-12.9649,0,-3.07579,-5.02127,526,300.765
70.0224,-13.67,0.706354,-3.08392,-0.00812825,527,301.345
69.9168,-14.3554,0.69352,-2.98879,0.095129,528,301.916
69.8365,-15.1146,0.763564,-3.03617,-0.0473826,529,302.436
69.6971,-15.8815,0.779462,-2.96181,0.0743607,530,302.966
69.5971,-16.668,0.792975,-3.01505,-0.0532467,531,303.455
69.4779,-17.4335,0.774699,-2.98718,0.0278772,532,303.996
69.3957,-18.2793,0.849847,-3.04465,-0.0574687,533,304.465
69.2819,-19.0392,0.768403,-2.99289,0.0517543,534,305.006
69.2144,-19.8268,0.790529,-3.05615,-0.0632551,535,305.546
69.0987,-20.56,0.742348,-2.98504,0.0711071,536,306.096
68.9982,-21.3012,0.74795,-3.00692,-0.0218813,537,306.626
68.8741,-22.06,0.768895,-2.97938,0.0275374,538,307.185
68.9053,-22.8444,0.785119,3.10178,6.08117,539,307.696
69.2667,-23.4306,0.68861,2.58907,-0.512716,540,308.286
70.037,-23.6808,0.809976,1.88495,-0.704119,541,308.726
70.7934,-23.7997,0.765754,1.72663,-0.158319,542,309.208
71.505,-23.8742,0.715425,1.67506,-0.0515717,543,309.775
72.2512,-23.9812,0.753826,1.71312,0.0380583,544,310.315
73.0079,-24.021,0.757853,1.62336,-0.0897569,545,310.846
73.7367,-24.1209,0.735564,1.70692,0.0835649,546,311.386
74.5048,-24.1697,0.769749,1.63421,-0.0727132,547,311.885
75.251,-24.2834,0.754833,1.72199,0.0877746,548,312.435
75.987,-24.3213,0.736944,1.62217,-0.0998173,549,312.956
76.7034,-24.4376,0.725882,1.73179,0.109625,550,313.476
77.4106,-24.5299,0.713166,1.70049,-0.0313076,551,314.045
78.1364,-24.7012,0.745727,1.80256,0.10207,552,314.585
78.8703,-24.7902,0.73933,1.69153,-0.111025,553,315.106
79.558,-24.916,0.699129,1.7517,0.0601662,554,315.706
80.0181,-24.5809,0.569206,0.941303,-0.810394,555,316.516
80.0181,-24.5809,0,-0.437589,-1.37889,556,317.456
79.3172,-23.9103,0.970342,-0.807399,-0.369811,557,317.766
78.726,-23.6704,0.638115,-1.18547,-0.378069,558,318.386
77.8819,-23.4755,0.866441,-1.34388,-0.158414,559,318.765
77.2431,-23.3161,0.658445,-1.32616,0.0177193,560,319.336
