0,0,0,0.206424,0,1
0.0995403,0.65703,0.664528,0.155593,-0.0508308,2
0.260808,1.42925,0.788875,0.211115,0.0555217,3
0.358465,2.12552,0.703089,0.144584,-0.0665308,4
0.442558,2.86979,0.749008,0.117746,-0.0268382,5
0.511162,3.67386,0.806995,0.0903505,-0.0273951,6
0.583895,4.43378,0.763392,0.100656,0.0103059,7
0.632767,5.21752,0.785254,0.0675141,-0.0331424,8
0.736325,6.01514,0.804317,0.134347,0.0668327,9
0.791022,6.75708,0.743959,0.078824,-0.0555228,10
0.875184,7.47632,0.724142,0.121722,0.0428979,11
0.931103,8.29678,0.822365,0.0732867,-0.0484352,12
1.0196,9.09951,0.807592,0.115036,0.0417493,13
1.05181,9.8559,0.757077,0.0477899,-0.0672461,14
1.12881,10.5884,0.736522,0.109982,0.0621919,15
1.15267,11.3711,0.783107,0.035701,-0.0742808,16
1.18091,12.1763,0.80566,0.0402976,0.00459659,17
1.1827,12.9929,0.816623,0.00742658,-0.032871,18
1.23036,13.7572,0.765766,0.0675146,0.060088,19
1.26145,14.5262,0.769621,0.0456462,-0.0218684,20
1.31624,15.268,0.743833,0.0789646,0.0333184,21
1.31488,16.0214,0.753446,0.00343368,-0.0755309,22
1.36298,16.7805,0.760613,0.0685092,0.0650755,23
1.37514,17.5739,0.793479,0.0205685,-0.0479408,24
1.4426,18.3824,0.811269,0.0884844,0.0679159,25
1.4376,19.1249,0.742576,-0.00149353,-0.0899779,26
1.4963,19.9013,0.778569,0.0806902,0.0821837,27
1.54866,20.6988,0.799207,0.0708025,-0.00988765,28
1.65167,21.369,0.678085,0.157747,0.0869444,29
1.75017,22.086,0.723705,0.141753,-0.015994,30
1.91785,22.8979,0.829061,0.208903,0.0671504,31
2.086,23.6521,0.772684,0.224609,0.0157058,32
2.26418,24.4613,0.828579,0.221963,-0.00264602,33
2.4055,25.1973,0.74945,0.194943,-0.0270203,34
2.57996,25.9617,0.784102,0.229612,0.0346691,35
2.71804,26.7098,0.760739,0.187754,-0.0418575,36
2.91127,27.4992,0.812742,0.245282,0.0575275,37
3.05762,28.2028,0.718602,0.210329,-0.0349528,38
3.23301,28.8853,0.704715,0.256769,0.0464398,39
3.40229,29.6541,0.787153,0.221977,-0.0347921,40
3.60276,30.3805,0.753603,0.274497,0.0525202,41
3.7683,31.0425,0.682344,0.250284,-0.0242129,42
3.95782,31.7857,0.767004,0.254914,0.00462981,43
4.10906,32.5065,0.736466,0.21207,-0.042844,44
4.30726,33.2792,0.797779,0.256306,0.0442356,45
4.46267,34.0189,0.755857,0.212322,-0.0439836,46
4.65124,34.7643,0.768888,0.253004,0.0406816,47
4.79226,35.5524,0.800535,0.182326,-0.070678,48
4.96771,36.2686,0.737423,0.245457,0.0631317,49
5.12313,37.0777,0.823923,0.195013,-0.0504443,50
5.32484,37.8575,0.805443,0.258358,0.0633448,51
5.47611,38.6232,0.780453,0.200295,-0.0580624,52
5.68141,39.3649,0.769635,0.27525,0.0749549,53
5.86479,40.1074,0.764774,0.247378,-0.0278725,54
6.05473,40.8379,0.754799,0.259618,0.0122404,55
6.18698,41.5948,0.768332,0.17822,-0.0813984,56
6.36752,42.3395,0.766314,0.243071,0.0648509,57
6.48656,43.087,0.756901,0.16317,-0.0799006,58
6.65519,43.8787,0.809508,0.215086,0.0519156,59
6.78403,44.6626,0.794383,0.168146,-0.0469403,60
6.9675,45.4682,0.826239,0.229156,0.0610109,61
7.09893,46.1986,0.742128,0.183273,-0.0458838,62
7.30322,47.0059,0.832745,0.253086,0.0698136,63
7.42243,47.7499,0.753477,0.164118,-0.0889679,64
7.60681,48.58,0.850372,0.223794,0.0596753,65
7.69593,49.2884,0.713935,0.130384,-0.0934099,66
7.83831,50.0673,0.791872,0.18602,0.0556362,67
7.97193,50.8453,0.78939,0.175327,-0.010693,68
8.13988,51.5743,0.748035,0.231691,0.0563637,69
8.29278,52.3577,0.798206,0.197986,-0.0337044,70
8.45011,53.0659,0.725455,0.223834,0.0258472,71
8.66208,53.8943,0.8551,0.255744,0.03191,72
8.8842,54.6146,0.753752,0.304361,0.0486172,73
9.05172,55.3044,0.709831,0.243475,-0.0608858,74
9.21984,56.0602,0.774342,0.2241,-0.0193746,75
9.3221,56.8162,0.762816,0.139689,-0.0844113,76
9.45278,57.5358,0.731395,0.184874,0.0451853,77
9.54124,58.354,0.82297,0.112931,-0.0719431,78
9.62398,59.0979,0.748496,0.116011,0.00307973,79
9.64786,59.8489,0.751331,0.0370237,-0.0789873,80
9.7251,60.6378,0.792755,0.102829,0.065805,81
9.78734,61.4329,0.797471,0.0833532,-0.0194756,82
9.89279,62.165,0.739669,0.148297,0.0649437,83
9.93833,62.932,0.768317,0.0645322,-0.0837646,84
10.0287,63.7098,0.783106,0.120911,0.0563792,85
10.0219,64.4223,0.712525,-0.00429649,-0.125208,86
9.79256,65.2532,0.861979,-0.264097,-0.259801,87
9.79256,65.2532,0,-1.38078,-1.11669,88
8.99341,65.3995,0.812427,-1.38449,-0.0037081,89
8.1524,65.6262,0.871027,-1.30225,0.0822396,90
7.54764,65.7828,0.62471,-1.31219,-0.0099369,91
7.54764,65.7828,0,-1.31021,0.00198251,92
7.54764,65.7828,0,-1.22171,0.0884983,93
7.54764,65.7828,0,-1.24542,-0.0237165,94
6.83036,66.1169,0.791272,-1.12967,0.115759,95
6.26054,66.6727,0.795942,-0.792684,0.336981,96
6.02651,67.2364,0.610437,-0.388219,0.404465,97
5.62592,67.8803,0.758336,-0.551298,-0.163079,98
5.2376,68.5155,0.744472,-0.543494,0.00780388,99
4.76854,69.1647,0.800894,-0.62048,-0.0769859,100
4.36349,69.8085,0.760648,-0.556319,0.0641609,101
3.92123,70.4721,0.797459,-0.582621,-0.0263025,102
3.51187,71.1117,0.759417,-0.564077,0.0185439,103
3.08666,71.7318,0.751816,-0.595888,-0.0318109,104
2.70852,72.3722,0.743703,-0.52816,0.0677282,105
2.26311,73.0613,0.820575,-0.568532,-0.0403716,106
1.88823,73.7247,0.761973,-0.509136,0.0593958,107
1.48416,74.3239,0.722688,-0.588089,-0.078953,108
1.11521,74.9742,0.747669,-0.510833,0.077256,109
0.709954,75.6485,0.786708,-0.535924,-0.0250914,110
0.349746,76.314,0.756777,-0.490839,0.0450855,111
-0.00874038,76.9125,0.697663,-0.534417,-0.0435782,112
-0.374598,77.6557,0.828298,-0.452254,0.0821626,113
-0.754318,78.413,0.847198,-0.459524,-0.00726927,114
-1.03969,79.0945,0.738837,-0.391324,0.0681994,115
-1.37006,79.8228,0.7997,-0.42063,-0.0293063,116
-1.60958,80.5155,0.732957,-0.327667,0.0929631,117
-1.82606,81.2045,0.722195,-0.299204,0.0284632,118
-1.68448,81.917,0.72646,0.201379,0.500583,119
-1.51773,82.6736,0.774746,0.222169,0.0207898,120
-1.35975,83.4487,0.791075,0.206288,-0.0158817,121
-1.25877,84.207,0.764955,0.137641,-0.0686463,122
-1.1108,84.9383,0.746097,0.204872,0.0672305,123
-0.990607,85.7121,0.783109,0.159333,-0.0455385,124
-0.853199,86.503,0.802754,0.177254,0.0179209,125
-0.739366,87.2898,0.795018,0.148912,-0.0283421,126
-0.612182,88.0132,0.734457,0.179281,0.0303686,127
-0.520019,88.7528,0.745358,0.129203,-0.0500773,128
-0.391719,89.461,0.719694,0.184463,0.0552599,129
-0.295954,90.2088,0.753886,0.132609,-0.0518539,130
-0.156715,90.9672,0.771152,0.186791,0.0541818,131
-0.0547442,91.6873,0.727244,0.145915,-0.0408765,132
0.0937049,92.4323,0.759645,0.201921,0.056006,133
0.199306,93.1599,0.735224,0.149366,-0.0525543,134
0.367235,93.9317,0.789905,0.219464,0.0700977,135
0.497779,94.6712,0.750907,0.179973,-0.0394915,136
0.65952,95.4728,0.817729,0.204342,0.0243693,137
0.765995,96.2722,0.80649,0.137645,-0.0666965,138
0.848868,97.0196,0.75199,0.115664,-0.0219809,139
0.850936,97.8429,0.823313,0.00774791,-0.107917,140
0.893209,98.5851,0.743321,0.0621374,0.0543895,141
0.869715,99.2898,0.705145,-0.028088,-0.0902254,142
0.883109,100.035,0.745199,0.0232103,0.0512983,143
0.858609,100.81,0.775186,-0.0263748,-0.0495851,144
0.894157,101.556,0.746718,0.0528594,0.0792342,145
0.874091,102.313,0.757313,-0.0212635,-0.074123,146
0.955202,103.042,0.733868,0.115988,0.137252,147
1.12365,103.774,0.751043,0.23145,0.115461,148
1.35255,104.499,0.760503,0.310952,0.0795026,149
1.54129,105.245,0.769446,0.253067,-0.0578857,150
1.74799,105.978,0.761381,0.280159,0.0270925,151
1.87095,106.727,0.759051,0.167954,-0.112205,152
2.03649,107.485,0.776195,0.220147,0.0521928,153
2.16902,108.214,0.740905,0.185081,-0.0350657,154
2.37063,109.018,0.828325,0.251106,0.0660253,155
2.53312,109.773,0.772308,0.217208,-0.0338982,156
2.75946,110.611,0.868757,0.268821,0.0516134,157
2.84205,111.337,0.730564,0.118524,-0.150298,158
2.85665,112.019,0.681917,0.026648,-0.0918758,159
2.34173,112.469,0.683859,-0.847322,-0.87397,160
1.56582,112.978,0.92809,-0.984761,-0.137439,161
0.953349,113.257,0.672812,-1.13882,-0.154058,162
0.253375,113.566,0.76542,-1.14903,-0.0102078,163
-0.46882,113.879,0.786931,-1.1571,-0.00807611,164
-1.16757,114.188,0.764181,-1.14874,0.00836018,165
-1.89228,114.42,0.76088,-1.25595,-0.107208,166
-2.57908,114.676,0.733055,-1.20846,0.0474935,167
-3.27961,114.897,0.734385,-1.26074,-0.0522792,168
-3.99777,115.17,0.768194,-1.20263,0.0581087,169
-4.68197,115.352,0.708156,-1.30472,-0.102096,170
-5.40726,115.582,0.760812,-1.25878,0.045944,171
-6.09568,115.769,0.713276,-1.30079,-0.0420096,172
-6.86881,116.018,0.812406,-1.25335,0.0474405,173
-7.54558,116.196,0.699747,-1.30859,-0.0552396,174
-8.26883,116.407,0.75338,-1.28179,0.0267943,175
-9.0059,116.563,0.753435,-1.35672,-0.0749236,176
-9.74121,116.754,0.759718,-1.31139,0.0453255,177
-10.5051,116.9,0.777621,-1.3773,-0.0659041,178
-11.2511,117.073,0.765938,-1.33714,0.0401602,179
-11.9883,117.16,0.742339,-1.448,-0.110863,180
-12.8108,117.296,0.833595,-1.40154,0.046456,181
-13.4916,117.363,0.684059,-1.46798,-0.0664407,182
-14.256,117.507,0.777837,-1.37948,0.0885051,183
-15.0311,117.566,0.777433,-1.48922,-0.109746,184
-15.7325,117.657,0.70718,-1.43729,0.051935,185
-16.5508,117.695,0.819217,-1.5182,-0.0809108,186
-17.2942,117.786,0.748955,-1.44378,0.0744204,187
-17.2942,117.786,0,-2.25948,-0.815704,188
-17.8101,117.304,0.706506,-2.31773,-0.0582421,189
-18.4269,116.786,0.805547,-2.26422,0.0535042,190
-18.9168,116.314,0.680138,-2.33217,-0.0679472,191
-19.4874,115.852,0.733713,-2.24538,0.0867878,192
-20.0052,115.372,0.706275,-2.31336,-0.0679742,193
-20.5547,114.902,0.723068,-2.2731,0.0402567,194
-20.974,114.433,0.62934,-2.40728,-0.134182,195
-21.4631,113.723,0.862103,-2.53302,-0.125744,196
-21.7674,113.028,0.758741,-2.72379,-0.190762,197
-22.2003,112.288,0.857689,-2.60721,0.116575,198
-22.5806,111.601,0.784502,-2.63038,-0.0231691,199
-22.9994,110.932,0.789658,-2.5772,0.0531782,200
-23.4071,110.238,0.805175,-2.60554,-0.0283366,201
-23.7937,109.601,0.74487,-2.59054,0.015002,202
-24.145,108.906,0.778648,-2.66833,-0.0777921,203
-24.4865,108.289,0.705472,-2.63111,0.0372209,204
-24.6646,107.622,0.689948,-2.87525,-0.244144,205
-24.7043,106.791,0.832186,-3.08863,-0.213381,206
-24.7109,106.016,0.775171,-3.12781,-0.0391723,207
-24.8183,105.22,0.802782,-3.00211,0.125694,208
-24.8482,104.522,0.698448,-3.0936,-0.0914913,209
-24.9475,103.719,0.809772,-3.01338,0.080226,210
-25.0229,102.95,0.77195,-3.03856,-0.0251815,211
-25.1003,102.213,0.741617,-3.03176,0.00680282,212
-25.1364,101.45,0.764181,-3.08919,-0.0574303,213
-25.2183,100.733,0.721208,-3.0225,0.0666819,214
-25.2331,100.019,0.714157,-3.11563,-0.0931242,215
-25.2605,99.2573,0.762229,-3.10046,0.015171,216
-25.2623,98.4264,0.830858,-3.13414,-0.0336829,217
-25.3021,97.6264,0.800974,-3.08661,0.0475308,218
-25.3098,96.8799,0.746565,-3.12612,-0.0395109,219
-25.3712,96.0983,0.784008,-3.05799,0.0681344,220
-25.367,95.3701,0.728206,3.14117,6.19915,221
-25.4019,94.5795,0.79137,-3.09235,-6.23352,222
-25.3664,93.8858,0.694599,3.09578,6.18813,223
-25.3885,93.1046,0.781529,-3.10812,-6.2039,224
-25.4152,92.3428,0.762274,-3.10136,0.00675883,225
-25.47,91.6036,0.741248,-3.06223,0.0391259,226
-25.4585,90.8386,0.765036,3.13168,6.19391,227
-25.4898,90.0804,0.758864,-3.09509,-6.22677,228
-25.4925,89.3342,0.746244,-3.1327,-0.0376091,229
-25.5418,88.6459,0.689971,-3.0649,0.0677966,230
-25.5326,87.9651,0.680899,3.1334,6.1983,231
-25.5633,87.1328,0.832833,-3.0995,-6.2329,232
-25.5769,86.4412,0.691721,-3.11664,-0.0171398,233
-25.6471,85.628,0.816232,-3.05028,0.0663641,234
-25.6613,84.8977,0.730435,-3.11699,-0.0667184,235
-25.7036,84.1715,0.727516,-3.07807,0.0389232,236
-25.6805,83.4829,0.688948,3.11317,6.19124,237
-25.6805,83.4829,0,-3.10621,-6.21938,238
-25.7154,82.7255,0.758176,-3.09029,0.0159205,239
-25.7304,81.9436,0.782112,-3.11714,-0.0268503,240
-25.7789,81.2516,0.6937,-3.06643,0.0507159,241
-25.7734,80.4645,0.787073,3.13987,6.2063,242
-25.7216,79.7543,0.712109,3.0741,-0.0657753,243
-25.5957,79.0022,0.762535,2.98086,-0.093236,244
-25.4888,78.2489,0.760823,3.00591,0.0250483,245
-25.3523,77.5112,0.75026,2.96383,-0.0420786,246
-25.236,76.788,0.732445,2.98746,0.0236256,247
-25.0575,76.0243,0.784366,2.91725,-0.0702117,248
-24.9492,75.267,0.764945,3.00467,0.0874262,249
-24.7755,74.6302,0.660064,2.88062,-0.124055,250
-24.6196,73.9062,0.740602,2.93466,0.0540409,251
-24.4247,73.2802,0.655666,2.84502,-0.089636,252
-24.2211,72.4298,0.874389,2.91191,0.0668898,253
-24.0123,71.6849,0.773635,2.87348,-0.0384309,254
-23.8763,70.9726,0.725152,2.9582,0.0847185,255
-23.7218,70.2649,0.7244,2.93182,-0.0263785,256
-23.6134,69.5476,0.725412,2.99695,0.0651309,257
-23.4753,68.8147,0.745821,2.96059,-0.0363645,258
-23.3676,68.0519,0.770313,3.00651,0.0459222,259
-23.2199,67.34,0.727106,2.94222,-0.0642902,260
-23.1173,66.5603,0.786459,3.01606,0.0738407,261
-22.9717,65.8246,0.749941,2.95136,-0.0646957,262
-22.8793,65.0761,0.754185,3.02408,0.0727149,263
-22.7469,64.3933,0.695536,2.95521,-0.0688741,264
-22.6403,63.6367,0.764065,3.00694,0.0517325,265
-22.5126,62.8598,0.787334,2.98395,-0.0229875,266
-22.4202,62.1378,0.727842,3.01951,0.0355639,267
-22.2741,61.383,0.76886,2.95558,-0.0639327,268
-22.3014,60.656,0.727447,-3.09877,-6.05436,269
-22.4228,59.9101,0.755759,-2.97505,0.123724,270
-22.6521,59.1984,0.747719,-2.8247,0.150347,271
-22.8588,58.4574,0.76931,-2.86427,-0.03957,272
-23.1112,57.7469,0.754028,-2.79503,0.0692423,273
-23.3089,57.019,0.754225,-2.8711,-0.076071,274
-23.5723,56.2877,0.777256,-2.7907,0.0803983,275
-23.7677,55.5415,0.771431,-2.88031,-0.0896016,276
-23.9955,54.8337,0.743549,-2.82488,0.0554207,277
-24.2123,54.0397,0.823044,-2.86989,-0.0450051,278
-24.4416,53.2914,0.7826,-2.83891,0.0309844,279
-24.6171,52.5499,0.762037,-2.90394,-0.0650393,280
-24.8481,51.8037,0.781138,-2.83616,0.0677853,281
-24.9892,51.0956,0.722021,-2.93972,-0.103558,282
-25.0886,50.4207,0.682215,-2.99015,-0.0504344,283
-25.0819,49.6813,0.739416,3.13785,6.12801,284
-25.1256,48.9212,0.761277,-3.07892,-6.21678,285
-25.0815,48.2136,0.708974,3.08454,6.16347,286
-25.0771,47.4623,0.75139,3.14101,0.0564631,287
-25.0333,46.7165,0.747016,3.08807,-0.0529378,288
-25.0397,45.9123,0.804294,-3.12841,-6.21648,289
-25.0287,45.1004,0.811938,3.13329,6.2617,290
-25.095,44.3827,0.72076,-3.04423,-6.17752,291
-25.1257,43.6253,0.758026,-3.09577,-0.0515369,292
-25.1941,42.8047,0.823443,-3.05318,0.0425936,293
-25.1878,42.0739,0.730882,3.13814,6.19132,294
-25.3495,41.413,0.680407,-2.89633,-6.03447,295
-25.6303,40.6412,0.821222,-2.7875,0.108829,296
-25.9935,40.0153,0.72366,-2.61056,0.176939,297
-26.2256,39.2934,0.758306,-2.8253,-0.214737,298
-26.378,38.5928,0.716927,-2.92209,-0.0967887,299
-26.477,37.806,0.793029,-3.01122,-0.0891269,300
-26.6236,37.0688,0.751634,-2.94008,0.0711354,301
-26.7551,36.2391,0.840089,-2.97909,-0.0390119,302
-26.9519,35.5014,0.763446,-2.87574,0.103357,303
-27.1159,34.7774,0.742351,-2.91349,-0.0377582,304
-27.3578,34.0899,0.728832,-2.79808,0.115412,305
-27.4946,33.4725,0.632345,-2.91829,-0.120206,306
-27.689,32.5206,0.971564,-2.93494,-0.0166548,307
-27.7705,31.7703,0.754754,-3.02809,-0.0931495,308
-27.9016,31.0156,0.765943,-2.96435,0.0637429,309
-28.0161,30.2766,0.747861,-2.98266,-0.0183108,310
-28.2327,29.5074,0.79914,-2.86185,0.120808,311
-28.4091,28.8197,0.709921,-2.88533,-0.0234785,312
-28.7494,28.1004,0.795727,-2.69438,0.190946,313
-29.1414,27.3926,0.809087,-2.63063,0.063755,314
-29.5311,26.7847,0.722097,-2.56624,0.0643894,315
-29.9056,26.1341,0.750743,-2.61413,-0.0478852,316
-30.2722,25.5423,0.696089,-2.5817,0.0324259,317
-30.5515,24.885,0.714205,-2.73461,-0.152912,318
-30.7959,24.1759,0.750009,-2.80438,-0.0697713,319
-30.6745,23.4153,0.770241,2.98856,5.79294,320
-30.5525,22.6479,0.777072,2.98909,0.000532636,321
-30.4163,21.9122,0.748164,2.96381,-0.0252807,322
-30.3606,21.1734,0.740964,3.07164,0.107834,323
-30.2542,20.3852,0.795274,3.01266,-0.0589865,324
-30.2617,19.6056,0.779615,-3.12684,-6.13949,325
-30.2187,18.7495,0.857262,3.09666,6.2235,326
-30.2033,17.9277,0.821933,3.12813,0.0314735,327
-30.1018,17.2,0.734698,3.00824,-0.119887,328
-30.0122,16.407,0.798072,3.03436,0.0261143,329
-29.8761,15.6749,0.744629,2.96303,-0.0713333,330
-29.7663,14.9075,0.775204,3.00464,0.0416177,331
-29.6286,14.1664,0.753778,2.96316,-0.041485,332
-29.529,13.3794,0.793336,3.02095,0.0577939,333
-29.3861,12.6193,0.773425,2.96098,-0.0599697,334
-29.2708,11.8228,0.804719,3.00302,0.0420386,335
-29.0963,11.0943,0.749193,2.91176,-0.0912632,336
-28.9619,10.3238,0.78208,2.97412,0.0623601,337
-28.756,9.60894,0.743943,2.86636,-0.107759,338
-28.5936,8.90805,0.719455,2.91915,0.052792,339
-28.3713,8.20218,0.740049,2.84171,-0.0774403,340
-28.1782,7.47761,0.749837,2.88649,0.0447796,341
-27.9786,6.85668,0.652231,2.83579,-0.0506986,342
-27.8778,6.20401,0.660418,2.99349,0.157696,343
-27.8472,5.46449,0.740151,3.10556,0.112074,344
-27.8511,4.74868,0.715821,-3.13095,-6.23651,345
-27.8056,3.97218,0.777827,3.08826,6.21921,346
-27.7774,3.20737,0.765331,3.11006,0.0217982,347
-27.6685,2.43748,0.777558,3.0063,-0.103761,348
-27.5816,1.67274,0.769661,3.0337,0.0274001,349
-27.4113,0.914426,0.777206,2.92588,-0.107814,350
-27.2638,0.140143,0.788212,2.95855,0.0326687,351
-27.0839,-0.648975,0.80935,2.92276,-0.0357868,352
-26.9713,-1.41207,0.771354,3.00034,0.0775744,353
-26.8304,-2.17468,0.775522,2.9641,-0.0362411,354
-26.7607,-2.92411,0.752666,3.05406,0.0899642,355
-26.65,-3.59066,0.675677,2.98228,-0.0717851,356
-26.65,-3.59066,0,3.10264,0.120363,357
-26.6879,-4.36841,0.778672,-3.08764,-6.19028,358
-26.7357,-5.13507,0.768149,-3.07415,0.0134974,359
-26.8619,-5.89863,0.773916,-2.97258,0.101564,360
-26.962,-6.70683,0.814388,-3.01303,-0.0404458,361
-27.0787,-7.45532,0.757521,-2.98176,0.0312716,362
-27.134,-8.28806,0.834573,-3.07008,-0.088326,363
-27.236,-9.07415,0.792677,-3.00732,0.0627583,364
-27.3171,-9.80448,0.734826,-3.02576,-0.0184313,365
-27.4474,-10.5672,0.773819,-2.9671,0.0586539,366
-27.4998,-11.3396,0.774128,-3.06857,-0.101471,367
-27.6144,-12.1106,0.779478,-2.98882,0.0797541,368
-27.6605,-12.9231,0.813782,-3.0797,-0.0908807,369
-27.7302,-13.6861,0.76624,-3.04533,0.0343696,370
-27.7362,-14.3486,0.662503,-3.12722,-0.0818943,371
-27.8065,-15.17,0.824408,-3.05099,0.0762391,372
-27.8756,-15.9599,0.792912,-3.04906,0.00192113,373
-27.9654,-16.671,0.716684,-3.01073,0.0383356,374
-28.0513,-17.4771,0.810679,-3.03029,-0.0195631,375
-28.1433,-18.2129,0.741589,-3.01196,0.0183361,376
-28.1969,-18.9517,0.740713,-3.06396,-0.0520028,377
-28.3109,-19.7434,0.799882,-2.99327,0.0706925,378
-28.3919,-20.4679,0.729005,-3.0251,-0.0318319,379
-28.5234,-21.2219,0.76533,-2.96366,0.061433,380
-28.6255,-21.9593,0.744472,-2.99876,-0.0350976,381
-28.8225,-22.7396,0.804764,-2.88899,0.109773,382
-28.9975,-23.4441,0.725977,-2.8929,-0.00391294,383
-29.24,-24.1606,0.756331,-2.81004,0.0828634,384
-29.4521,-24.9494,0.816898,-2.87368,-0.0636459,385
-29.679,-25.631,0.718307,-2.81497,0.0587118,386
-29.8995,-26.474,0.871385,-2.88056,-0.0655889,387
-30.1473,-27.2177,0.783912,-2.8147,0.0658578,388
-30.3225,-27.9545,0.75731,-2.90283,-0.0881296,389
-30.5409,-28.6936,0.770744,-2.84909,0.0537436,390
-30.7307,-29.4791,0.808047,-2.89923,-0.0501449,391
-30.9559,-30.1867,0.742577,-2.82832,0.0709105,392
-31.1546,-30.9413,0.780348,-2.87882,-0.0504982,393
-31.3868,-31.6106,0.708415,-2.80245,0.0763747,394
-31.5162,-32.2926,0.69423,-2.94885,-0.146398,395
-31.7063,-33.1447,0.873037,-2.91692,0.0319277,396
-31.8409,-33.8882,0.755594,-2.9572,-0.0402849,397
-32.0627,-34.6085,0.753641,-2.83763,0.119571,398
-32.2433,-35.3428,0.756194,-2.89515,-0.0575182,399
-32.4421,-36.0985,0.781368,-2.87916,0.0159865,400
-32.5869,-36.8806,0.795437,-2.95334,-0.0741769,401
-32.7675,-37.639,0.779635,-2.90249,0.0508459,402
-32.9063,-38.4266,0.799658,-2.96188,-0.0593851,403
-33.0456,-39.101,0.688695,-2.9327,0.0291806,404
-33.1481,-39.8626,0.768464,-3.00261,-0.0699065,405
-33.2665,-40.6264,0.772937,-2.98252,0.0200824,406
-33.3153,-41.3453,0.72055,-3.06859,-0.086071,407
-33.4189,-41.9737,0.636841,-2.97302,0.0955714,408
-33.4189,-41.9737,0,-3.03336,-0.0603348,409
-33.4362,-42.6876,0.714093,-3.11212,-0.0787594,410
-33.496,-43.4836,0.798308,-3.06143,0.0506831,411
-33.4931,-44.2203,0.736658,-3.1402,-0.0787668,412
-33.4785,-44.928,0.707886,3.12618,6.26638,413
-33.3734,-45.6506,0.730155,3.00233,-0.123842,414
-33.2915,-46.4444,0.798001,3.04408,0.0417481,415
-33.2135,-47.2213,0.78088,3.04675,0.00267167,416
-33.2468,-47.9394,0.718813,-3.09007,-6.13682,417
-33.2052,-48.765,0.826653,3.09651,6.18658,418
-33.188,-49.639,0.874211,3.12718,0.0306658,419
-33.0913,-50.3576,0.725062,3.01298,-0.114198,420
-33.0279,-51.1743,0.819107,3.0694,0.0564143,421
-32.9312,-51.8539,0.686446,3.00557,-0.0638313,422
-32.8452,-52.6141,0.765083,3.0341,0.0285337,423
-32.7249,-53.3029,0.699197,2.97394,-0.0601567,424
-32.6514,-54.0834,0.78397,3.05299,0.0790478,425
-32.5087,-54.8096,0.740098,2.95275,-0.100242,426
-32.4226,-55.5649,0.760187,3.03337,0.0806199,427
-32.3013,-56.2415,0.687413,2.96941,-0.0639541,428
-32.235,-56.8507,0.612779,3.03846,0.0690425,429
-32.235,-56.8507,0,3.06175,0.0232885,430
-32.1095,-57.4687,0.630604,2.94644,-0.11531,431
-32.0401,-58.232,0.766472,3.05613,0.109689,432
-31.9699,-58.8392,0.611256,3.03171,-0.0244125,433
-31.9699,-58.8392,0,2.9656,-0.0661173,434
-31.8794,-59.58,0.746261,3.02522,0.0596277,435
-31.8141,-60.2865,0.709507,3.05468,0.0294586,436
-31.8073,-61.0622,0.775745,3.13804,0.0833621,437
-31.8463,-61.7612,0.700082,-3.08048,-6.21853,438
-31.972,-62.5467,0.795559,-2.97771,0.102779,439
-31.9867,-63.2239,0.677352,-3.11471,-0.137005,440
-32.0681,-63.9868,0.767221,-3.03004,0.0846702,441
-32.0729,-64.6513,0.664497,-3.12922,-0.0991764,442
-32.0729,-64.6513,0,-3.13959,-0.0103755,443
-32.1238,-65.4424,0.792761,-3.0721,0.067494,444
-32.1108,-66.1102,0.667907,3.12747,6.19957,445
-32.1735,-66.8876,0.779911,-3.05592,-6.18339,446
-32.1735,-66.8876,0,-3.04176,0.0141519,447
-32.2951,-67.6371,0.759307,-2.97553,0.0662381,448
-32.4937,-68.4492,0.836055,-2.89652,0.0790041,449
-32.655,-69.2197,0.787156,-2.92994,-0.0334141,450
-32.8836,-69.9345,0.750515,-2.82695,0.102987,451
-33.0834,-70.6255,0.71927,-2.85477,-0.0278186,452
-33.3062,-71.4283,0.833181,-2.86571,-0.0109386,453
-33.3723,-72.1298,0.704524,-3.04243,-0.176726,454
-33.6172,-72.9705,0.875689,-2.85284,0.189593,455
-33.7596,-73.7132,0.756223,-2.94695,-0.0941097,456
-33.9037,-74.5062,0.805986,-2.95666,-0.00970698,457
-33.9429,-75.2124,0.707263,-3.08086,-0.124202,458
-34.0028,-75.9959,0.785838,-3.06007,0.0207862,459
-33.9911,-76.6811,0.68529,3.12972,6.18979,460
-33.9911,-76.6811,0,-3.10825,-6.23798,461
-33.9508,-77.4095,0.729548,3.09156,6.19982,462
-33.7801,-78.0583,0.670834,2.8896,-0.201961,463
-33.2471,-78.6332,0.783978,2.39929,-0.490315,464
-32.8423,-79.2852,0.767386,2.59113,0.191837,465
-32.5508,-79.9387,0.715631,2.72725,0.136129,466
-32.9207,-80.7038,0.849805,-2.68601,-5.41326,467
-33.559,-81.3045,0.876512,-2.32067,0.365336,468
-34.1574,-81.667,0.699669,-2.11011,0.210564,469
-34.8759,-82.0783,0.8279,-2.08554,0.0245707,470
-35.5975,-82.383,0.783263,-1.9651,0.120437,471
-36.2586,-82.7495,0.755884,-2.07172,-0.106619,472
-36.8498,-83.1004,0.687517,-2.10129,-0.0295752,473
-37.0278,-83.7346,0.658686,-2.86265,-0.761352,474
-37.0664,-84.5945,0.860772,-3.09158,-0.228934,475
-37.0321,-85.3971,0.803356,3.10415,6.19573,476
-37.0944,-86.1637,0.769081,-3.0552,-6.15935,477
-37.1895,-86.8841,0.726692,-3.00511,0.0500849,478
-37.4225,-87.6237,0.775394,-2.83121,0.173904,479
-37.6755,-88.4279,0.843092,-2.83156,-0.000352581,480
-37.9508,-89.2169,0.83557,-2.8006,0.0309619,481
-38.1295,-89.9118,0.717557,-2.8847,-0.0840982,482
-38.3379,-90.7083,0.823317,-2.88036,0.00433406,483
-38.4399,-91.5056,0.803831,-3.00921,-0.128843,484
-38.5473,-92.3006,0.802201,-3.00208,0.00712324,485
-38.4326,-93.0033,0.711947,2.98507,5.98715,486
-38.1292,-93.7631,0.818213,2.76689,-0.218177,487
-37.7953,-94.5128,0.820655,2.72788,-0.0390118,488
-37.5366,-95.2899,0.819008,2.82548,0.0975994,489
-37.2349,-95.9879,0.760481,2.73878,-0.0866954,490
-36.9765,-96.7437,0.798682,2.81738,0.0785965,491
-36.6967,-97.3956,0.709478,2.74142,-0.0759598,492
-36.4778,-98.0898,0.72786,2.84146,0.100044,493
-36.3103,-98.8003,0.729959,2.91521,0.0737464,494
-36.3907,-99.5585,0.762503,-3.03074,-5.94595,495
-36.4531,-100.332,0.776118,-3.05587,-0.0251267,496
-36.5621,-101.143,0.818258,-3.00265,0.053215,497
-36.6302,-101.922,0.781773,-3.04915,-0.0465009,498
-36.6979,-102.67,0.751034,-3.04609,0.003057,499
-36.6995,-103.367,0.697197,-3.13411,-0.088017,500
-36.808,-104.215,0.855043,-3.00907,0.125044,501
-36.876,-104.99,0.778127,-3.04885,-0.0397791,502
-36.9382,-105.736,0.74779,-3.05318,-0.00432844,503
-36.9491,-106.466,0.730525,-3.12135,-0.0681708,504
-36.9422,-107.281,0.815399,3.13832,6.25966,505
-36.4962,-107.894,0.757527,2.51725,-0.621061,506
-35.9807,-108.579,0.857728,2.50211,-0.015146,507
-35.4981,-109.151,0.748189,2.44582,-0.0562859,508
-35.0305,-109.74,0.752297,2.47609,0.0302677,509
-34.5332,-110.338,0.777828,2.45318,-0.0229068,510
-34.1051,-110.968,0.761028,2.5494,0.0962192,511
-34.1051,-110.968,0,-3.06625,-5.61565,512
-34.2381,-111.731,0.774769,-2.96392,0.102328,513
-34.4138,-112.533,0.821534,-2.92083,0.04309,514
-34.5207,-113.297,0.770568,-2.99711,-0.0762811,515
-34.6571,-114.068,0.783225,-2.96131,0.0358053,516
-34.7602,-114.858,0.797156,-3.0067,-0.0453933,517
-34.9239,-115.667,0.825192,-2.93664,0.0700583,518
-34.9778,-116.41,0.745156,-3.06394,-0.127303,519
-35.0757,-117.21,0.805374,-3.0145,0.0494415,520
-35.1281,-117.987,0.779282,-3.06902,-0.0545147,521
-35.2116,-118.757,0.774845,-3.02843,0.0405862,522
-35.2371,-119.532,0.775156,-3.10343,-0.0750022,523
-35.304,-120.305,0.775651,-3.04999,0.0534439,524
-35.323,-121.057,0.751772,-3.11115,-0.0611589,525
-35.349,-121.803,0.747282,-3.10151,0.00963554,526
-35.2418,-122.44,0.645283,2.97987,6.08139,527
-35.2418,-122.44,0,2.93769,-0.0421825,528
-35.2319,-123.12,0.680393,3.13232,0.194626,529
-34.9587,-123.739,0.677031,2.73149,-0.40083,530
-34.4602,-124.415,0.839745,2.51126,-0.220225,531
-33.9919,-124.974,0.728783,2.4489,-0.0623628,532
-33.5037,-125.657,0.840123,2.52675,0.0778546,533
-33.0225,-126.252,0.764683,2.4662,-0.0605568,534
-32.5937,-126.883,0.763506,2.55047,0.0842695,535
-32.1403,-127.487,0.755205,2.50287,-0.0475921,536
-31.7483,-128.155,0.774218,2.6159,0.113024,537
-31.3481,-128.774,0.737085,2.57291,-0.0429893,538
-30.9942,-129.406,0.724547,2.63654,0.0636303,539
-30.5924,-129.995,0.712619,2.54783,-0.0887122,540
-30.1848,-130.672,0.790145,2.60485,0.0570271,541
-29.7233,-131.329,0.803135,2.53471,-0.0701431,542
-29.4061,-131.952,0.699055,2.67582,0.141106,543
-29.4061,-131.952,0,2.87896,0.203143,544
-29.131,-132.677,0.776043,2.78443,-0.0945334,545
-28.9175,-133.389,0.742641,2.8552,0.0707755,546
-28.6513,-134.08,0.741141,2.77946,-0.0757458,547
-28.4355,-134.819,0.769014,2.86246,0.083,548
-28.1327,-135.478,0.725455,2.71615,-0.146307,549
-27.834,-136.222,0.802092,2.7653,0.0491542,550
-27.518,-136.847,0.700287,2.67856,-0.0867421,551
-27.518,-136.847,0,-2.67081,-5.34937,552
-27.8134,-137.54,0.753604,-2.73351,-0.0627038,553
-28.1268,-138.23,0.757686,-2.7099,0.023616,554
-28.3755,-138.909,0.72323,-2.7854,-0.0755006,555
-28.7117,-139.579,0.748952,-2.67071,0.114684,556
-29.0259,-140.26,0.750066,-2.70422,-0.0335058,557
-29.3993,-140.952,0.786336,-2.64155,0.0626662,558
-29.7249,-141.649,0.769621,-2.69942,-0.0578697,559
-30.0882,-142.388,0.823403,-2.67946,0.0199661,560
-30.4163,-143.11,0.793328,-2.70996,-0.0305008,561
-30.8063,-143.785,0.778998,-2.61207,0.097887,562
-31.1544,-144.447,0.748051,-2.65231,-0.0402355,563
-31.1544,-144.447,0,-1.51715,1.13515,564
-31.9226,-144.372,0.771755,-1.46917,0.0479795,565
-32.6376,-144.292,0.719541,-1.45339,0.015779,566
-33.4121,-144.145,0.788317,-1.37816,0.0752313,567
-34.1418,-143.999,0.74426,-1.36765,0.0105109,568
-34.8348,-143.751,0.735841,-1.22238,0.145266,569
-35.5684,-143.516,0.77046,-1.25491,-0.0325277,570
-35.5684,-143.516,0,-1.97238,-0.717466,571
-36.1155,-143.89,0.662925,-2.16567,-0.193292,572
-36.1155,-143.89,0,-1.85594,0.309728,573
-36.1155,-143.89,0,-1.90148,-0.0455383,574
-36.8383,-144.116,0.757345,-1.86861,0.0328715,575
-37.5246,-144.397,0.741466,-1.95352,-0.0849098,576
-38.2704,-144.662,0.791536,-1.90724,0.0462765,577
-38.9208,-145.038,0.751449,-2.09021,-0.182972,578
-39.5098,-145.501,0.749182,-2.23164,-0.141427,579
-39.5098,-145.501,0,3.0911,5.32274,580
-39.4158,-146.279,0.783889,3.02651,-0.064586,581
-39.3756,-147.05,0.771707,3.09473,0.0682117,582
-39.2606,-147.79,0.749268,2.99271,-0.102013,583
-39.208,-148.595,0.806053,3.08158,0.0888659,584
-39.0903,-149.409,0.822559,3.00321,-0.0783712,585
-39.0466,-150.16,0.752279,3.08881,0.0856062,586
-38.9432,-150.97,0.817255,3.01997,-0.0688406,587
-38.9008,-151.752,0.782796,3.09262,0.0726469,588
-38.8038,-152.497,0.750933,3.01721,-0.0754136,589
-38.7556,-153.259,0.763823,3.08369,0.066484,590
-38.711,-153.958,0.700824,3.0832,-0.000490188,591
-38.6889,-154.728,0.769609,3.11805,0.0348492,592
-38.6189,-155.453,0.728179,3.05064,-0.0674116,593
-38.598,-156.326,0.873403,3.12284,0.0722068,594
-38.5539,-157.018,0.69359,3.08322,-0.0396261,595
-38.5495,-157.868,0.849732,-3.14147,-6.22469,596
-38.4919,-158.621,0.756069,3.07051,6.21198,597
-38.4632,-159.458,0.837446,3.1125,0.0419831,598
-38.415,-160.215,0.75794,3.08322,-0.0292795,599
-38.3958,-161.001,0.785891,3.12245,0.0392357,600
-38.3471,-161.74,0.74094,3.08098,-0.0414769,601
-38.3112,-162.504,0.76491,3.09991,0.0189367,602
-38.2376,-163.218,0.717691,3.04416,-0.0557506,603
-38.1752,-164.013,0.797141,3.06837,0.0242043,604
-38.0983,-164.789,0.780183,3.04816,-0.020207,605
-38.0361,-165.522,0.735922,3.06223,0.0140733,606
-37.9313,-166.2,0.685941,2.99343,-0.068805,607
-37.8412,-166.97,0.77511,3.03039,0.0369581,608
-37.7296,-167.684,0.722906,2.9917,-0.0386881,609
-37.6593,-168.367,0.685978,3.04423,0.0525314,610
-37.6027,-169.009,0.644753,3.0589,0.0146715,611
-37.6027,-169.009,0,-1.48061,-4.53951,612
-38.2652,-168.858,0.679539,-1.3412,0.139405,613
-39.0464,-168.596,0.823812,-1.2425,0.0987033,614
-39.7416,-168.364,0.732849,-1.24366,-0.00116599,615
-40.4584,-167.996,0.806078,-1.09051,0.153157,616
-41.0678,-167.658,0.696645,-1.05978,0.0307281,617
-41.6558,-167.227,0.728837,-0.933467,0.126311,618
-42.2623,-166.783,0.751578,-0.933723,-0.000255761,619
-42.4428,-166.114,0.692963,-0.258263,0.675459,620
-42.4417,-165.368,0.745943,0.00672549,0.264989,621
-42.3914,-164.544,0.82553,0.0662272,0.0595017,622
-42.3808,-163.779,0.765073,0.019099,-0.0471282,623
-42.3321,-163.006,0.774799,0.0681059,0.0490069,624
-42.3279,-162.28,0.726582,0.0109663,-0.0571396,625
-42.2561,-161.449,0.833884,0.0915331,0.0805669,626
-42.2293,-160.778,0.6714,0.0451411,-0.046392,627
-42.1737,-159.946,0.833957,0.0718768,0.0267357,628
-42.1771,-159.197,0.749209,0.000800824,-0.071076,629
-42.1771,-159.197,0,-0.0605761,-0.0613769,630
-42.2368,-158.42,0.779057,-0.0715137,-0.0109376,631
-42.3829,-157.708,0.726768,-0.197163,-0.125649,632
-42.4958,-156.961,0.755679,-0.144766,0.0523969,633
-42.638,-156.244,0.7303,-0.190688,-0.0459217,634
-42.7179,-155.467,0.781546,-0.0971216,0.0935661,635
-42.8578,-154.761,0.719638,-0.190433,-0.0933109,636
-42.9788,-153.847,0.92229,-0.126325,0.0641078,637
-43.1479,-153.106,0.76019,-0.2192,-0.0928752,638
-43.3001,-152.27,0.849273,-0.174864,0.0443362,639
-43.4777,-151.545,0.74675,-0.234908,-0.0600439,640
-43.6483,-150.728,0.834142,-0.200718,0.0341897,641
-43.8282,-150.017,0.733764,-0.242583,-0.0418649,642
-43.9665,-149.274,0.756106,-0.17862,0.0639633,643
-44.1856,-148.524,0.780838,-0.279199,-0.100579,644
-44.3275,-147.765,0.772009,-0.179675,0.0995237,645
-44.4595,-147.05,0.727437,-0.177217,0.00245819,646
-44.4595,-147.05,0,0.473517,0.650734,647
-44.0528,-146.384,0.780241,0.553603,0.0800865,648
-43.6938,-145.74,0.736925,0.513993,-0.0396107,649
-43.2776,-145.101,0.763344,0.581987,0.0679941,650
-42.8842,-144.485,0.730575,0.573869,-0.00811823,651
-42.3921,-143.874,0.784597,0.683234,0.109365,652
-41.9302,-143.331,0.713147,0.709703,0.0264691,653
-41.3776,-142.842,0.737861,0.851725,0.142022,654
-40.8176,-142.324,0.76239,0.830192,-0.0215334,655
-40.1885,-141.778,0.833431,0.860664,0.0304729,656
-39.6478,-141.251,0.754837,0.803698,-0.0569661,657
-39.0581,-140.762,0.765749,0.884248,0.0805499,658
-38.4665,-140.26,0.776321,0.871752,-0.0124965,659
-37.8523,-139.815,0.758464,0.948973,0.077221,660
-37.2368,-139.35,0.77102,0.929758,-0.0192148,661
-36.5964,-138.967,0.74638,1.03639,0.106637,662
-36.0066,-138.613,0.687692,1.03594,-0.000459044,663
-35.2859,-138.53,0.725489,1.46147,0.425532,664
-34.5726,-138.449,0.717949,1.46212,0.000651191,665
-33.7734,-138.414,0.799929,1.53277,0.0706507,666
-33.009,-138.342,0.767826,1.48169,-0.0510837,667
-32.2897,-138.349,0.71935,1.58584,0.104156,668
-31.5548,-138.372,0.735306,1.60811,0.0222648,669
-30.8052,-138.473,0.756249,1.70937,0.101265,670
-29.9804,-138.528,0.826661,1.64238,-0.0669893,671
-29.2177,-138.631,0.769727,1.71097,0.0685844,672
-28.4167,-138.672,0.801944,1.62644,-0.0845296,673
-27.6613,-138.775,0.762428,1.7116,0.0851588,674
-26.8805,-138.854,0.784737,1.67668,-0.0349182,675
-26.1411,-139.024,0.758716,1.80206,0.125385,676
-25.6506,-139.524,0.700354,2.37084,0.568773,677
-25.6506,-139.524,0,2.86945,0.498617,678
-25.4731,-140.232,0.72999,2.90121,0.0317524,679
-25.205,-140.886,0.706979,2.75798,-0.143222,680
-24.915,-141.628,0.796635,2.77422,0.0162388,681
-24.6,-142.27,0.715347,2.69079,-0.0834332,682
-24.3392,-143.012,0.786902,2.80897,0.118181,683
-24.0734,-143.702,0.738546,2.77871,-0.0302595,684
-23.8607,-144.496,0.822465,2.88522,0.106505,685
-23.6568,-145.194,0.727232,2.8627,-0.0225188,686
-23.4786,-145.997,0.822513,2.92847,0.0657754,687
-23.2698,-146.708,0.74094,2.86117,-0.0673022,688
-23.0423,-147.528,0.851192,2.87627,0.0150969,689
-22.8246,-148.24,0.744211,2.84983,-0.0264383,690
-22.6548,-149.002,0.780964,2.92769,0.0778613,691
-22.4427,-149.712,0.741218,2.85666,-0.0710307,692
-22.2639,-150.458,0.766767,2.91147,0.0548087,693
-21.9947,-151.131,0.725214,2.76658,-0.144885,694
-21.7443,-151.855,0.765581,2.8136,0.0470168,695
-21.4518,-152.572,0.774842,2.75965,-0.0539496,696
-21.1714,-153.372,0.847584,2.80969,0.0500424,697
-20.9189,-154.083,0.754521,2.80566,-0.00403582,698
-20.7123,-154.853,0.796743,2.88447,0.0788124,699
-20.4905,-155.566,0.747225,2.84545,-0.0390177,700
-20.319,-156.372,0.824173,2.93722,0.0917656,701
-20.1293,-157.027,0.681207,2.86464,-0.0725766,702
-19.9482,-157.822,0.815506,2.92291,0.0582694,703
-19.7466,-158.472,0.680678,2.84611,-0.0768002,704
-19.568,-159.182,0.732533,2.90049,0.0543844,705
-19.2444,-159.732,0.638072,2.61504,-0.285458,706
-18.8562,-160.248,0.645315,2.50138,-0.11366,707
-18.4363,-160.846,0.731043,2.53485,0.0334748,708
-18.0245,-161.513,0.783419,2.59345,0.0586022,709
-17.5445,-162.119,0.773293,2.47712,-0.116334,710
-17.1263,-162.789,0.78969,2.58868,0.111563,711
-16.6455,-163.39,0.770111,2.47268,-0.116003,712
-16.172,-164.033,0.798138,2.5117,0.0390208,713
-15.6654,-164.656,0.802733,2.46379,-0.0479156,714
-15.2142,-165.314,0.798394,2.5463,0.0825177,715
-14.7322,-165.892,0.752596,2.4517,-0.0946081,716
-14.2481,-166.529,0.799785,2.49672,0.0450187,717
-13.7125,-167.107,0.787964,2.39942,-0.0972936,718
-13.2056,-167.752,0.820089,2.48052,0.0811024,719
-12.6203,-168.355,0.840959,2.3771,-0.103426,720
-12.1539,-168.921,0.733245,2.45741,0.0803086,721
-11.6176,-169.352,0.687594,2.25225,-0.205155,722
-11.015,-169.895,0.811793,2.31026,0.0580066,723
-10.3185,-170.244,0.779035,2.04041,-0.269843,724
-9.59705,-170.669,0.837092,2.10797,0.0675578,725
-8.8606,-171.004,0.809157,2.00318,-0.104795,726
-8.078,-171.366,0.862054,2.00875,0.0055692,727
-7.4115,-171.641,0.721155,1.96786,-0.0408828,728
-6.62034,-172.02,0.877459,2.02326,0.0553999,729
-5.93686,-172.293,0.735927,1.95585,-0.0674097,730
-5.24341,-172.608,0.761443,2.00183,0.0459776,731
-4.59993,-172.824,0.678831,1.90018,-0.101657,732
-3.81687,-173.148,0.847416,1.96828,0.0681087,733
-3.10788,-173.343,0.735445,1.84506,-0.123228,734
-2.46641,-173.591,0.687598,1.94439,0.0993343,735
-1.65457,-173.72,0.822031,1.73371,-0.210684,736
-0.886264,-173.741,0.76859,1.60305,-0.130654,737
-0.110828,-173.663,0.779365,1.47557,-0.12748,738
0.704246,-173.643,0.815307,1.55214,0.076565,739
1.44552,-173.582,0.743778,1.494,-0.0581336,740
2.17805,-173.585,0.73253,1.57957,0.0855642,741
2.77502,-173.893,0.671635,2.05204,0.472474,742
2.77502,-173.893,0,2.30911,0.257068,743
3.37039,-174.454,0.817923,2.33155,0.0224431,744
3.93372,-174.962,0.758914,2.31037,-0.0211865,745
4.44737,-175.511,0.751963,2.39487,0.0844983,746
5.00289,-176.045,0.770598,2.34172,-0.0531407,747
5.5489,-176.648,0.813491,2.41102,0.0692984,748
6.03615,-177.178,0.719907,2.40338,-0.00764009,749
6.3183,-177.832,0.712186,2.73948,0.336098,750
6.3183,-177.832,0,2.79369,0.0542103,751
6.3183,-177.832,0,2.77742,-0.0162727,752
6.59233,-178.696,0.906176,2.83962,0.0622008,753
6.95728,-179.577,0.953979,2.75426,-0.0853595,754
7.28236,-180.563,1.03834,2.8284,0.07414,755
7.78113,-181.74,1.27746,2.74572,-0.0826818,756
8.06861,-182.318,0.645834,2.68551,-0.0602028,757
8.56031,-183.215,1.02301,2.64544,-0.0400726,758
8.91299,-183.879,0.752065,2.65873,0.0132835,759
9.3273,-184.698,0.917492,2.67832,0.0195901,760
9.71616,-185.441,0.839105,2.66497,-0.0133427,761
10.1687,-186.472,1.12511,2.73293,0.0679527,762
10.6547,-187.382,1.03241,2.65669,-0.0762333,763
11.0605,-188.22,0.930485,2.69546,0.0387717,764
11.5659,-189.167,1.07336,2.65661,-0.0388592,765
12.0127,-190.003,0.94825,2.65619,-0.000417484,766
12.5444,-190.814,0.970169,2.56676,-0.0894323,767
13.0489,-191.146,0.60387,2.15811,-0.408642,768
13.7967,-191.082,0.750605,1.49072,-0.667397,769
14.548,-190.706,0.840216,1.11161,-0.379104,770
14.8856,-190.084,0.707664,0.502538,-0.609075,771
15.1247,-189.222,0.894537,0.275901,-0.226636,772
14.9952,-188.456,0.776763,-0.162284,-0.438186,773
14.9205,-187.699,0.760825,-0.0931171,0.0691671,774
14.8813,-186.832,0.867727,-0.0399526,0.0531644,775
14.7876,-185.927,0.909938,-0.0979293,-0.0579767,776
14.7225,-185.289,0.641151,-0.0964982,0.00143116,777
14.6489,-184.632,0.66192,-0.106229,-0.00973112,778
14.5983,-183.664,0.968879,-0.0469806,0.0592487,779
14.543,-182.664,1.00163,-0.049961,-0.00298048,780
14.5575,-181.839,0.825538,0.022719,0.0726801,781
14.6086,-181.228,0.613061,0.0886651,0.065946,782
14.6086,-181.228,0,0.448043,0.359378,783
14.9696,-180.536,0.78033,0.486304,0.0382613,784
15.504,-179.724,0.972186,0.587138,0.100834,785
15.504,-179.724,0,0.70065,0.113512,786
16.0432,-179.293,0.690027,0.902215,0.201565,787
16.6724,-178.799,0.800159,0.910132,0.00791746,788
17.2809,-178.445,0.703754,1.04973,0.139602,789
17.9083,-178.123,0.705486,1.10115,0.0514131,790
18.7287,-177.987,0.831453,1.41256,0.311412,791
19.4106,-177.892,0.688575,1.43671,0.024155,792
20.1471,-178.009,0.745663,1.73336,0.296644,793
20.8179,-178.246,0.711782,1.91672,0.183359,794
21.3775,-178.614,0.66931,2.15675,0.240031,795
21.9991,-179.036,0.751315,2.1726,0.0158483,796
22.5131,-179.509,0.698609,2.31989,0.147294,797
23.1019,-180.026,0.783693,2.2968,-0.0230942,798
23.6336,-180.563,0.755835,2.36667,0.0698746,799
24.2512,-181.06,0.792689,2.25346,-0.113211,800
24.8428,-181.618,0.813085,2.33214,0.0786832,801
25.4555,-182.083,0.769477,2.22574,-0.1064,802
25.9906,-182.563,0.718517,2.30652,0.0807719,803
26.621,-183.094,0.824409,2.27641,-0.0301093,804
27.1478,-183.639,0.757887,2.37828,0.101878,805
27.7414,-184.156,0.786969,2.29217,-0.0861152,806
28.3382,-184.748,0.84054,2.35735,0.0651795,807
28.9202,-185.257,0.773285,2.29472,-0.0626311,808
29.4317,-185.835,0.772147,2.42286,0.128145,809
30.0423,-186.36,0.805141,2.28595,-0.136913,810
30.5394,-186.861,0.705492,2.36494,0.0789877,811
31.1408,-187.405,0.811479,2.31215,-0.0527828,812
31.6668,-187.935,0.746439,2.36488,0.0527219,813
32.2748,-188.485,0.819903,2.31138,-0.0534986,814
32.8116,-189.031,0.765288,2.36942,0.0580477,815
33.2948,-189.508,0.679672,2.35599,-0.0134313,816
33.7796,-190.11,0.77256,2.46855,0.112555,817
33.7796,-190.11,0,2.78647,0.317921,818
33.7796,-190.11,0,2.92407,0.137604,819
33.87,-190.845,0.740928,3.02445,0.100378,820
33.8957,-191.589,0.74421,3.11232,0.0878675,821
33.9649,-192.386,0.800308,3.06019,-0.0521295,822
33.9449,-193.205,0.818437,-3.11188,-6.17206,823
34.0174,-194.074,0.87201,3.06357,6.17544,824
34.0166,-194.849,0.775617,-3.13525,-6.19881,825
34.0822,-195.618,0.771654,3.06168,6.19693,826
34.0906,-196.353,0.734905,3.13544,0.0737536,827
34.166,-197.119,0.76976,3.04864,-0.0867957,828
34.1708,-197.826,0.706483,3.14008,0.091436,829
34.2472,-198.563,0.740958,3.04348,-0.0965954,830
34.2668,-199.337,0.774552,3.12162,0.0781402,831
34.358,-200.088,0.756641,3.02591,-0.095714,832
34.397,-200.855,0.768242,3.09608,0.0701748,833
34.4708,-201.565,0.713272,3.04317,-0.0529106,834
34.5118,-202.334,0.770399,3.09358,0.0504096,835
34.6603,-203.063,0.744151,2.94591,-0.147667,836
34.7378,-203.813,0.753527,3.04384,0.0979222,837
34.8696,-204.543,0.741847,2.9682,-0.075636,838
34.9378,-205.325,0.785355,3.05994,0.0917373,839
35.0715,-206.024,0.711966,2.95785,-0.102084,840
35.1659,-206.749,0.731154,3.01742,0.0595622,841
35.3282,-207.527,0.794041,2.94088,-0.0765395,842
35.421,-208.375,0.853022,3.03787,0.0969937,843
35.5708,-209.073,0.714156,2.93551,-0.102358,844
35.6675,-209.903,0.835551,3.03088,0.0953662,845
35.8568,-210.646,0.766838,2.89735,-0.133532,846
35.9549,-211.425,0.785036,3.02153,0.124186,847
36.0961,-212.101,0.690781,2.94097,-0.0805664,848
36.2032,-212.836,0.74317,3.00224,0.0612711,849
36.3771,-213.605,0.787951,2.92429,-0.0779491,850
36.5133,-214.381,0.787807,2.97312,0.0488346,851
36.6778,-215.154,0.789982,2.93702,-0.0361008,852
36.7795,-215.936,0.78914,3.01752,0.080497,853
36.9504,-216.695,0.778116,2.9254,-0.0921172,854
37.0872,-217.454,0.770771,2.96849,0.0430865,855
37.2665,-218.224,0.790761,2.91802,-0.0504648,856
37.3947,-218.99,0.776384,2.98097,0.0629475,857
37.5957,-219.693,0.731642,2.86857,-0.1124,858
37.7883,-220.404,0.73602,2.88197,0.0133978,859
38.2827,-220.812,0.641591,2.26711,-0.614856,860
39.0374,-221.431,0.976019,2.26288,-0.00422785,861
39.6073,-221.843,0.703205,2.20203,-0.0608541,862
40.2519,-222.371,0.833147,2.26213,0.0601039,863
40.863,-222.859,0.782001,2.2498,-0.0123392,864
41.4613,-223.388,0.798275,2.29956,0.0497672,865
42.0438,-223.821,0.725923,2.2156,-0.083964,866
42.6203,-224.305,0.752962,2.27474,0.0591429,867
43.22,-224.771,0.759291,2.23621,-0.0385341,868
43.7799,-225.23,0.724274,2.2632,0.026992,869
44.4343,-225.713,0.813312,2.21199,-0.0512105,870
45.0322,-226.208,0.776155,2.26741,0.0554197,871
45.6248,-226.636,0.730849,2.20127,-0.0661372,872
46.2573,-227.184,0.836927,2.29005,0.0887765,873
46.8449,-227.611,0.726206,2.20396,-0.086087,874
47.47,-228.143,0.821097,2.28167,0.077713,875
48.0709,-228.597,0.752788,2.2225,-0.0591753,876
48.6519,-229.102,0.769956,2.29172,0.0692212,877
49.1055,-229.625,0.692656,2.43274,0.141016,878
48.8347,-230.373,0.794951,-2.78874,-5.22148,879
48.8347,-230.373,0,-2.45128,0.33746,880
48.3663,-230.917,0.717894,-2.42542,0.0258638,881
47.7862,-231.398,0.753777,-2.25822,0.167202,882
47.2877,-231.849,0.672286,-2.30107,-0.0428583,883
47.2877,-231.849,0,-2.21183,0.089249,884
46.7278,-232.463,0.830912,-2.39691,-0.185081,885
46.7278,-232.463,0,-2.29007,0.106841,886
46.7278,-232.463,0,-2.32131,-0.0312477,887
46.2715,-233.144,0.819634,-2.54594,-0.224623,888
45.8618,-233.632,0.637121,-2.43791,0.108022,889
45.4175,-234.279,0.784777,-2.53451,-0.0965989,890
44.9872,-234.777,0.658704,-2.42448,0.110036,891
44.9872,-234.777,0,-2.84089,-0.416415,892
44.8513,-235.391,0.628166,-2.91835,-0.0774571,893
44.6821,-236.017,0.648638,-2.87237,0.0459772,894
44.6821,-236.017,0,-2.91196,-0.0395891,895
44.6821,-236.017,0,-2.94722,-0.0352552,896
44.6821,-236.017,0,-2.69622,0.250999,897
44.3646,-236.678,0.732953,-2.68841,0.00780718,898
43.9479,-237.304,0.752566,-2.54951,0.138902,899
43.4844,-237.893,0.749616,-2.46972,0.079787,900
42.9263,-238.336,0.711999,-2.23569,0.234028,901
42.3661,-238.793,0.723341,-2.25031,-0.014612,902
41.7312,-239.245,0.779163,-2.18408,0.0662234,903
41.2185,-239.694,0.681523,-2.28479,-0.100707,904
40.666,-240.062,0.664025,-2.15346,0.131325,905
40.666,-240.062,0,-2.1106,0.042865,906
40.0818,-240.376,0.66314,-2.05846,0.0521416,907
39.3857,-240.639,0.7443,-1.92745,0.131004,908
38.6925,-240.943,0.756611,-1.97795,-0.0504951,909
37.962,-241.2,0.774493,-1.90435,0.0735943,910
37.2894,-241.477,0.727256,-1.95563,-0.0512773,911
36.5644,-241.718,0.764268,-1.88761,0.0680186,912
35.8958,-241.975,0.716292,-1.93238,-0.0447708,913
35.2065,-242.158,0.71298,-1.82411,0.108272,914
34.4863,-242.438,0.772905,-1.937,-0.112891,915
33.811,-242.664,0.712247,-1.8888,0.0482057,916
33.1184,-242.943,0.746623,-1.94838,-0.0595827,917
32.4726,-243.176,0.686406,-1.91145,0.0369278,918
31.8203,-243.428,0.699258,-1.93393,-0.0224766,919
31.8203,-243.428,0,-1.94596,-0.0120354,920
31.0539,-243.707,0.815631,-1.91494,0.0310224,921
30.3864,-243.952,0.71102,-1.91714,-0.0021995,922
29.6954,-244.195,0.732564,-1.9042,0.012939,923
29.0302,-244.459,0.715575,-1.94301,-0.0388102,924
28.2977,-244.649,0.756876,-1.8199,0.123111,925
27.586,-244.887,0.750238,-1.88725,-0.0673527,926
26.8385,-245.06,0.767263,-1.79323,0.0940239,927
26.1258,-245.281,0.746106,-1.86594,-0.0727121,928
25.364,-245.474,0.786077,-1.81452,0.0514272,929
24.6506,-245.722,0.755171,-1.89999,-0.0854735,930
23.962,-245.931,0.719594,-1.85983,0.0401594,931
23.962,-245.931,0,-1.15724,0.702585,932
23.297,-245.616,0.735916,-1.1229,0.0343474,933
22.6324,-245.338,0.720423,-1.1694,-0.0465016,934
21.8956,-244.94,0.837188,-1.07079,0.0986071,935
21.2238,-244.651,0.731224,-1.15943,-0.0886367,936
20.4496,-244.279,0.85912,-1.1172,0.0422258,937
19.7476,-244.016,0.749527,-1.20764,-0.0904363,938
19.0314,-243.76,0.760654,-1.22177,-0.0141345,939
18.3315,-243.646,0.709232,-1.40384,-0.18207,940
17.6666,-243.972,0.740698,-2.02186,-0.618017,941
17.1253,-244.481,0.74302,-2.32031,-0.298452,942
16.4816,-244.991,0.821402,-2.23574,0.0845719,943
15.9173,-245.474,0.742507,-2.27321,-0.0374677,944
15.2391,-245.992,0.853272,-2.21764,0.0555697,945
14.6688,-246.452,0.732977,-2.2447,-0.0270625,946
14.0192,-246.876,0.775909,-2.14409,0.10061,947
13.374,-247.362,0.80743,-2.21067,-0.0665834,948
12.7218,-247.771,0.769683,-2.12543,0.0852455,949
12.0787,-248.202,0.774311,-2.15627,-0.0308401,950
11.4271,-248.501,0.716844,-1.9956,0.160673,951
10.6436,-248.628,0.793781,-1.72625,0.269347,952
10.6436,-248.628,0,-0.96183,0.764419,953
10.1594,-248.082,0.72994,-0.720034,0.241796,954
9.69279,-247.48,0.760952,-0.654846,0.0651879,955
9.3748,-246.756,0.790802,-0.408592,0.246254,956
9.09143,-245.933,0.871028,-0.32612,0.0824718,957
8.86918,-245.333,0.639949,-0.349443,-0.0233225,958
8.86918,-245.333,0,-0.350967,-0.00152386,959
8.54686,-244.707,0.703625,-0.470599,-0.119632,960
8.18038,-243.919,0.869145,-0.430041,0.0405583,961
7.84396,-243.342,0.667808,-0.522718,-0.092677,962
7.54061,-242.712,0.699059,-0.443628,0.0790891,963
7.54061,-242.712,0,-0.827255,-0.383627,964
6.94606,-242.306,0.720109,-0.966094,-0.138839,965
6.35928,-241.839,0.749711,-0.893714,0.0723803,966
5.74068,-241.435,0.738814,-0.987068,-0.0933542,967
5.16187,-240.952,0.75433,-0.869412,0.117657,968
4.5709,-240.552,0.713235,-0.971327,-0.101915,969
3.9859,-240.038,0.77908,-0.844159,0.127168,970
3.44857,-239.638,0.670094,-0.925189,-0.0810295,971
2.9047,-239.134,0.741342,-0.81841,0.106779,972
2.27534,-238.727,0.749321,-0.991876,-0.173466,973
1.74328,-238.321,0.669212,-0.913868,0.0780078,974
1.10213,-237.877,0.779766,-0.960088,-0.0462208,975
0.524759,-237.403,0.747506,-0.87737,0.0827184,976
-0.00253237,-237.046,0.63627,-0.971584,-0.094214,977
-0.641522,-236.514,0.831987,-0.870521,0.101063,978
-1.17772,-236.092,0.682417,-0.89865,-0.0281284,979
-1.75131,-235.559,0.782447,-0.817589,0.0810605,980
-2.3072,-235.125,0.705421,-0.902368,-0.0847787,981
-2.8451,-234.593,0.756317,-0.78597,0.116398,982
-3.33103,-234.139,0.665038,-0.814089,-0.0281191,983
-3.89169,-233.622,0.76294,-0.820228,-0.00613816,984
-4.45705,-233.219,0.694111,-0.946659,-0.126431,985
-4.45705,-233.219,0,-1.87705,-0.930388,986
-5.0571,-233.469,0.649777,-1.95933,-0.0822839,987
-5.70013,-233.696,0.681902,-1.90485,0.0544846,988
-6.31164,-234.016,0.690287,-2.04796,-0.143116,989
-6.92848,-234.245,0.658055,-1.92138,0.126586,990
-7.61424,-234.6,0.772368,-2.04366,-0.122282,991
-8.15673,-234.868,0.605049,-2.02432,0.019334,992
-8.49983,-235.396,0.629188,-2.5596,-0.535278,993
-8.9437,-236.17,0.892551,-2.61587,-0.0562674,994
-9.19036,-236.848,0.7217,-2.78755,-0.17168,995
-9.53028,-237.624,0.847113,-2.72346,0.0640929,996
-9.76566,-238.237,0.656733,-2.7698,-0.046344,997
-10.0934,-238.895,0.734888,-2.67409,0.0957113,998
-10.3421,-239.552,0.702402,-2.77447,-0.100379,999
-10.713,-240.231,0.773449,-2.63614,0.138328,1000
-11.0606,-240.883,0.739149,-2.64684,-0.0107028,1001
-11.5077,-241.481,0.746593,-2.49433,0.152508,1002
-12.0179,-242.088,0.793038,-2.43751,0.0568244,1003
-12.7167,-242.626,0.881869,-2.22161,0.215902,1004
-13.2976,-243.171,0.796491,-2.31891,-0.0973035,1005
-14.0918,-243.586,0.896019,-2.04692,0.271993,1006
-14.8325,-243.952,0.826275,-2.02471,0.0222027,1007
-15.5815,-244.225,0.797072,-1.91465,0.110069,1008
-16.245,-244.554,0.740663,-2.02602,-0.111376,1009
-16.9277,-244.859,0.74797,-1.98638,0.0396424,1010
-17.4778,-245.151,0.622515,-2.05283,-0.0664488,1011
-18.2214,-245.468,0.808585,-1.96924,0.0835852,1012
-18.8169,-245.788,0.67579,-2.05784,-0.088592,1013
-19.5577,-246.064,0.790727,-1.92297,0.134863,1014
-20.1991,-246.327,0.693037,-1.95403,-0.0310531,1015
-20.974,-246.627,0.831098,-1.93535,0.0186766,1016
-21.6341,-246.948,0.733758,-2.01739,-0.0820458,1017
-22.3488,-247.255,0.777873,-1.97166,0.0457347,1018
-23.0325,-247.644,0.786648,-2.08267,-0.111012,1019
-23.7669,-247.972,0.804372,-1.98585,0.0968238,1020
-24.3828,-248.253,0.67695,-1.99347,-0.00761975,1021
-25.101,-248.532,0.770471,-1.93628,0.057191,1022
-25.8085,-248.84,0.771848,-1.97661,-0.0403314,1023
-26.5116,-249.1,0.749371,-1.9189,0.0577053,1024
-27.1908,-249.385,0.736711,-1.96318,-0.044282,1025
-27.8602,-249.621,0.709855,-1.90505,0.0581344,1026
-28.4996,-249.933,0.711477,-2.01955,-0.114498,1027
-29.1924,-250.206,0.744637,-1.94082,0.0787259,1028
-29.8632,-250.537,0.74802,-2.0239,-0.0830745,1029
-30.6011,-250.843,0.798531,-1.95795,0.0659485,1030
-31.2591,-251.149,0.726086,-2.00176,-0.0438083,1031
-31.9596,-251.403,0.744819,-1.91261,0.0891502,1032
-32.6144,-251.71,0.723488,-2.00466,-0.0920543,1033
-33.3861,-251.982,0.818304,-1.90457,0.10009,1034
-34.0367,-252.271,0.711446,-1.98248,-0.0779073,1035
-34.765,-252.538,0.776017,-1.91805,0.0644316,1036
-35.4377,-252.868,0.749182,-2.02131,-0.103267,1037
-36.2657,-253.185,0.886667,-1.9312,0.0901121,1038
-36.8699,-253.461,0.664253,-1.99405,-0.0628512,1039
-37.595,-253.724,0.771054,-1.9127,0.0813546,1040
-38.3024,-254.052,0.7799,-2.00005,-0.0873541,1041
-39.0325,-254.345,0.786887,-1.9478,0.0522523,1042
-39.752,-254.686,0.796003,-2.00775,-0.0599552,1043
-40.4493,-255.021,0.773545,-2.01315,-0.00539134,1044
-40.9923,-255.473,0.706838,-2.26037,-0.247229,1045
-41.5223,-256.151,0.85996,-2.47234,-0.211963,1046
-41.7016,-256.904,0.774511,-2.90272,-0.430385,1047
-41.9388,-257.693,0.824354,-2.84449,0.0582297,1048
-42.1182,-258.375,0.704932,-2.87894,-0.0344484,1049
-42.3628,-259.148,0.811061,-2.83003,0.0489146,1050
-42.5379,-259.9,0.771345,-2.90736,-0.0773366,1051
-42.7475,-260.637,0.766628,-2.85943,0.0479366,1052
-42.912,-261.348,0.729234,-2.90878,-0.0493521,1053
-43.0996,-262.134,0.808731,-2.90235,0.00642899,1054
-43.1981,-262.836,0.708971,-2.99688,-0.094534,1055
-43.3173,-263.651,0.823481,-2.99115,0.00573046,1056
-42.9932,-264.342,0.763138,2.70825,5.69941,1057
-42.5866,-265.011,0.782972,2.60076,-0.107495,1058
-42.2647,-265.617,0.686116,2.65842,0.0576641,1059
-41.9292,-266.378,0.83201,2.73185,0.0734247,1060
-41.5898,-266.988,0.697467,2.63865,-0.0931931,1061
-41.2351,-267.777,0.865215,2.72443,0.0857731,1062
-40.892,-268.424,0.731982,2.65898,-0.0654512,1063
-40.5612,-269.19,0.834944,2.73948,0.0805018,1064
-40.2263,-269.82,0.713192,2.65802,-0.0814623,1065
-39.8872,-270.568,0.821621,2.72131,0.063294,1066
-39.5598,-271.206,0.71689,2.67256,-0.0487509,1067
-39.2664,-271.928,0.77921,2.76079,0.0882295,1068
-38.915,-272.579,0.739822,2.65185,-0.108936,1069
-38.5928,-273.331,0.818649,2.74229,0.090438,1070
-38.2652,-274,0.744392,2.6912,-0.0510937,1071
-37.9667,-274.748,0.8052,2.76703,0.0758366,1072
-37.6382,-275.45,0.775452,2.70935,-0.0576861,1073
-37.359,-276.17,0.771819,2.77677,0.0674229,1074
-37.0247,-276.883,0.787717,2.70848,-0.0682935,1075
-36.7366,-277.617,0.788791,2.77296,0.0644793,1076
-36.4236,-278.268,0.722497,2.69873,-0.0742253,1077
-36.1642,-278.951,0.730599,2.78392,0.0851897,1078
-35.8059,-279.637,0.77348,2.66517,-0.118747,1079
-35.4365,-280.397,0.845161,2.69452,0.0293488,1080
-35.0952,-281.045,0.732277,2.66186,-0.0326623,1081
-34.7947,-281.752,0.768528,2.74524,0.0833799,1082
-34.4703,-282.412,0.73541,2.68998,-0.0552616,1083
-34.1674,-283.167,0.813459,2.76529,0.0753118,1084
-33.8723,-283.797,0.695321,2.70852,-0.0567685,1085
-33.5941,-284.583,0.834377,2.80681,0.0982859,1086
-33.3044,-285.225,0.704172,2.72286,-0.0839419,1087
-32.9995,-286.002,0.834672,2.77284,0.0499767,1088
-32.7031,-286.637,0.700551,2.70997,-0.0628683,1089
-32.4167,-287.352,0.7705,2.76599,0.0560123,1090
-32.073,-287.988,0.722836,2.65142,-0.114565,1091
-31.7317,-288.696,0.786,2.69763,0.0462106,1092
-31.4538,-289.402,0.758799,2.77176,0.074132,1093
-31.4684,-290.222,0.819395,-3.11847,-5.89023,1094
-31.5158,-291.012,0.792267,-3.07653,0.0419434,1095
-31.6875,-291.729,0.736573,-2.90108,0.175447,1096
-31.7728,-292.328,0.605178,-2.99498,-0.0939034,1097
