0,0,0,0.191155,0,1
0.109801,0.655394,0.664528,0.171228,-0.0199266,2
0.303511,1.42012,0.788875,0.253325,0.0820971,3
0.439873,2.10985,0.703089,0.20042,-0.0529059,4
0.556769,2.84968,0.749008,0.161945,-0.038475,5
0.646684,3.65165,0.806995,0.116888,-0.0450571,6
0.723741,4.41115,0.763392,0.106348,-0.0105395,7
0.761401,5.1955,0.785254,0.0532135,-0.0531347,8
0.843658,5.9956,0.804317,0.107685,0.0544716,9
0.876334,6.73884,0.743959,0.0491724,-0.0585127,10
0.940957,7.46009,0.724142,0.0945953,0.0454229,11
0.97789,8.28163,0.822365,0.0501616,-0.0444337,12
1.04737,9.08622,0.807592,0.091371,0.0412095,13
1.06257,9.84315,0.757077,0.0253218,-0.0660492,14
1.1204,10.5774,0.736522,0.0838321,0.0585103,15
1.12714,11.3605,0.783107,0.0138442,-0.0699879,16
1.14152,12.166,0.80566,0.0230897,0.00924552,17
1.13152,12.9826,0.816623,-0.00701041,-0.0301001,18
1.17132,13.7473,0.765766,0.0572331,0.0642435,19
1.19674,14.5165,0.769621,0.0382635,-0.0189696,20
1.24329,15.2589,0.743833,0.0678603,0.0295969,21
1.23037,16.0122,0.753446,-0.0119166,-0.079777,22
1.25789,16.7723,0.760613,0.0414247,0.0533413,23
1.24107,17.5656,0.793479,-0.0159557,-0.0573804,24
1.27028,18.3764,0.811269,0.0412446,0.0572003,25
1.22667,19.1177,0.742576,-0.0535225,-0.0947671,26
1.23818,19.8961,0.778569,0.0200258,0.0735483,27
1.23652,20.6954,0.799207,0.00315003,-0.0168758,28
1.28663,21.3716,0.678085,0.0792027,0.0760526,29
1.3234,22.0944,0.723705,0.056074,-0.0231286,30
1.41997,22.9178,0.829061,0.121975,0.0659009,31
1.51754,23.6843,0.772684,0.131851,0.00987653,32
1.61766,24.5068,0.828579,0.12637,-0.00548167,33
1.68526,25.2532,0.74945,0.0955561,-0.0308137,34
1.78039,26.0315,0.784102,0.126859,0.031303,35
1.83964,26.7899,0.760739,0.0831927,-0.0436663,36
1.94927,27.5952,0.812742,0.140539,0.0573467,37
2.02507,28.3098,0.718602,0.110921,-0.0296181,38
2.13781,29.0055,0.704715,0.165907,0.0549861,39
2.24323,29.7855,0.787153,0.139554,-0.0263532,40
2.38768,30.5251,0.753603,0.198117,0.058563,41
2.50624,31.1971,0.682344,0.179873,-0.0182445,42
2.64488,31.9515,0.767004,0.186995,0.00712181,43
2.7472,32.6808,0.736466,0.144614,-0.0423805,44
2.8902,33.4657,0.797779,0.185455,0.040841,45
2.99035,34.2149,0.755857,0.138126,-0.0473294,46
3.12096,34.9726,0.768888,0.175943,0.037817,47
3.202,35.769,0.800535,0.106639,-0.0693033,48
3.32354,36.4963,0.737423,0.170808,0.0641687,49
3.42276,37.3143,0.823923,0.125958,-0.0448504,50
3.57543,38.1051,0.805443,0.195931,0.0699732,51
3.68482,38.8778,0.780453,0.145868,-0.0500633,52
3.85308,39.6289,0.769635,0.225629,0.0797613,53
4.00194,40.379,0.764774,0.201139,-0.0244898,54
4.16042,41.117,0.754799,0.216774,0.0156352,55
4.26316,41.8784,0.768332,0.139349,-0.0774255,56
4.41616,42.6293,0.766314,0.206243,0.0668943,57
4.51074,43.3803,0.756901,0.130522,-0.0757209,58
4.65658,44.1765,0.809508,0.186391,0.0558691,59
4.7665,44.9633,0.794383,0.144051,-0.0423401,60
4.93355,45.7725,0.826239,0.208814,0.0647632,61
5.0538,46.5048,0.742128,0.167994,-0.0408204,62
5.24778,47.3146,0.832745,0.240335,0.0723412,63
5.36148,48.0595,0.753477,0.156715,-0.0836204,64
5.54129,48.8906,0.850372,0.218291,0.0615763,65
5.62847,49.5992,0.713935,0.127657,-0.0906342,66
5.76818,50.3786,0.791872,0.182595,0.0549376,67
5.90087,51.1568,0.78939,0.17413,-0.00846482,68
6.07077,51.8853,0.748035,0.234363,0.0602331,69
6.23025,52.6674,0.798206,0.206385,-0.0279779,70
6.39678,53.3735,0.725455,0.236858,0.0304735,71
6.62067,54.1987,0.8551,0.270154,0.0332956,72
6.85501,54.9151,0.753752,0.32137,0.0512162,73
7.03734,55.6012,0.709831,0.265016,-0.0563545,74
7.22426,56.3526,0.774342,0.249036,-0.0159795,75
7.3485,57.1052,0.762816,0.168825,-0.0802113,76
7.50153,57.8204,0.731395,0.216022,0.0471975,77
7.61817,58.6351,0.82297,0.147452,-0.0685702,78
7.7297,59.3752,0.748496,0.154795,0.00734316,79
7.78804,60.1243,0.751331,0.0829711,-0.0718243,80
7.90483,60.9084,0.792755,0.15309,0.0701187,81
8.01079,61.6988,0.797471,0.138495,-0.0145951,82
8.15714,62.4239,0.739669,0.20442,0.0659252,83
8.24758,63.1868,0.768317,0.123213,-0.0812073,84
8.38317,63.9581,0.783106,0.179255,0.0560423,85
8.42078,64.6696,0.712525,0.0580446,-0.12121,86
8.24577,65.5137,0.861979,-0.199211,-0.257255,87
8.24577,65.5137,0,-1.3036,-1.10439,88
7.46705,65.7453,0.812427,-1.27648,0.0271137,89
6.65679,66.0649,0.871027,-1.18982,0.0866591,90
6.07639,66.296,0.62471,-1.18667,0.00314835,91
6.07639,66.296,0,-1.16174,0.0249309,92
6.07639,66.296,0,-1.03326,0.128482,93
6.07639,66.296,0,-1.10366,-0.0703977,94
5.40983,66.7224,0.791272,-0.996468,0.107191,95
4.9054,67.3381,0.795942,-0.681159,0.315309,96
4.72994,67.9227,0.610437,-0.286305,0.394854,97
4.39762,68.6044,0.758336,-0.448386,-0.162081,98
4.07604,69.2758,0.744472,-0.441422,0.00696444,99
3.67333,69.9681,0.800894,-0.521627,-0.080205,100
3.33068,70.6472,0.760648,-0.462063,0.0595635,101
2.9541,71.3501,0.797459,-0.486586,-0.0245224,102
2.60838,72.0263,0.759417,-0.467401,0.0191849,103
2.24917,72.6867,0.751816,-0.492903,-0.0255027,104
1.93627,73.3614,0.743703,-0.429017,0.0638867,105
1.56195,74.0916,0.820575,-0.468447,-0.0394304,106
1.25463,74.7889,0.761973,-0.409905,0.0585426,107
0.91359,75.4261,0.722688,-0.486219,-0.0763146,108
0.611322,76.1099,0.747669,-0.410955,0.0752642,109
0.27433,76.8208,0.786708,-0.437439,-0.0264836,110
-0.0195137,77.5182,0.756777,-0.393532,0.0439069,111
-0.3172,78.1491,0.697663,-0.435593,-0.0420618,112
-0.611193,78.9235,0.828298,-0.357611,0.0779826,113
-0.918987,79.7128,0.847198,-0.36658,-0.00896922,114
-1.14014,80.4178,0.738837,-0.298751,0.0678289,115
-1.40113,81.1737,0.7997,-0.327218,-0.0284664,116
-1.57474,81.8858,0.732957,-0.233894,0.0933234,117
-1.7248,82.5922,0.722195,-0.204076,0.0298179,118
-1.51788,83.2886,0.72646,0.294074,0.49815,119
-1.28364,84.0271,0.774746,0.31238,0.0183061,120
-1.05931,84.7857,0.791075,0.292757,-0.0196235,121
-0.894805,85.5327,0.764955,0.221986,-0.0707707,122
-0.690054,86.2502,0.746097,0.283233,0.0612473,123
-0.511071,87.0126,0.783109,0.235828,-0.0474055,124
-0.313623,87.7907,0.802754,0.253749,0.0179215,125
-0.140777,88.5667,0.795018,0.224398,-0.0293513,126
0.0411785,89.2782,0.734457,0.255584,0.031186,127
0.188791,90.0088,0.745358,0.204596,-0.0509884,128
0.374686,90.7041,0.719694,0.266496,0.0619006,129
0.532847,91.4412,0.753886,0.2166,-0.0498966,130
0.737378,92.1847,0.771152,0.273676,0.0570766,131
0.904435,92.8925,0.727244,0.237018,-0.0366583,132
1.12345,93.6199,0.759645,0.297697,0.0606792,133
1.30293,94.3329,0.735224,0.251851,-0.045846,134
1.55311,95.0821,0.789905,0.327498,0.0756468,135
1.76973,95.8011,0.750907,0.297873,-0.0296247,136
2.02871,96.5768,0.817729,0.327499,0.0296255,137
2.23771,97.3557,0.80649,0.267372,-0.0601269,138
2.42155,98.0849,0.75199,0.252216,-0.0151561,139
2.53783,98.8999,0.823313,0.146937,-0.105278,140
2.68536,99.6285,0.743321,0.20504,0.0581028,141
2.76567,100.329,0.705145,0.11937,-0.0856704,142
2.88854,101.064,0.745199,0.170885,0.0515152,143
2.97908,101.834,0.775186,0.122298,-0.0485867,144
3.12203,102.567,0.746718,0.197866,0.0755679,145
3.21092,103.319,0.757313,0.12288,-0.0749857,146
3.39499,104.029,0.733868,0.258755,0.135875,147
3.66178,104.731,0.751043,0.368393,0.109638,148
3.98514,105.42,0.760503,0.444409,0.0760162,149
4.27085,106.134,0.769446,0.385666,-0.0587436,150
4.57323,106.833,0.761381,0.413649,0.0279831,151
4.79731,107.558,0.759051,0.304916,-0.108733,152
5.06488,108.287,0.776195,0.357173,0.0522573,153
5.29741,108.99,0.740905,0.324475,-0.0326981,154
5.60803,109.758,0.828325,0.389633,0.0651577,155
5.87064,110.484,0.772308,0.352182,-0.0374505,156
6.2061,111.286,0.868757,0.401684,0.0495019,157
6.38412,111.994,0.730564,0.251387,-0.150297,158
6.49206,112.668,0.681917,0.164191,-0.0871956,159
6.04853,113.188,0.683859,-0.700473,-0.864664,160
5.3595,113.81,0.92809,-0.831434,-0.130961,161
4.80214,114.187,0.672812,-0.971012,-0.139578,162
4.16687,114.614,0.76542,-0.973803,-0.00279041,163
3.5134,115.052,0.786931,-0.974586,-0.000782727,164
2.88539,115.488,0.764181,-0.959352,0.0152334,165
2.22224,115.861,0.76088,-1.05314,-0.0937883,166
1.59743,116.244,0.733055,-1.0152,0.0379388,167
0.952262,116.595,0.734385,-1.0675,-0.0522986,168
0.304027,117.007,0.768194,-0.999169,0.0683307,169
-0.329927,117.323,0.708156,-1.10368,-0.104512,170
-1.00068,117.682,0.760812,-1.07408,0.0296059,171
-1.64192,117.994,0.713276,-1.11225,-0.0381696,172
-2.35173,118.389,0.812406,-1.05754,0.0547035,173
-2.97773,118.702,0.699747,-1.10234,-0.0447931,174
-3.64318,119.055,0.75338,-1.07759,0.0247486,175
-4.33518,119.353,0.753435,-1.15894,-0.0813543,176
-5.0227,119.676,0.759718,-1.12607,0.0328725,177
-5.74608,119.962,0.777621,-1.18983,-0.0637666,178
-6.44638,120.272,0.765938,-1.14855,0.0412894,179
-7.15162,120.504,0.742339,-1.24808,-0.0995301,180
-7.93385,120.792,0.833595,-1.21268,0.0354001,181
-8.58971,120.986,0.684059,-1.27745,-0.0647742,182
-9.31628,121.264,0.777837,-1.20045,0.0770002,183
-10.0622,121.483,0.777433,-1.2798,-0.0793511,184
-10.7315,121.711,0.70718,-1.23674,0.0430569,185
-11.5211,121.93,0.819217,-1.29602,-0.0592723,186
-12.2351,122.156,0.748955,-1.25892,0.0371007,187
-12.2351,122.156,0,4.15122,5.41013,188
-12.808,121.742,0.706506,4.09234,-0.0588842,189
-13.4834,121.303,0.805547,4.14125,0.0489192,190
-14.0275,120.895,0.680138,4.07408,-0.0671719,191
-14.6513,120.509,0.733713,4.16327,0.0891902,192
-15.2262,120.098,0.706275,4.09783,-0.0654389,193
-15.8285,119.698,0.723068,4.13137,0.0335329,194
-16.3046,119.287,0.62934,4.00469,-0.126679,195
-16.8895,118.654,0.862103,3.89256,-0.112129,196
-17.2874,118.007,0.758741,3.69874,-0.193819,197
-17.8181,117.334,0.857689,3.81399,0.115246,198
-18.29,116.707,0.784502,3.79234,-0.0216446,199
-18.797,116.102,0.789658,3.84405,0.0517109,200
-19.2945,115.468,0.805175,3.81272,-0.0313277,201
-19.7634,114.89,0.74487,3.82788,0.0151568,202
-20.2052,114.249,0.778648,3.75004,-0.0778388,203
-20.6279,113.684,0.705472,3.78934,0.0392956,204
-20.8974,113.049,0.689948,3.54823,-0.241108,205
-21.0524,112.231,0.832186,3.33412,-0.214107,206
-21.1649,111.464,0.775171,3.2925,-0.0416248,207
-21.3792,110.69,0.802782,3.417,0.124502,208
-21.5011,110.003,0.698448,3.32235,-0.0946548,209
-21.703,109.218,0.809772,3.39877,0.0764204,210
-21.8748,108.466,0.77195,3.37122,-0.0275431,211
-22.0439,107.744,0.741617,3.37695,0.00572725,212
-22.1744,106.991,0.764181,3.31844,-0.0585115,213
-22.3445,106.29,0.721208,3.3849,0.0664618,214
-22.4468,105.583,0.714157,3.29059,-0.094312,215
-22.568,104.831,0.762229,3.30644,0.0158504,216
-22.674,104.007,0.830858,3.27476,-0.0316763,217
-22.8112,103.217,0.800974,3.31899,0.0442277,218
-22.9091,102.477,0.746565,3.27839,-0.0406024,219
-23.0625,101.708,0.784008,3.34377,0.0653846,220
-23.1432,100.985,0.728206,3.25786,-0.0859097,221
-23.2679,100.203,0.79137,3.30509,0.0472291,222
-23.3118,99.5101,0.694599,3.21003,-0.0950584,223
-23.4242,98.7367,0.781529,3.29118,0.0811489,224
-23.5397,97.9832,0.762274,3.29894,0.00775295,225
-23.6802,97.2554,0.741248,3.33752,0.0385816,226
-23.7587,96.4944,0.765036,3.24956,-0.0879554,227
-23.8775,95.7449,0.758864,3.30399,0.0544308,228
-23.964,95.0036,0.746244,3.26305,-0.0409395,229
-24.0836,94.3241,0.689971,3.3211,0.0580444,230
-24.1418,93.6457,0.680899,3.23235,-0.0887492,231
-24.2491,92.8198,0.832833,3.27601,0.0436658,232
-24.3222,92.132,0.691721,3.25267,-0.023345,233
-24.4587,91.3272,0.816232,3.31492,0.0622518,234
-24.5306,90.6004,0.730435,3.24546,-0.0694567,235
-24.6295,89.8796,0.727516,3.28308,0.0376157,236
-24.6614,89.1914,0.688948,3.19318,-0.0899007,237
-24.6614,89.1914,0,3.2626,0.0694204,238
-24.7637,88.4401,0.758176,3.28219,0.019588,239
-24.8506,87.6629,0.782112,3.25811,-0.0240782,240
-24.9633,86.9784,0.6937,3.31009,0.051978,241
-25.0318,86.1943,0.787073,3.23393,-0.076156,242
-25.046,85.4823,0.712109,3.16677,-0.0671642,243
-24.989,84.7219,0.762535,3.07205,-0.0947157,244
-24.9484,83.9622,0.760823,3.09342,0.0213739,245
-24.875,83.2155,0.75026,3.04879,-0.0446376,246
-24.8185,82.4853,0.732445,3.06973,0.0209424,247
-24.7031,81.7094,0.784366,2.99916,-0.0705661,248
-24.6557,80.946,0.764945,3.08481,0.0856491,249
-24.5355,80.2969,0.660064,2.96359,-0.121218,250
-24.4408,79.5624,0.740602,3.01873,0.0551364,251
-24.3008,78.9219,0.655666,2.93152,-0.0872138,252
-24.1721,78.057,0.874389,2.99919,0.0676696,253
-24.033,77.296,0.773635,2.96598,-0.0332103,254
-23.9656,76.574,0.725152,3.05372,0.0877415,255
-23.8836,75.8542,0.7244,3.0334,-0.0203175,256
-23.8517,75.1295,0.725412,3.10284,0.0694426,257
-23.7964,74.3857,0.745821,3.0727,-0.0301468,258
-23.7778,73.6157,0.770313,3.12265,0.0499553,259
-23.7178,72.891,0.727106,3.06422,-0.0584268,260
-23.7127,72.1046,0.786459,3.14035,0.0761303,261
-23.6624,71.3563,0.749941,3.07968,-0.0606757,262
-23.6678,70.6022,0.754185,3.15402,0.07434,263
-23.6266,69.9079,0.695536,3.08756,-0.0664608,264
-23.6201,69.1438,0.764065,3.13827,0.0507154,265
-23.594,68.3569,0.787334,3.11363,-0.0246451,266
-23.5925,67.6291,0.727842,3.14478,0.0311473,267
-23.5393,66.8621,0.76886,3.07761,-0.0671616,268
-23.6495,66.143,0.727447,3.29889,0.221277,269
-23.8492,65.4141,0.755759,3.4143,0.115409,270
-24.1467,64.7281,0.747719,3.55603,0.141727,271
-24.4176,64.0081,0.76931,3.50667,-0.0493546,272
-24.7229,63.3186,0.754028,3.56363,0.056956,273
-24.9679,62.6053,0.754225,3.47768,-0.0859463,274
-25.2705,61.8894,0.777256,3.54676,0.0690728,275
-25.5011,61.1532,0.771431,3.45044,-0.0963174,276
-25.7555,60.4545,0.743549,3.49592,0.0454814,277
-26.0004,59.6688,0.823044,3.44897,-0.0469525,278
-26.2524,58.9278,0.7826,3.47467,0.0257063,279
-26.447,58.1911,0.762037,3.40515,-0.0695236,280
-26.6933,57.4498,0.781138,3.46757,0.0624193,281
-26.8464,56.7442,0.722021,3.36043,-0.107136,282
-26.9549,56.0707,0.682215,3.30667,-0.0537624,283
-26.9561,55.3312,0.739416,3.14844,-0.15823,284
-27.0043,54.5715,0.761277,3.21016,0.0617164,285
-26.9631,53.8637,0.708974,3.08866,-0.121495,286
-26.9597,53.1123,0.75139,3.14234,0.0536823,287
-26.9162,52.3666,0.747016,3.08851,-0.0538317,288
-26.9222,51.5623,0.804294,3.15431,0.0658019,289
-26.9106,50.7505,0.811938,3.13256,-0.0217494,290
-26.9756,50.0326,0.72076,3.23703,0.104468,291
-27.0052,49.2752,0.758026,3.18596,-0.0510679,292
-27.0727,48.4545,0.823443,3.22889,0.0429249,293
-27.0677,47.7237,0.730882,3.14002,-0.0888687,294
-27.2311,47.0631,0.680407,3.38923,0.249207,295
-27.515,46.2926,0.821222,3.49989,0.110665,296
-27.8816,45.6686,0.72366,3.67796,0.178067,297
-28.1198,44.9487,0.758306,3.46643,-0.211532,298
-28.2798,44.2499,0.716927,3.37188,-0.0945476,299
-28.3895,43.4644,0.793029,3.28556,-0.0863226,300
-28.5466,42.7294,0.751634,3.35742,0.0718652,301
-28.6913,41.9019,0.840089,3.31991,-0.0375146,302
-28.8987,41.1671,0.763446,3.42197,0.102058,303
-29.0727,40.4455,0.742351,3.38343,-0.0385388,304
-29.3202,39.7599,0.728832,3.49327,0.109845,305
-29.4592,39.1431,0.632345,3.36854,-0.12473,306
-29.6541,38.1913,0.971564,3.34884,-0.0197064,307
-29.735,37.4409,0.754754,3.25412,-0.0947101,308
-29.8635,36.6858,0.765943,3.3155,0.0613759,309
-29.9738,35.9461,0.747861,3.29479,-0.0207154,310
-30.1834,35.1749,0.79914,3.41222,0.117431,311
-30.3529,34.4855,0.709921,3.38788,-0.0243409,312
-30.6833,33.7617,0.795727,3.57512,0.187243,313
-31.0684,33.0501,0.809087,3.6429,0.0677764,314
-31.4519,32.4383,0.722097,3.70668,0.0637882,315
-31.8248,31.7866,0.750743,3.66653,-0.0401497,316
-32.1957,31.1976,0.696089,3.70882,0.0422844,317
-32.4953,30.5493,0.714205,3.57981,-0.129013,318
-32.783,29.8567,0.750009,3.54051,-0.0392974,319
-32.7323,29.0881,0.770241,3.08087,-0.459634,320
-32.6992,28.3117,0.777072,3.10431,0.0234326,321
-32.6654,27.5643,0.748164,3.10157,-0.00273596,322
-32.7208,26.8255,0.740964,3.22161,0.12004,323
-32.7415,26.0305,0.795274,3.17289,-0.0487194,324
-32.8747,25.2623,0.779615,3.31857,0.145678,325
-32.9731,24.4107,0.857262,3.26185,-0.0567179,326
-33.0922,23.5974,0.821933,3.29221,0.030361,327
-33.1112,22.863,0.734698,3.17271,-0.119497,328
-33.1501,22.0659,0.798072,3.1956,0.0228836,329
-33.1317,21.3215,0.744629,3.12208,-0.0735188,330
-33.1418,20.5463,0.775204,3.15991,0.0378315,331
-33.1187,19.7929,0.753778,3.11619,-0.0437214,332
-33.1384,18.9998,0.793336,3.17158,0.0553946,333
-33.1103,18.2269,0.773425,3.11058,-0.0610016,334
-33.1132,17.4222,0.804719,3.15044,0.0398609,335
-33.0477,16.6759,0.749193,3.05929,-0.091157,336
-33.0265,15.8941,0.78208,3.11965,0.0603647,337
-32.9279,15.1567,0.743943,3.01393,-0.10572,338
-32.8707,14.4395,0.719455,3.06722,0.0532874,339
-32.7567,13.7083,0.740049,2.9922,-0.0750138,340
-32.674,12.963,0.749837,3.03633,0.0441208,341
-32.5704,12.3191,0.652231,2.98733,-0.0489996,342
-32.5682,11.6587,0.660418,3.14338,0.156056,343
-32.6476,10.9228,0.740151,3.25434,0.110957,344
-32.7565,10.2153,0.715821,3.29953,0.0451922,345
-32.8268,9.44065,0.777827,3.23739,-0.0621413,346
-32.9133,8.68022,0.765331,3.26002,0.0226308,347
-32.9218,7.90271,0.777558,3.1578,-0.102221,348
-32.9518,7.13363,0.769661,3.18587,0.0280741,349
-32.9017,6.35805,0.777206,3.08229,-0.103587,350
-32.8772,5.57021,0.788212,3.11575,0.0334601,351
-32.8258,4.7625,0.80935,3.08327,-0.0324824,352
-32.8373,3.99123,0.771354,3.16172,0.0784592,353
-32.823,3.21584,0.775522,3.12835,-0.0333727,354
-32.877,2.46511,0.752666,3.21863,0.0902775,355
-32.8798,1.78944,0.675677,3.15104,-0.0675843,356
-32.8798,1.78944,0,3.27148,0.120439,357
-33.0463,1.02877,0.778672,3.36227,0.0907819,358
-33.2207,0.280679,0.768149,3.37584,0.0135758,359
-33.4707,-0.451724,0.773916,3.47585,0.100007,360
-33.7017,-1.23268,0.814388,3.43437,-0.0414826,361
-33.9377,-1.95247,0.757521,3.46376,0.0293921,362
-34.1258,-2.76557,0.834573,3.37416,-0.0895928,363
-34.3518,-3.52536,0.792677,3.43592,0.0617549,364
-34.5471,-4.23376,0.734826,3.41582,-0.0201,365
-34.7958,-4.96654,0.773819,3.47396,0.0581427,366
-34.9696,-5.72089,0.774128,3.37338,-0.100582,367
-35.2042,-6.46425,0.779478,3.45241,0.0790331,368
-35.379,-7.25902,0.813782,3.3634,-0.0890131,369
-35.567,-8.00184,0.76624,3.39474,0.0313423,370
-35.6792,-8.65478,0.662503,3.31695,-0.0777909,371
-35.8786,-9.45472,0.824408,3.39107,0.0741187,372
-36.0712,-10.2239,0.792912,3.39217,0.00110308,373
-36.2703,-10.9123,0.716684,3.42846,0.0362857,374
-36.4802,-11.6954,0.810679,3.40864,-0.0198188,375
-36.685,-12.4081,0.741589,3.42674,0.0180998,376
-36.8531,-13.1295,0.740713,3.37574,-0.0510033,377
-37.0876,-13.8942,0.799882,3.44438,0.0686438,378
-37.2759,-14.5985,0.729005,3.40805,-0.0363291,379
-37.5165,-15.3251,0.76533,3.46656,0.0585121,380
-37.7236,-16.0401,0.744472,3.42876,-0.0377993,381
-38.0267,-16.7856,0.804764,3.53305,0.104287,382
-38.2928,-17.4611,0.725977,3.5221,-0.0109497,383
-38.6221,-18.142,0.756331,3.59727,0.0751668,384
-38.9249,-18.9007,0.816898,3.52658,-0.070684,385
-39.2235,-19.554,0.718307,3.57552,0.0489309,386
-39.529,-20.3701,0.871385,3.50498,-0.0705374,387
-39.8475,-21.0863,0.783912,3.56534,0.0603616,388
-40.0877,-21.8046,0.75731,3.46945,-0.0958901,389
-40.3677,-22.5226,0.770744,3.51862,0.0491659,390
-40.6203,-23.2902,0.808047,3.46481,-0.053806,391
-40.8983,-23.9787,0.742577,3.53061,0.0658046,392
-41.1521,-24.7167,0.780348,3.478,-0.0526141,393
-41.4288,-25.3688,0.708415,3.54811,0.0701145,394
-41.6039,-26.0406,0.69423,3.40184,-0.146278,395
-41.8496,-26.8783,0.873037,3.43217,0.0303331,396
-42.0275,-27.6127,0.755594,3.38439,-0.0477768,397
-42.2866,-28.3204,0.753641,3.49779,0.113398,398
-42.5023,-29.0452,0.756194,3.43617,-0.0616189,399
-42.7357,-29.7909,0.781368,3.45016,0.0139844,400
-42.917,-30.5654,0.795437,3.37669,-0.0734656,401
-43.1318,-31.3148,0.779635,3.42601,0.0493171,402
-43.3052,-32.0955,0.799658,3.36543,-0.0605831,403
-43.4726,-32.7635,0.688695,3.39237,0.0269447,404
-43.6075,-33.52,0.768464,3.32329,-0.0690785,405
-43.7576,-34.2783,0.772937,3.34217,0.0188835,406
-43.8395,-34.9941,0.72055,3.2608,-0.0813785,407
-43.9728,-35.6169,0.636841,3.35769,0.0968904,408
-43.9728,-35.6169,0,3.45018,0.0924981,409
-44.1352,-36.3122,0.714093,3.37635,-0.0738348,410
-44.3587,-37.0787,0.798308,3.43047,0.0541234,411
-44.5144,-37.7987,0.736658,3.35983,-0.0706416,412
-44.6565,-38.4921,0.707886,3.34892,-0.0109132,413
-44.7194,-39.2196,0.730155,3.23319,-0.115731,414
-44.8253,-40.0105,0.798001,3.27992,0.0467293,415
-44.9352,-40.7836,0.78088,3.28801,0.00809328,416
-45.1413,-41.4723,0.718813,3.43761,0.149602,417
-45.305,-42.2825,0.826653,3.34619,-0.091422,418
-45.5059,-43.1334,0.874211,3.37863,0.0324444,419
-45.5931,-43.8532,0.725062,3.26745,-0.111186,420
-45.7379,-44.6594,0.819107,3.32459,0.0571401,421
-45.8182,-45.3411,0.686446,3.26409,-0.0604998,422
-45.9314,-46.0978,0.765083,3.29528,0.0311905,423
-45.9968,-46.7939,0.699197,3.24042,-0.0548629,424
-46.1331,-47.5659,0.78397,3.3217,0.0812821,425
-46.1927,-48.3036,0.740098,3.22739,-0.0943051,426
-46.315,-49.0539,0.760187,3.30843,0.0810398,427
-46.3845,-49.7378,0.687413,3.24802,-0.0604151,428
-46.4877,-50.3418,0.612779,3.31605,0.0680327,429
-46.4877,-50.3418,0,3.32883,0.0127834,430
-46.5293,-50.971,0.630604,3.21288,-0.115955,431
-46.6588,-51.7265,0.766472,3.3166,0.103723,432
-46.746,-52.3315,0.611256,3.28996,-0.0266389,433
-46.746,-52.3315,0,3.22322,-0.0667427,434
-46.8473,-53.0709,0.746261,3.28301,0.0597919,435
-46.9651,-53.7705,0.709507,3.31369,0.0306719,436
-47.1578,-54.5219,0.775745,3.39785,0.0841662,437
-47.3766,-55.187,0.700082,3.46462,0.0667649,438
-47.7021,-55.9129,0.795559,3.56839,0.10377,439
-47.8941,-56.5625,0.677352,3.43416,-0.134228,440
-48.1724,-57.2774,0.767221,3.51812,0.0839572,441
-48.3518,-57.9172,0.664497,3.4201,-0.0980168,442
-48.3518,-57.9172,0,3.40969,-0.0104077,443
-48.6089,-58.6672,0.792761,3.4771,0.0674089,444
-48.7699,-59.3154,0.667907,3.3904,-0.0866949,445
-49.0311,-60.0502,0.779911,3.48836,0.0979512,446
-49.0311,-60.0502,0,3.50568,0.0173209,447
-49.3418,-60.7431,0.759307,3.56838,0.062708,448
-49.7415,-61.4774,0.836055,3.6453,0.0769121,449
-50.0922,-62.1821,0.787156,3.60848,-0.0368156,450
-50.4917,-62.8175,0.750515,3.70815,0.0996669,451
-50.8534,-63.4392,0.71927,3.6738,-0.0343454,452
-51.2644,-64.1639,0.833181,3.6627,-0.0111031,453
-51.4989,-64.8283,0.704524,3.48615,-0.176553,454
-51.9353,-65.5875,0.875689,3.66849,0.182347,455
-52.2474,-66.2763,0.756223,3.57225,-0.0962393,456
-52.5732,-67.0135,0.805986,3.56306,-0.00919818,457
-52.7802,-67.6898,0.707263,3.44375,-0.11931,458
-53.0249,-68.4365,0.785838,3.46357,0.0198206,459
-53.1778,-69.1046,0.68529,3.37185,-0.0917191,460
-53.1778,-69.1046,0,3.42015,0.0483012,461
-53.3176,-69.8206,0.729548,3.33953,-0.0806189,462
-53.3139,-70.4914,0.670834,3.14136,-0.198169,463
-52.9427,-71.182,0.783978,2.6536,-0.487765,464
-52.7151,-71.9148,0.767386,2.84575,0.192152,465
-52.5995,-72.6211,0.715631,2.98457,0.13882,466
-53.1449,-73.2727,0.849805,3.84368,0.859111,467
-53.9075,-73.7049,0.876512,4.20206,0.358383,468
-54.5725,-73.9223,0.699669,4.40162,0.199561,469
-55.3651,-74.1616,0.8279,4.42436,0.0227336,470
-56.1309,-74.326,0.783263,4.50621,0.0818576,471
-56.8535,-74.5478,0.755884,4.41983,-0.0863882,472
-57.5108,-74.7496,0.687517,4.41972,-0.000108987,473
-57.855,-75.3112,0.658686,3.69671,-0.723005,474
-58.1247,-76.1286,0.860772,3.4655,-0.231213,475
-58.3067,-76.9111,0.803356,3.37539,-0.0901134,476
-58.5695,-77.6339,0.769081,3.49561,0.120221,477
-58.8506,-78.304,0.726692,3.54402,0.048411,478
-59.2665,-78.9584,0.775394,3.71302,0.169003,479
-59.7176,-79.6707,0.843092,3.71131,-0.0017132,480
-60.1875,-80.3616,0.83557,3.74406,0.0327513,481
-60.5396,-80.9868,0.717557,3.65972,-0.0843416,482
-60.9467,-81.7025,0.823317,3.66405,0.00433203,483
-61.2517,-82.4462,0.803831,3.53599,-0.128058,484
-61.5591,-83.1871,0.802201,3.54017,0.00417931,485
-61.6304,-83.8955,0.711947,3.24715,-0.293024,486
-61.5334,-84.7079,0.818213,3.02798,-0.219161,487
-61.402,-85.518,0.820655,2.98604,-0.0419463,488
-61.3474,-86.3352,0.819008,3.0801,0.0940639,489
-61.2311,-87.0867,0.760481,2.99329,-0.0868139,490
-61.1674,-87.8829,0.798682,3.06697,0.0736829,491
-61.0577,-88.5838,0.709478,2.99152,-0.0754473,492
-61.0152,-89.3104,0.72786,3.08847,0.0969417,493
-61.0234,-90.0403,0.729959,3.15808,0.0696148,494
-61.2805,-90.7582,0.762503,3.49068,0.332603,495
-61.5234,-91.4953,0.776118,3.46522,-0.0254626,496
-61.8208,-92.2576,0.818258,3.51871,0.0534877,497
-62.0722,-92.9979,0.781773,3.47431,-0.0443987,498
-62.3176,-93.7077,0.751034,3.47961,0.00530162,499
-62.4875,-94.3839,0.697197,3.39305,-0.0865588,500
-62.7954,-95.1816,0.855043,3.51516,0.122111,501
-63.047,-95.9179,0.778127,3.47609,-0.0390771,502
-63.2859,-96.6265,0.74779,3.47198,-0.0041012,503
-63.4717,-97.333,0.730525,3.404,-0.0679839,504
-63.6595,-98.1265,0.815399,3.37929,-0.024715,505
-63.3781,-98.8298,0.757527,2.76629,-0.613001,506
-63.0453,-99.6203,0.857728,2.74832,-0.0179649,507
-62.7187,-100.293,0.748189,2.69513,-0.0531867,508
-62.413,-100.981,0.752297,2.72832,0.0331883,509
-62.0818,-101.685,0.777828,2.70703,-0.0212917,510
-61.8249,-102.401,0.761028,2.80247,0.0954437,511
-61.8249,-102.401,0,3.46515,0.662679,512
-62.1416,-103.108,0.774769,3.56798,0.102828,513
-62.5117,-103.842,0.821534,3.61407,0.0460933,514
-62.8068,-104.553,0.770568,3.53985,-0.0742216,515
-63.1353,-105.264,0.783225,3.57966,0.039809,516
-63.4407,-106.001,0.797156,3.53991,-0.0397473,517
-63.8124,-106.737,0.825192,3.61407,0.0741579,518
-64.0627,-107.439,0.745156,3.48953,-0.124545,519
-64.3728,-108.183,0.805374,3.54204,0.0525127,520
-64.6356,-108.916,0.779282,3.49071,-0.0513283,521
-64.9272,-109.634,0.774845,3.53268,0.0419707,522
-65.1659,-110.372,0.775156,3.45985,-0.0728274,523
-65.442,-111.096,0.775651,3.51078,0.0509231,524
-65.666,-111.814,0.751772,3.44947,-0.0613067,525
-65.896,-112.525,0.747282,3.45958,0.0101111,526
-65.9687,-113.166,0.645283,3.25974,-0.199843,527
-65.9687,-113.166,0,3.21928,-0.0404592,528
-66.1469,-113.823,0.680393,3.41188,0.192603,529
-66.0579,-114.494,0.677031,3.01503,-0.396856,530
-65.7693,-115.283,0.839745,2.79591,-0.219118,531
-65.4772,-115.95,0.728783,2.73454,-0.0613734,532
-65.2007,-116.744,0.840123,2.8114,0.0768594,533
-64.9075,-117.45,0.764683,2.7533,-0.0580907,534
-64.6767,-118.178,0.763506,2.83986,0.0865563,535
-64.418,-118.887,0.755205,2.79709,-0.0427723,536
-64.2375,-119.64,0.774218,2.91158,0.114487,537
-64.0403,-120.35,0.737085,2.87596,-0.0356193,538
-63.8951,-121.06,0.724547,2.94505,0.0690971,539
-63.6961,-121.744,0.712619,2.86391,-0.0811401,540
-63.5234,-122.515,0.790145,2.92641,0.0624993,541
-63.2996,-123.287,0.803135,2.86448,-0.0619289,542
-63.2023,-123.979,0.699055,3.00717,0.14269,543
-63.2023,-123.979,0,3.21844,0.211268,544
-63.1892,-124.755,0.776043,3.12996,-0.0884797,545
-63.2316,-125.496,0.742641,3.20396,0.0739941,546
-63.2209,-126.237,0.741141,3.13229,-0.0716666,547
-63.2747,-127.005,0.769014,3.21685,0.0845559,548
-63.2215,-127.728,0.725455,3.07343,-0.143419,549
-63.202,-128.53,0.802092,3.12254,0.0491139,550
-63.1248,-129.226,0.700287,3.03635,-0.0861873,551
-63.1248,-129.226,0,3.95863,0.92228,552
-63.635,-129.781,0.753604,3.89064,-0.0679975,553
-64.1634,-130.324,0.757686,3.91854,0.0279061,554
-64.6285,-130.877,0.72323,3.84535,-0.0731905,555
-65.1728,-131.392,0.748952,3.96028,0.114933,556
-65.6966,-131.929,0.750066,3.91991,-0.0403736,557
-66.2803,-132.456,0.786336,3.9834,0.063493,558
-66.8202,-133.004,0.769621,3.92433,-0.0590752,559
-67.4098,-133.579,0.823403,3.94498,0.0206518,560
-67.9602,-134.15,0.793328,3.91354,-0.0314389,561
-68.555,-134.653,0.778998,4.0156,0.10206,562
-69.1037,-135.162,0.748051,3.97042,-0.0451861,563
-69.1037,-135.162,0,-1.14351,-5.11392,564
-69.7865,-134.802,0.771755,-1.08063,0.0628834,565
-70.413,-134.448,0.719541,-1.05138,0.0292466,566
-71.0672,-134.008,0.788317,-0.973642,0.0777383,567
-71.6777,-133.583,0.74426,-0.956691,0.0169509,568
-72.2182,-133.083,0.735841,-0.819583,0.137107,569
-72.8002,-132.578,0.77046,-0.85114,-0.0315563,570
-72.8002,-132.578,0,4.58457,5.43571,571
-73.4435,-132.739,0.662925,4.47351,-0.111058,572
-73.4435,-132.739,0,-1.40084,-5.87435,573
-73.4435,-132.739,0,-1.47564,-0.0747968,574
-74.1922,-132.624,0.757345,-1.41414,0.0614995,575
-74.9237,-132.503,0.741466,-1.4016,0.0125329,576
-75.7031,-132.365,0.791536,-1.39053,0.0110745,577
-76.439,-132.518,0.751449,4.51375,5.90428,578
-77.1566,-132.733,0.749182,4.42617,-0.0875826,579
-77.1566,-132.733,0,3.48252,-0.943653,580
-77.366,-133.488,0.783889,3.41718,-0.0653313,581
-77.6201,-134.217,0.771707,3.48242,0.0652326,582
-77.7924,-134.946,0.749268,3.37884,-0.103575,583
-78.0452,-135.711,0.806053,3.46586,0.0870196,584
-78.2412,-136.51,0.822559,3.3874,-0.0784592,585
-78.4813,-137.223,0.752279,3.47169,0.0842897,586
-78.6889,-138.014,0.817255,3.40362,-0.0680751,587
-78.9414,-138.755,0.782796,3.47531,0.0716944,588
-79.1303,-139.481,0.750933,3.40117,-0.0741402,589
-79.3717,-140.206,0.763823,3.46836,0.0671881,590
-79.5941,-140.871,0.700824,3.46967,0.00130866,591
-79.8646,-141.591,0.769609,3.50604,0.0363689,592
-80.0753,-142.288,0.728179,3.44039,-0.0656463,593
-80.3886,-143.104,0.873403,3.51372,0.073326,594
-80.6123,-143.76,0.69359,3.47523,-0.0384874,595
-80.9333,-144.547,0.849732,3.5342,0.0589725,596
-81.1705,-145.265,0.756069,3.46592,-0.0682857,597
-81.467,-146.048,0.837446,3.50878,0.0428682,598
-81.7172,-146.763,0.75794,3.48314,-0.0256442,599
-82.007,-147.494,0.785891,3.52457,0.0414322,600
-82.2543,-148.192,0.74094,3.48712,-0.0374477,601
-82.5262,-148.907,0.76491,3.51027,0.0231445,602
-82.7459,-149.591,0.717691,3.45792,-0.0523475,603
-83.0078,-150.343,0.797141,3.4816,0.0236802,604
-83.2465,-151.086,0.780183,3.45773,-0.023875,605
-83.4785,-151.785,0.735922,3.46759,0.00986716,606
-83.6471,-152.449,0.685941,3.39519,-0.0724055,607
-83.8629,-153.194,0.77511,3.42892,0.0337367,608
-84.0338,-153.896,0.722906,3.38551,-0.0434182,609
-84.226,-154.555,0.685978,3.43086,0.045352,610
-84.4108,-155.173,0.644753,3.43746,0.00660465,611
-84.4108,-155.173,0,-1.09699,-4.53445,612
-84.9666,-154.782,0.679539,-0.952571,0.144419,613
-85.5905,-154.244,0.823812,-0.853992,0.0985787,614
-86.1377,-153.756,0.732849,-0.837716,0.0162763,615
-86.662,-153.144,0.806078,-0.703009,0.134706,616
-87.093,-152.597,0.696645,-0.6618,0.0412091,617
-87.4717,-151.974,0.728837,-0.541085,0.120716,618
-87.8575,-151.329,0.751578,-0.533774,0.00731055,619
-87.778,-150.64,0.692963,0.120088,0.653862,620
-87.5041,-149.947,0.745943,0.381243,0.261155,621
-87.156,-149.198,0.82553,0.440573,0.0593304,622
-86.8706,-148.488,0.765073,0.387439,-0.053134,623
-86.546,-147.785,0.774799,0.437515,0.050076,624
-86.2773,-147.11,0.726582,0.384092,-0.0534228,625
-85.9086,-146.362,0.833884,0.463185,0.0790926,626
-85.6408,-145.746,0.6714,0.415612,-0.0475733,627
-85.2867,-144.991,0.833957,0.443726,0.0281143,628
-85.019,-144.291,0.749209,0.370586,-0.0731397,629
-85.019,-144.291,0,0.327887,-0.0426994,630
-84.7774,-143.551,0.779057,0.320592,-0.007295,631
-84.6381,-142.837,0.726768,0.198087,-0.122505,632
-84.4529,-142.105,0.755679,0.252848,0.0547616,633
-84.3038,-141.39,0.7303,0.210798,-0.0420502,634
-84.0768,-140.642,0.781546,0.300034,0.0892358,635
-83.9339,-139.937,0.719638,0.205052,-0.0949814,636
-83.6944,-139.046,0.92229,0.267982,0.0629291,637
-83.567,-138.296,0.76019,0.17356,-0.0944217,638
-83.3861,-137.467,0.849273,0.219857,0.0462969,639
-83.2712,-136.729,0.74675,0.159774,-0.060083,640
-83.1176,-135.909,0.834142,0.19049,0.0307166,641
-83.0124,-135.183,0.733764,0.148991,-0.0414996,642
-82.8538,-134.443,0.756106,0.216602,0.0676114,643
-82.7645,-133.668,0.780838,0.119801,-0.0968014,644
-82.5989,-132.914,0.772009,0.221508,0.101708,645
-82.4365,-132.205,0.727437,0.230333,0.00882441,646
-82.4365,-132.205,0,0.880352,0.65002,647
-81.804,-131.748,0.780241,0.95047,0.070118,648
-81.2217,-131.296,0.736925,0.916322,-0.0341483,649
-80.5852,-130.875,0.763344,0.991225,0.0749033,650
-79.9836,-130.46,0.730575,0.972786,-0.0184392,651
-79.2909,-130.092,0.784597,1.08727,0.114487,652
-78.6642,-129.752,0.713147,1.07862,-0.00865791,653
-77.9711,-129.498,0.737861,1.2256,0.146982,654
-77.2612,-129.22,0.76239,1.20277,-0.0228263,655
-76.4753,-128.943,0.833431,1.23701,0.0342421,656
-75.7726,-128.667,0.754837,1.20183,-0.0351818,657
-75.0486,-128.418,0.765749,1.24455,0.0427232,658
-74.3136,-128.168,0.776321,1.24808,0.00352408,659
-73.5833,-127.963,0.758464,1.30287,0.0547868,660
-72.8424,-127.75,0.77102,1.29538,-0.00748474,661
-72.1157,-127.58,0.74638,1.34643,0.0510477,662
-71.4476,-127.417,0.687692,1.33649,-0.00994124,663
-70.7719,-127.681,0.725489,1.94885,0.612363,664
-70.1075,-127.953,0.717949,1.96462,0.0157672,665
-69.3888,-128.304,0.799929,2.03054,0.0659201,666
-68.6862,-128.614,0.767826,1.99132,-0.0392204,667
-68.0612,-128.97,0.71935,2.0939,0.102585,668
-67.4306,-129.348,0.735306,2.11612,0.0222182,669
-66.8209,-129.796,0.756249,2.2092,0.0930822,670
-66.1246,-130.241,0.826661,2.14524,-0.0639616,671
-65.5049,-130.698,0.769727,2.21103,0.0657903,672
-64.8254,-131.124,0.801944,2.13584,-0.0751876,673
-64.2167,-131.583,0.762428,2.22235,0.0865012,674
-63.58,-132.041,0.784737,2.20024,-0.0221034,675
-63.0269,-132.561,0.758716,2.33013,0.129885,676
-62.8518,-133.239,0.700354,2.89413,0.564004,677
-62.8518,-133.239,0,3.40054,0.506413,678
-63.0584,-133.939,0.72999,3.43372,0.0331791,679
-63.1622,-134.638,0.706979,3.29422,-0.139504,680
-63.292,-135.424,0.796635,3.31045,0.0162279,681
-63.3494,-136.137,0.715347,3.22709,-0.0833554,682
-63.5047,-136.909,0.786902,3.34559,0.118496,683
-63.6292,-137.637,0.738546,3.31622,-0.0293632,684
-63.8549,-138.428,0.822465,3.42479,0.108571,685
-64.0422,-139.13,0.727232,3.40732,-0.0174752,686
-64.3088,-139.909,0.822513,3.47689,0.0695735,687
-64.5009,-140.624,0.74094,3.40908,-0.0678152,688
-64.7321,-141.443,0.851192,3.42191,0.0128322,689
-64.9158,-142.165,0.744211,3.39621,-0.0257,690
-65.1659,-142.904,0.780964,3.47287,0.0766629,691
-65.3553,-143.621,0.741218,3.40514,-0.0677294,692
-65.5905,-144.351,0.766767,3.4587,0.0535603,693
-65.7091,-145.066,0.725214,3.31102,-0.147686,694
-65.8709,-145.815,0.765581,3.35983,0.0488107,695
-65.9947,-146.579,0.774842,3.30726,-0.0525669,696
-66.1733,-147.408,0.847584,3.35914,0.0518765,697
-66.3337,-148.145,0.754521,3.36106,0.00192517,698
-66.5677,-148.907,0.796743,3.44493,0.0838689,699
-66.7639,-149.628,0.747225,3.41257,-0.0323598,700
-67.0558,-150.399,0.824173,3.50879,0.0962145,701
-67.257,-151.049,0.681207,3.44664,-0.062144,702
-67.5473,-151.811,0.815506,3.51078,0.0641391,703
-67.7461,-152.462,0.680678,3.44322,-0.0675622,704
-68.0014,-153.149,0.732533,3.50291,0.0596902,705
-68.0545,-153.785,0.638072,3.23012,-0.272793,706
-68.0365,-154.43,0.645315,3.11892,-0.111195,707
-68.0401,-155.161,0.731043,3.15173,0.0328131,708
-68.0899,-155.943,0.783419,3.21044,0.0587085,709
-68.0496,-156.715,0.773293,3.09461,-0.115829,710
-68.0969,-157.503,0.78969,3.2068,0.112182,711
-68.0556,-158.272,0.770111,3.09315,-0.113645,712
-68.0452,-159.07,0.798138,3.13382,0.0406677,713
-67.9998,-159.872,0.802733,3.09028,-0.0435336,714
-68.0236,-160.67,0.798394,3.17657,0.0862884,715
-67.9799,-161.421,0.752596,3.08876,-0.0878125,716
-67.9737,-162.221,0.799785,3.13904,0.0502747,717
-67.8961,-163.005,0.787964,3.0482,-0.090831,718
-67.8841,-163.825,0.820089,3.13228,0.0840802,719
-67.7888,-164.661,0.840959,3.0332,-0.099082,720
-67.7653,-165.394,0.733245,3.11483,0.0816237,721
-67.6062,-166.062,0.687594,2.91326,-0.201565,722
-67.4639,-166.862,0.811793,2.97066,0.0573963,723
-67.1283,-167.565,0.779035,2.7015,-0.269156,724
-66.8175,-168.342,0.837092,2.76636,0.0648563,725
-66.4408,-169.058,0.809157,2.66255,-0.103811,726
-66.0423,-169.823,0.862054,2.66639,0.00384711,727
-65.6813,-170.447,0.721155,2.62248,-0.043919,728
-65.2818,-171.228,0.877459,2.67409,0.051613,729
-64.9013,-171.858,0.735927,2.60352,-0.0705672,730
-64.5339,-172.525,0.761443,2.64336,0.0398346,731
-64.1439,-173.081,0.678831,2.53467,-0.108688,732
-63.6999,-173.802,0.847416,2.59548,0.0608078,733
-63.2395,-174.376,0.735445,2.47035,-0.125131,734
-62.8609,-174.95,0.687598,2.5637,0.0933552,735
-62.2749,-175.526,0.822031,2.3533,-0.210399,736
-61.6648,-175.994,0.76859,2.22968,-0.123625,737
-60.99,-176.384,0.779365,2.1002,-0.129471,738
-60.3144,-176.84,0.815307,2.17011,0.0699039,739
-59.6764,-177.222,0.743778,2.11591,-0.0541995,740
-59.077,-177.644,0.73253,2.1884,0.0724896,741
-58.7543,-178.233,0.671635,2.64566,0.45726,742
-58.7543,-178.233,0,2.89171,0.246048,743
-58.5639,-179.028,0.817923,2.91182,0.0201145,744
-58.3708,-179.762,0.758914,2.88961,-0.0222165,745
-58.2407,-180.503,0.751963,2.97289,0.0832865,746
-58.0677,-181.254,0.770598,2.92044,-0.0524481,747
-57.9397,-182.057,0.813491,2.98883,0.0683911,748
-57.8214,-182.767,0.719907,2.98168,-0.0071559,749
-57.9382,-183.47,0.712186,3.31159,0.329915,750
-57.9382,-183.47,0,3.36103,0.0494358,751
-57.9382,-183.47,0,3.33266,-0.0283656,752
-58.1561,-184.349,0.906176,3.38975,0.0570886,753
-58.3026,-185.292,0.953979,3.30093,-0.0888215,754
-58.5335,-186.304,1.03834,3.3711,0.0701645,755
-58.7108,-187.569,1.27746,3.28605,-0.0850499,756
-58.76,-188.213,0.645834,3.22308,-0.0629642,757
-58.7978,-189.235,1.02301,3.18383,-0.0392476,758
-58.836,-189.987,0.752065,3.19764,0.0138059,759
-58.9016,-190.902,0.917492,3.2184,0.0207611,760
-58.9515,-191.739,0.839105,3.20627,-0.0121302,761
-59.0931,-192.856,1.12511,3.27302,0.0667468,762
-59.1471,-193.887,1.03241,3.19922,-0.0737938,763
-59.2312,-194.813,0.930485,3.23729,0.0380669,764
-59.2871,-195.885,1.07336,3.19896,-0.0383325,765
-59.3352,-196.832,0.94825,3.19755,-0.00141113,766
-59.2988,-197.802,0.970169,3.1093,-0.0882501,767
-59.0397,-198.347,0.60387,2.70347,-0.405829,768
-58.3679,-198.682,0.750605,2.03837,-0.665102,769
-57.5382,-198.814,0.840216,1.73422,-0.30415,770
-56.9359,-198.443,0.707664,1.02333,-0.710883,771
-56.2981,-197.816,0.894537,0.799004,-0.224329,772
-56.0186,-197.091,0.776763,0.373279,-0.425725,773
-55.6938,-196.403,0.760825,0.446296,0.0730169,774
-55.2806,-195.64,0.867727,0.501618,0.0553214,775
-54.8903,-194.818,0.909938,0.448527,-0.0530911,776
-54.6134,-194.239,0.641151,0.451751,0.00322485,777
-54.332,-193.64,0.66192,0.444474,-0.00727792,778
-53.8704,-192.788,0.968879,0.501749,0.0572753,779
-53.4004,-191.904,1.00163,0.493629,-0.00811944,780
-52.9637,-191.203,0.825538,0.562772,0.0691428,781
-52.5986,-190.711,0.613061,0.643116,0.0803439,782
-52.5986,-190.711,0,0.988957,0.34584,783
-51.9543,-190.271,0.78033,0.976564,-0.0123927,784
-51.1076,-189.793,0.972186,1.06242,0.085854,785
-51.1076,-189.793,0,1.19035,0.127931,786
-50.4386,-189.624,0.690027,1.32811,0.137764,787
-49.6701,-189.401,0.800159,1.29392,-0.0341897,788
-48.9858,-189.237,0.703754,1.3406,0.0466759,789
-48.2979,-189.393,0.705486,1.8,0.459398,790
-47.5261,-189.703,0.831453,1.95706,0.157063,791
-46.8934,-189.974,0.688575,1.98174,0.0246854,792
-46.3068,-190.435,0.745663,2.24145,0.259708,793
-45.8318,-190.965,0.711782,2.41615,0.174693,794
-45.507,-191.55,0.66931,2.64018,0.224033,795
-45.1517,-192.212,0.751315,2.65428,0.0141032,796
-44.9096,-192.867,0.698609,2.79283,0.138553,797
-44.6187,-193.595,0.783693,2.76655,-0.0262861,798
-44.3854,-194.314,0.755835,2.83306,0.0665148,799
-44.0568,-195.035,0.792689,2.7194,-0.113663,800
-43.7769,-195.799,0.813085,2.79536,0.0759603,801
-43.4373,-196.489,0.769477,2.68978,-0.105581,802
-43.1721,-197.157,0.718517,2.76877,0.0789871,803
-42.8446,-197.914,0.824409,2.73829,-0.0304804,804
-42.6143,-198.636,0.757887,2.8381,0.099817,805
-42.3124,-199.362,0.786969,2.75308,-0.0850245,806
-42.0407,-200.158,0.84054,2.81774,0.0646613,807
-41.7461,-200.873,0.773285,2.75598,-0.061761,808
-41.5447,-201.618,0.772147,2.88291,0.126929,809
-41.2332,-202.361,0.805141,2.74966,-0.133253,810
-41.012,-203.031,0.705492,2.82776,0.0781067,811
-40.7179,-203.787,0.811479,2.77603,-0.0517286,812
-40.4842,-204.496,0.746439,2.82844,0.0524033,813
-40.1881,-205.26,0.819903,2.77731,-0.0511286,814
-39.9528,-205.989,0.765288,2.83425,0.0569436,815
-39.7362,-206.633,0.679672,2.82255,-0.0117062,816
-39.5726,-207.388,0.77256,2.9334,0.110857,817
-39.5726,-207.388,0,3.25802,0.32462,818
-39.5726,-207.388,0,3.40726,0.149238,819
-39.8332,-208.081,0.740928,3.50623,0.098966,820
-40.1537,-208.753,0.74421,3.59212,0.085891,821
-40.464,-209.491,0.800308,3.545,-0.0471167,822
-40.8628,-210.206,0.818437,3.65574,0.110736,823
-41.2102,-211.005,0.87201,3.55664,-0.099099,824
-41.5761,-211.689,0.775617,3.63813,0.0814886,825
-41.8882,-212.395,0.771654,3.56317,-0.0749584,826
-42.2342,-213.043,0.734905,3.63694,0.0737717,827
-42.5411,-213.749,0.76976,3.55702,-0.0799206,828
-42.8805,-214.369,0.706483,3.64792,0.0909006,829
-43.1756,-215.049,0.740958,3.55647,-0.091454,830
-43.5397,-215.732,0.774552,3.63621,0.0797416,831
-43.8336,-216.429,0.756641,3.54573,-0.0904827,832
-44.1823,-217.114,0.768242,3.61798,0.0722582,833
-44.4761,-217.764,0.713272,3.57132,-0.046661,834
-44.8311,-218.448,0.770399,3.62578,0.0544529,835
-45.0788,-219.149,0.744151,3.48613,-0.139647,836
-45.3994,-219.831,0.753527,3.5863,0.100173,837
-45.6683,-220.523,0.741847,3.51776,-0.0685407,838
-46.0205,-221.225,0.785355,3.6119,0.094139,839
-46.2777,-221.888,0.711966,3.51646,-0.095445,840
-46.5835,-222.553,0.731154,3.57829,0.0618316,841
-46.862,-223.296,0.794041,3.50517,-0.0731172,842
-47.2376,-224.062,0.853022,3.60277,0.0976046,843
-47.4869,-224.731,0.714156,3.50354,-0.0992388,844
-47.8521,-225.483,0.835551,3.5991,0.0955675,845
-48.0949,-226.21,0.766838,3.46902,-0.130086,846
-48.4344,-226.918,0.785036,3.59407,0.125049,847
-48.6853,-227.562,0.690781,3.51851,-0.0755568,848
-48.9979,-228.236,0.74317,3.581,0.0624928,849
-49.2755,-228.973,0.787951,3.50679,-0.0742131,850
-49.59,-229.696,0.787807,3.55756,0.0507664,851
-49.8793,-230.431,0.789982,3.52174,-0.0358108,852
-50.2273,-231.139,0.78914,3.60358,0.0818334,853
-50.5075,-231.865,0.778116,3.51511,-0.088467,854
-50.8158,-232.571,0.770771,3.55833,0.0432178,855
-51.0972,-233.31,0.790761,3.51067,-0.0476634,856
-51.42,-234.016,0.776384,3.5756,0.064934,857
-51.6521,-234.71,0.731642,3.46974,-0.105863,858
-51.8992,-235.404,0.73602,3.48913,0.0193921,859
-51.7372,-236.024,0.641591,2.89154,-0.597584,860
-51.4872,-236.968,0.976019,2.88785,-0.00369292,861
-51.2688,-237.636,0.703205,2.83104,-0.0568167,862
-51.0584,-238.442,0.833147,2.89146,0.0604254,863
-50.8507,-239.196,0.782001,2.87809,-0.0133741,864
-50.6701,-239.974,0.798275,2.91864,0.0405527,865
-50.4429,-240.663,0.725923,2.8285,-0.0901354,866
-50.2421,-241.389,0.752962,2.87682,0.0483188,867
-50.0062,-242.111,0.759291,2.83097,-0.0458558,868
-49.7945,-242.803,0.724274,2.85012,0.0191538,869
-49.5129,-243.566,0.813312,2.7933,-0.0568185,870
-49.2801,-244.307,0.776155,2.84214,0.0488402,871
-49.0146,-244.988,0.730849,2.77508,-0.067065,872
-48.7771,-245.79,0.836927,2.85914,0.0840628,873
-48.5122,-246.466,0.726206,2.77344,-0.0857025,874
-48.2738,-247.252,0.821097,2.85226,0.0788215,875
-48.0166,-247.96,0.752788,2.79809,-0.054173,876
-47.8054,-248.7,0.769956,2.86895,0.0708593,877
-47.713,-249.387,0.692656,3.01303,0.14408,878
-48.3401,-249.875,0.794951,4.05583,1.0428,879
-48.3401,-249.875,0,4.38079,0.324957,880
-49.0224,-250.098,0.717894,4.40162,0.0208368,881
-49.7549,-250.276,0.753777,4.47893,0.0773072,882
-50.4076,-250.437,0.672286,4.47593,-0.00299935,883
-50.4076,-250.437,0,4.55769,0.0817613,884
-51.2016,-250.682,0.830912,4.41852,-0.139172,885
-51.2016,-250.682,0,4.51027,0.0917456,886
-51.2016,-250.682,0,4.49012,-0.0201486,887
-51.9454,-251.027,0.819634,4.28402,-0.2061,888
-52.5422,-251.25,0.637121,4.35981,0.0757921,889
-53.2458,-251.597,0.784777,4.25899,-0.100822,890
-53.86,-251.835,0.658704,4.34784,0.0888471,891
-53.86,-251.835,0,3.96256,-0.385277,892
-54.2798,-252.302,0.628166,3.87876,-0.0837949,893
-54.7343,-252.765,0.648638,3.92324,0.04448,894
-54.7343,-252.765,0,3.88791,-0.0353344,895
-54.7343,-252.765,0,3.84155,-0.0463641,896
-54.7343,-252.765,0,4.10793,0.266389,897
-55.3366,-253.183,0.732953,4.11117,0.00323541,898
-56.0079,-253.523,0.752566,4.24861,0.137437,899
-56.7014,-253.808,0.749616,4.32821,0.0795994,900
-57.3982,-253.954,0.711999,4.51088,0.182676,901
-58.105,-254.108,0.723341,4.50333,-0.00754848,902
-58.873,-254.239,0.779163,4.54812,0.0447874,903
-59.5324,-254.411,0.681523,4.46207,-0.0860528,904
-60.1874,-254.52,0.664025,4.5529,0.0908318,905
-60.1874,-254.52,0,-1.43007,-5.98297,906
-60.8412,-254.409,0.66314,-1.39694,0.0331345,907
-61.5596,-254.215,0.7443,-1.30126,0.0956825,908
-62.2969,-254.045,0.756611,-1.33885,-0.037599,909
-63.0429,-253.836,0.774493,-1.2934,0.0454523,910
-63.7523,-253.676,0.727256,-1.34376,-0.0503591,911
-64.4831,-253.453,0.764268,-1.26839,0.0753754,912
-65.1735,-253.262,0.716292,-1.29583,-0.0274417,913
-65.8408,-253.011,0.71298,-1.20584,0.0899857,914
-66.5878,-252.812,0.772905,-1.30569,-0.0998441,915
-67.2699,-252.607,0.712247,-1.27371,0.0319719,916
-67.9942,-252.426,0.746623,-1.32047,-0.0467563,917
-68.6505,-252.225,0.686406,-1.26809,0.0523795,918
-69.3238,-252.036,0.699258,-1.29225,-0.0241584,919
-69.3238,-252.036,0,-1.31261,-0.0203636,920
-70.1108,-251.822,0.815631,-1.3,0.0126141,921
-70.7942,-251.626,0.71102,-1.28573,0.014272,922
-71.4934,-251.407,0.732564,-1.26293,0.0227983,923
-72.1813,-251.21,0.715575,-1.28622,-0.023292,924
-72.8852,-250.932,0.756876,-1.18942,0.0968041,925
-73.5976,-250.697,0.750238,-1.24658,-0.0571602,926
-74.303,-250.395,0.767263,-1.16119,0.0853858,927
-75.0046,-250.141,0.746106,-1.21842,-0.0572256,928
-75.7312,-249.841,0.786077,-1.17409,0.0443312,929
-76.4436,-249.591,0.755171,-1.22742,-0.0533293,930
-77.1196,-249.344,0.719594,-1.21537,0.0120445,931
-77.1196,-249.344,0,-0.542024,0.673347,932
-77.4801,-248.702,0.735916,-0.506759,0.035265,933
-77.8611,-248.091,0.720423,-0.552072,-0.0453128,934
-78.2324,-247.34,0.837188,-0.454235,0.0978367,935
-78.6097,-246.714,0.731224,-0.53693,-0.0826951,936
-79.0202,-245.959,0.85912,-0.492922,0.0440085,937
-79.4318,-245.333,0.749527,-0.57616,-0.0832384,938
-79.8552,-244.701,0.760654,-0.584962,-0.00880229,939
-80.3451,-244.188,0.709232,-0.757271,-0.172308,940
-81.0696,-244.034,0.740698,-1.35628,-0.599013,941
-81.805,-244.14,0.74302,4.57446,5.93075,942
-82.6231,-244.214,0.821402,4.62828,0.0538187,943
-83.3592,-244.311,0.742507,4.58574,-0.04254,944
-84.2045,-244.194,0.853272,-1.42842,-6.01416,945
-84.9276,-244.314,0.732977,4.5536,5.98202,946
-85.6913,-244.177,0.775909,-1.38824,-5.94184,947
-86.4918,-244.071,0.80743,-1.43392,-0.0456851,948
-87.2518,-243.949,0.769683,-1.40661,0.0273133,949
-88.015,-243.819,0.774311,-1.39644,0.0101688,950
-88.7072,-243.633,0.716844,-1.30267,0.0937655,951
-89.3948,-243.236,0.793781,-1.04232,0.260353,952
-89.3948,-243.236,0,-0.288551,0.753768,953
-89.4302,-242.507,0.72994,-0.043299,0.245252,954
-89.4134,-241.746,0.760952,0.0273442,0.0706433,955
-89.202,-240.984,0.790802,0.275898,0.248554,956
-88.8978,-240.168,0.871028,0.36194,0.086042,957
-88.6861,-239.564,0.639949,0.342397,-0.0195431,958
-88.6861,-239.564,0,0.339889,-0.00250775,959
-88.5359,-238.877,0.703625,0.220377,-0.119512,960
-88.3179,-238.035,0.869145,0.258747,0.0383697,961
-88.2117,-237.376,0.667808,0.165018,-0.0937288,962
-88.046,-236.697,0.699059,0.244512,0.0794939,963
-88.046,-236.697,0,-0.131474,-0.375986,964
-88.2382,-236.003,0.720109,-0.264919,-0.133444,965
-88.3825,-235.267,0.749711,-0.188415,0.076504,966
-88.5882,-234.558,0.738814,-0.276929,-0.0885143,967
-88.7101,-233.813,0.75433,-0.157064,0.119865,968
-88.8938,-233.124,0.713235,-0.25526,-0.0981953,969
-88.996,-232.352,0.77908,-0.126423,0.128837,970
-89.1367,-231.697,0.670094,-0.206201,-0.0797779,971
-89.2155,-230.96,0.741342,-0.101267,0.104934,972
-89.4204,-230.239,0.749321,-0.271829,-0.170562,973
-89.5546,-229.583,0.669212,-0.196558,0.0752717,974
-89.7453,-228.827,0.779766,-0.241884,-0.0453266,975
-89.8683,-228.09,0.747506,-0.160069,0.0818153,976
-90.032,-227.475,0.63627,-0.254929,-0.0948605,977
-90.1652,-226.654,0.831987,-0.155629,0.0993002,978
-90.2919,-225.983,0.682417,-0.181452,-0.0258223,979
-90.3756,-225.205,0.782447,-0.101915,0.0795362,980
-90.5071,-224.512,0.705421,-0.182339,-0.080424,981
-90.5627,-223.758,0.756317,-0.0683641,0.113975,982
-90.6262,-223.096,0.665038,-0.0902941,-0.0219301,983
-90.6969,-222.336,0.76294,-0.0875527,0.00274137,984
-90.8397,-221.657,0.694111,-0.201974,-0.114421,985
-90.8397,-221.657,0,-1.10755,-0.905579,986
-91.4453,-221.422,0.649777,-1.19499,-0.0874331,987
-92.0668,-221.141,0.681902,-1.14129,0.0536924,988
-92.7291,-220.946,0.690287,-1.27991,-0.138616,989
-93.3335,-220.686,0.658055,-1.15908,0.120826,990
-94.0746,-220.469,0.772368,-1.27995,-0.120868,991
-94.6509,-220.284,0.605049,-1.25589,0.0240615,992
-95.2583,-220.448,0.629188,4.4539,5.70979,993
-96.1054,-220.73,0.892551,4.39698,-0.0569173,994
-96.7396,-221.074,0.7217,4.22018,-0.176796,995
-97.5078,-221.431,0.847113,4.28262,0.0624358,996
-98.0882,-221.738,0.656733,4.23069,-0.0519306,997
-98.7672,-222.019,0.734888,4.32515,0.0944596,998
-99.3897,-222.345,0.702402,4.23576,-0.0893892,999
-100.115,-222.613,0.773449,4.36405,0.128292,1000
-100.799,-222.893,0.739149,4.32868,-0.0353691,1001
-101.526,-223.063,0.746593,4.48747,0.158787,1002
-102.31,-223.187,0.793038,4.5615,0.0740305,1003
-103.183,-223.068,0.881869,-1.43023,-5.99173,1004
-103.974,-222.972,0.796491,-1.44577,-0.0155403,1005
-104.836,-222.726,0.896019,-1.28716,0.158602,1006
-105.627,-222.488,0.826275,-1.27381,0.0133514,1007
-106.359,-222.173,0.797072,-1.159,0.114817,1008
-107.063,-221.944,0.740663,-1.251,-0.0920079,1009
-107.765,-221.685,0.74797,-1.21119,0.0398093,1010
-108.362,-221.508,0.622515,-1.27864,-0.0674449,1011
-109.116,-221.215,0.808585,-1.19458,0.0840558,1012
-109.764,-221.024,0.67579,-1.27908,-0.0844922,1013
-110.49,-220.711,0.790727,-1.15878,0.1203,1014
-111.137,-220.463,0.693037,-1.19833,-0.0395497,1015
-111.91,-220.157,0.831098,-1.18895,0.00937951,1016
-112.611,-219.941,0.733758,-1.26646,-0.0775165,1017
-113.34,-219.669,0.777873,-1.20923,0.0572325,1018
-114.102,-219.474,0.786648,-1.31487,-0.105641,1019
-114.864,-219.216,0.804372,-1.23824,0.0766361,1020
-115.505,-218.998,0.67695,-1.23839,-0.000159043,1021
-116.22,-218.712,0.770471,-1.18587,0.0525275,1022
-116.945,-218.446,0.771848,-1.21279,-0.0269256,1023
-117.636,-218.156,0.749371,-1.16834,0.0444511,1024
-118.324,-217.894,0.736711,-1.20156,-0.0332146,1025
-118.974,-217.607,0.709855,-1.15047,0.051088,1026
-119.642,-217.365,0.711477,-1.21721,-0.0667404,1027
-120.329,-217.077,0.744637,-1.16932,0.0478886,1028
-121.046,-216.863,0.74802,-1.27563,-0.106307,1029
-121.792,-216.578,0.798531,-1.19998,0.0756475,1030
-122.48,-216.347,0.726086,-1.24246,-0.0424768,1031
-123.166,-216.057,0.744819,-1.16532,0.0771332,1032
-123.855,-215.835,0.723488,-1.25397,-0.0886433,1033
-124.61,-215.521,0.818304,-1.17079,0.083172,1034
-125.286,-215.299,0.711446,-1.2493,-0.0785012,1035
-126.011,-215.021,0.776017,-1.19937,0.0499207,1036
-126.732,-214.816,0.749182,-1.28841,-0.0890403,1037
-127.565,-214.514,0.886667,-1.2181,0.0703176,1038
-128.199,-214.315,0.664253,-1.26094,-0.0428471,1039
-128.915,-214.03,0.771054,-1.18615,0.074799,1040
-129.658,-213.793,0.7799,-1.25744,-0.0712916,1041
-130.399,-213.527,0.786887,-1.22061,0.0368253,1042
-131.16,-213.296,0.796003,-1.27046,-0.0498467,1043
-131.899,-213.065,0.773545,-1.26306,0.00740035,1044
-132.597,-213.174,0.706838,4.56297,5.82602,1045
-133.429,-213.392,0.85996,4.46155,-0.101415,1046
-134.035,-213.875,0.774511,4.04434,-0.417216,1047
-134.706,-214.354,0.824354,4.09737,0.0530381,1048
-135.264,-214.784,0.704932,4.062,-0.0353741,1049
-135.928,-215.25,0.811061,4.10449,0.0424942,1050
-136.523,-215.741,0.771345,4.02827,-0.0762224,1051
-137.136,-216.201,0.766628,4.07437,0.046099,1052
-137.697,-216.667,0.729234,4.02432,-0.0500479,1053
-138.319,-217.184,0.808731,4.02418,-0.00014523,1054
-138.821,-217.684,0.708971,3.9335,-0.0906772,1055
-139.407,-218.263,0.823481,3.9382,0.00469554,1056
-139.572,-219.008,0.763138,3.36437,-0.573827,1057
-139.655,-219.787,0.782972,3.25423,-0.11014,1058
-139.765,-220.464,0.686116,3.30734,0.0531143,1059
-139.955,-221.274,0.83201,3.37765,0.0703067,1060
-140.051,-221.965,0.697467,3.28394,-0.0937113,1061
-140.241,-222.809,0.865215,3.36808,0.0841415,1062
-140.355,-223.532,0.731982,3.30416,-0.0639182,1063
-140.552,-224.344,0.834944,3.38476,0.0806019,1064
-140.665,-225.048,0.713192,3.30592,-0.0788419,1065
-140.847,-225.849,0.821621,3.37015,0.0642299,1066
-140.974,-226.555,0.71689,3.32437,-0.0457781,1067
-141.18,-227.306,0.77921,3.41511,0.0907382,1068
-141.301,-228.036,0.739822,3.3113,-0.103811,1069
-141.509,-228.828,0.818649,3.40282,0.0915138,1070
-141.661,-229.556,0.744392,3.35357,-0.0492471,1071
-141.886,-230.33,0.8052,3.42906,0.0754946,1072
-142.06,-231.085,0.775452,3.37398,-0.0550806,1073
-142.287,-231.823,0.771819,3.44544,0.0714566,1074
-142.472,-232.588,0.787717,3.38395,-0.0614917,1075
-142.708,-233.341,0.788791,3.45057,0.0666274,1076
-142.878,-234.043,0.722497,3.38364,-0.066934,1077
-143.111,-234.736,0.730599,3.47143,0.0877904,1078
-143.271,-235.493,0.77348,3.35529,-0.116144,1079
-143.471,-236.314,0.845161,3.38601,0.0307272,1080
-143.623,-237.03,0.732277,3.35592,-0.0300907,1081
-143.846,-237.766,0.768528,3.4408,0.0848807,1082
-144.021,-238.48,0.73541,3.38742,-0.0533832,1083
-144.274,-239.253,0.813459,3.46247,0.0750537,1084
-144.452,-239.925,0.695321,3.40573,-0.056748,1085
-144.741,-240.708,0.834377,3.50092,0.0951963,1086
-144.929,-241.386,0.704172,3.4174,-0.0835274,1087
-145.192,-242.179,0.834672,3.46673,0.0493378,1088
-145.374,-242.855,0.700551,3.40997,-0.0567682,1089
-145.617,-243.586,0.7705,3.46763,0.0576634,1090
-145.77,-244.293,0.722836,3.3599,-0.107724,1091
-145.974,-245.052,0.786,3.40974,0.0498324,1092
-146.23,-245.766,0.758799,3.49158,0.0818399,1093
-146.785,-246.369,0.819395,3.89016,0.398586,1094
-147.35,-246.925,0.792267,3.94048,0.0503123,1095
-147.954,-247.346,0.736573,4.10838,0.167904,1096
-148.42,-247.733,0.605178,4.02528,-0.0830965,1097
