0,0,0,0.20302,0,1
0.0996722,0.65701,0.664528,0.155794,-0.0472261,2
0.26146,1.42912,0.788875,0.211788,0.0559942,3
0.359477,2.12534,0.703089,0.145101,-0.066687,4
0.443256,2.86965,0.749008,0.117324,-0.0277771,5
0.511709,3.67373,0.806995,0.0901631,-0.0271606,6
0.584504,4.43365,0.763392,0.100739,0.0105757,7
0.634573,5.2173,0.785254,0.0690407,-0.0316981,8
0.738863,6.01483,0.804317,0.135264,0.0662233,9
0.79429,6.75672,0.743959,0.0798089,-0.0554551,10
0.878913,7.4759,0.724142,0.122363,0.0425537,11
0.935818,8.2963,0.822365,0.0744888,-0.0478738,12
1.02397,9.09906,0.807592,0.114612,0.0401231,13
1.05665,9.85543,0.757077,0.0484088,-0.0662032,14
1.13258,10.588,0.736522,0.108512,0.0601031,15
1.15728,11.3707,0.783107,0.0367799,-0.0717319,16
1.1869,12.1759,0.80566,0.0420117,0.0052318,17
1.19139,12.9925,0.816623,0.010736,-0.0312757,18
1.24077,13.7566,0.765766,0.0697607,0.0590246,19
1.2742,14.5255,0.769621,0.0486929,-0.0210677,20
1.33172,15.2671,0.743833,0.0826391,0.0339461,21
1.33456,16.0206,0.753446,0.00900867,-0.0736304,22
1.38655,16.7794,0.760613,0.0736343,0.0646256,23
1.40386,17.5727,0.793479,0.0270619,-0.0465724,24
1.47566,18.3808,0.811269,0.0938502,0.0667884,25
1.47634,19.1234,0.742576,0.00615533,-0.0876949,26
1.54036,19.8993,0.778569,0.0875505,0.0813952,27
1.59885,20.6964,0.799207,0.078497,-0.0090535,28
1.70659,21.3658,0.678085,0.164792,0.086295,29
1.81012,22.0821,0.723705,0.14878,-0.0160118,30
1.98513,22.8925,0.829061,0.217938,0.0691581,31
2.15957,23.6452,0.772684,0.232951,0.0150123,32
2.3437,24.4531,0.828579,0.229338,-0.00361258,33
2.49001,25.1881,0.74945,0.201718,-0.02762,34
2.66993,25.9513,0.784102,0.236754,0.0350361,35
2.81349,26.6984,0.760739,0.195089,-0.0416654,36
3.01245,27.4864,0.812742,0.252548,0.0574589,37
3.16394,28.1888,0.718602,0.21765,-0.0348976,38
3.34394,28.8702,0.704715,0.263511,0.0458606,39
3.51845,29.6377,0.787153,0.228793,-0.0347176,40
3.72379,30.3628,0.753603,0.28121,0.0524171,41
3.89283,31.0239,0.682344,0.255575,-0.0256355,42
4.08555,31.7663,0.767004,0.25922,0.00364537,43
4.24066,32.4862,0.736466,0.217443,-0.0417771,44
4.44238,33.2581,0.797779,0.260865,0.043422,45
4.60166,33.997,0.755857,0.217552,-0.0433129,46
4.79325,34.7416,0.768888,0.257066,0.0395138,47
4.93804,35.5289,0.800535,0.187107,-0.0699584,48
5.11687,36.2443,0.737423,0.250184,0.0630766,49
5.27686,37.0526,0.823923,0.200655,-0.0495285,50
5.48299,37.8312,0.805443,0.264036,0.0633809,51
5.63908,38.5959,0.780453,0.206595,-0.0574415,52
5.8491,39.3363,0.769635,0.281614,0.0750196,53
6.03634,40.0778,0.764774,0.252586,-0.0290286,54
6.23098,40.8071,0.754799,0.26606,0.0134742,55
6.36878,41.563,0.768332,0.185562,-0.0804982,56
6.55473,42.3064,0.766314,0.250329,0.0647676,57
6.6797,43.0529,0.756901,0.171101,-0.0792286,58
6.85476,43.8432,0.809508,0.223223,0.0521222,59
6.99035,44.626,0.794383,0.176754,-0.0464692,60
7.18019,45.4301,0.826239,0.237077,0.0603234,61
7.31769,46.1594,0.742128,0.19159,-0.0454875,62
7.52746,46.9653,0.832745,0.259878,0.0682879,63
7.65358,47.7081,0.753477,0.173408,-0.0864696,64
7.84584,48.5365,0.850372,0.233301,0.0598925,65
7.94292,49.2438,0.713935,0.141642,-0.091659,66
8.0939,50.0211,0.791872,0.197072,0.0554301,67
8.23692,50.7974,0.78939,0.187421,-0.00965053,68
8.41281,51.5245,0.748035,0.242587,0.0551662,69
8.57534,52.306,0.798206,0.210294,-0.0322937,70
8.74192,53.0121,0.725455,0.236916,0.0266218,71
8.9663,53.8372,0.8551,0.270752,0.0338364,72
9.1993,54.554,0.753752,0.319498,0.0487456,73
9.37746,55.2411,0.709831,0.258942,-0.0605556,74
9.55818,55.9941,0.774342,0.240789,-0.0181528,75
9.67397,56.7481,0.762816,0.15763,-0.0831596,76
9.81678,57.4654,0.731395,0.201743,0.044113,77
9.92053,58.2818,0.82297,0.13165,-0.0700928,78
10.0172,59.024,0.748496,0.134725,0.00307537,79
10.0561,59.7744,0.751331,0.0570886,-0.0776366,80
10.1486,60.5617,0.792755,0.122142,0.0650536,81
10.2263,61.3554,0.797471,0.102843,-0.0192996,82
10.3458,62.0853,0.739669,0.167438,0.0645954,83
10.4075,62.8512,0.768317,0.0856993,-0.0817388,84
10.5135,63.6271,0.783106,0.141042,0.0553423,85
10.5241,64.3395,0.712525,0.0200543,-0.120987,86
10.3194,65.1768,0.861979,-0.234481,-0.254535,87
10.3194,65.1768,0,-1.34911,-1.11462,88
9.52852,65.3626,0.812427,-1.33491,0.0141937,89
8.70072,65.6335,0.871027,-1.24921,0.0857034,90
8.10725,65.8286,0.62471,-1.24797,0.00123912,91
8.10725,65.8286,0,-1.24975,-0.00177967,92
8.10725,65.8286,0,-1.16025,0.0894943,93
8.10725,65.8286,0,-1.17753,-0.0172717,94
7.41073,66.2041,0.791272,-1.07117,0.106354,95
6.8624,66.781,0.795942,-0.754746,0.316427,96
6.64607,67.3518,0.610437,-0.357015,0.397731,97
6.26776,68.0091,0.758336,-0.517054,-0.160039,98
5.90385,68.6585,0.744472,-0.505492,0.0115618,99
5.45981,69.3251,0.800894,-0.582446,-0.0769541,100
5.07708,69.9824,0.760648,-0.522029,0.0604171,101
4.6586,70.6612,0.797459,-0.547195,-0.0251659,102
4.27061,71.3141,0.759417,-0.531,0.0161944,103
3.86975,71.9501,0.751816,-0.557144,-0.0261435,104
3.51187,72.602,0.743703,-0.496793,0.060351,105
3.08778,73.3045,0.820575,-0.5379,-0.0411075,106
2.73255,73.9786,0.761973,-0.479748,0.058152,107
2.34781,74.5904,0.722688,-0.556178,-0.0764295,108
1.99826,75.2513,0.747669,-0.48124,0.0749376,109
1.61147,75.9364,0.786708,-0.508748,-0.0275078,110
1.26918,76.6113,0.756777,-0.464111,0.0446368,111
0.929086,77.2205,0.697663,-0.503963,-0.0398516,112
0.582815,77.9729,0.828298,-0.426064,0.077899,113
0.2221,78.7395,0.847198,-0.43458,-0.00851672,114
-0.0464678,79.4278,0.738837,-0.366787,0.0677931,115
-0.359022,80.1639,0.7997,-0.396307,-0.0295202,116
-0.582512,80.8619,0.732957,-0.304614,0.0916934,117
-0.783111,81.5557,0.722195,-0.276228,0.0283858,118
-0.628216,82.2655,0.72646,0.220104,0.496332,119
-0.448402,83.019,0.774746,0.239466,0.0193622,120
-0.278197,83.7916,0.791075,0.222088,-0.0173785,121
-0.164901,84.5481,0.764955,0.153891,-0.068197,122
-0.00607274,85.2771,0.746097,0.219757,0.0658661,123
0.125972,86.049,0.783109,0.174661,-0.0450961,124
0.275583,86.8377,0.802754,0.192705,0.0180443,125
0.401339,87.6227,0.795018,0.164083,-0.0286225,126
0.53956,88.344,0.734457,0.19456,0.0304777,127
0.64247,89.0823,0.745358,0.143745,-0.050815,128
0.78291,89.7881,0.719694,0.201635,0.0578895,129
0.891392,90.5342,0.753886,0.149634,-0.0520013,130
1.04308,91.2902,0.771152,0.203237,0.0536031,131
1.15691,92.0085,0.727244,0.162404,-0.0408333,132
1.31701,92.7511,0.759645,0.217584,0.0551802,133
1.43435,93.4769,0.735224,0.165516,-0.0520679,134
1.61397,94.2461,0.789905,0.234635,0.069119,135
1.75642,94.9834,0.750907,0.196091,-0.0385435,136
1.93012,95.7825,0.817729,0.219294,0.0232023,137
2.04902,96.5801,0.80649,0.153199,-0.0660944,138
2.14393,97.3261,0.75199,0.131789,-0.0214105,139
2.15991,98.1493,0.823313,0.0246434,-0.107145,140
2.21404,98.8906,0.743321,0.0781194,0.053476,141
2.20279,99.5957,0.705145,-0.0107134,-0.0888328,142
2.22841,100.34,0.745199,0.0396227,0.0503361,143
2.2172,101.116,0.775186,-0.00922632,-0.048849,144
2.26442,101.861,0.746718,0.06852,0.0777463,145
2.25743,102.618,0.757313,-0.00399615,-0.0725162,146
2.35047,103.346,0.733868,0.132355,0.136351,147
2.52976,104.075,0.751043,0.246281,0.113926,148
2.76826,104.797,0.760503,0.324229,0.0779475,149
2.96662,105.541,0.769446,0.265975,-0.0582539,150
3.18272,106.271,0.761381,0.293022,0.0270472,151
3.31638,107.018,0.759051,0.18225,-0.110772,152
3.49202,107.774,0.776195,0.233492,0.0512424,153
3.63483,108.501,0.740905,0.199206,-0.0342866,154
3.84749,109.302,0.828325,0.264874,0.0656677,155
4.0197,110.055,0.772308,0.230112,-0.0347613,156
4.25661,110.89,0.868757,0.281438,0.0513253,157
4.34951,111.615,0.730564,0.132741,-0.148697,158
4.37549,112.297,0.681917,0.0433336,-0.0894071,159
3.86956,112.757,0.683859,-0.827556,-0.87089,160
3.10468,113.282,0.92809,-0.963447,-0.135891,161
2.50025,113.578,0.672812,-1.11082,-0.14737,162
1.81002,113.909,0.76542,-1.11859,-0.00776905,163
1.09877,114.245,0.786931,-1.12341,-0.0048195,164
0.412003,114.581,0.764181,-1.11154,0.0118607,165
-0.299737,114.85,0.76088,-1.2042,-0.092655,166
-0.975339,115.134,0.733055,-1.16701,0.0371858,167
-1.66608,115.383,0.734385,-1.21905,-0.0520409,168
-2.36869,115.694,0.768194,-1.14934,0.0697111,169
-3.04271,115.911,0.708156,-1.25382,-0.104477,170
-3.76099,116.162,0.760812,-1.22959,0.02423,171
-4.44316,116.37,0.713276,-1.26917,-0.0395745,172
-5.20558,116.651,0.812406,-1.21294,0.0562258,173
-5.87096,116.868,0.699747,-1.25086,-0.0379209,174
-6.58056,117.121,0.75338,-1.22296,0.0279006,175
-7.3074,117.319,0.753435,-1.29909,-0.0761298,176
-8.03312,117.544,0.759718,-1.26525,0.0338377,177
-8.7877,117.732,0.777621,-1.32153,-0.056274,178
-9.52146,117.951,0.765938,-1.27467,0.0468547,179
-10.2481,118.103,0.742339,-1.35968,-0.0850063,180
-11.0581,118.3,0.833595,-1.3269,0.0327778,181
-11.7305,118.426,0.684059,-1.38115,-0.0542526,182
-12.4831,118.622,0.777837,-1.30992,0.0712315,183
-13.2452,118.776,0.777433,-1.3668,-0.0568743,184
-13.9324,118.943,0.70718,-1.32692,0.039875,185
-14.7351,119.106,0.819217,-1.36466,-0.0377353,186
-15.4661,119.27,0.748955,-1.34582,0.0188354,187
-15.4661,119.27,0,4.05193,5.39775,188
-15.9949,118.801,0.706506,3.99269,-0.0592489,189
-16.6235,118.297,0.805547,4.04205,0.0493646,190
-17.1234,117.836,0.680138,3.97243,-0.0696201,191
-17.7041,117.388,0.733713,4.06004,0.0876062,192
-18.2328,116.919,0.706275,3.99274,-0.0673003,193
-18.7907,116.46,0.723068,4.02826,0.0355227,194
-19.2208,116,0.62934,3.89925,-0.129009,195
-19.732,115.306,0.862103,3.78154,-0.117705,196
-20.0576,114.621,0.758741,3.5903,-0.191241,197
-20.5131,113.894,0.857689,3.70672,0.116418,198
-20.915,113.22,0.784502,3.68475,-0.0219726,199
-21.3552,112.565,0.789658,3.73816,0.0534137,200
-21.7844,111.883,0.805175,3.7089,-0.0292653,201
-22.1911,111.259,0.74487,3.72443,0.0155307,202
-22.5641,110.576,0.778648,3.64643,-0.0779952,203
-22.9254,109.97,0.705472,3.68455,0.0381212,204
-23.1266,109.31,0.689948,3.44268,-0.241868,205
-23.1962,108.481,0.832186,3.23058,-0.212103,206
-23.2319,107.706,0.775171,3.19284,-0.0377417,207
-23.3702,106.915,0.802782,3.31996,0.127124,208
-23.4282,106.219,0.698448,3.23007,-0.0898948,209
-23.5606,105.421,0.809772,3.31109,0.0810191,210
-23.6683,104.656,0.77195,3.28677,-0.0243145,211
-23.7776,103.923,0.741617,3.29471,0.00793248,212
-23.8474,103.162,0.764181,3.23832,-0.0563901,213
-23.9616,102.45,0.721208,3.3058,0.0674881,214
-24.0091,101.737,0.714157,3.21347,-0.0923353,215
-24.0721,100.977,0.762229,3.22959,0.0161263,216
-24.1136,100.148,0.830858,3.19674,-0.032855,217
-24.1918,99.3504,0.800974,3.24461,0.0478707,218
-24.2358,98.6051,0.746565,3.20583,-0.038776,219
-24.3353,97.8275,0.784008,3.27405,0.0682202,220
-24.3673,97.1,0.728206,3.19075,-0.0833055,221
-24.4413,96.312,0.79137,3.24048,0.0497345,222
-24.441,95.6174,0.694599,3.1464,-0.0940881,223
-24.5028,94.8384,0.781529,3.22595,0.0795571,224
-24.5683,94.0789,0.762274,3.23297,0.00701852,225
-24.6607,93.3434,0.741248,3.27172,0.0387454,226
-24.6883,92.5789,0.765036,3.183,-0.0887209,227
-24.7583,91.8233,0.758864,3.23915,0.0561572,228
-24.7996,91.0782,0.746244,3.20222,-0.0369328,229
-24.8842,90.3934,0.689971,3.26973,0.0675095,230
-24.9108,89.713,0.680899,3.18596,-0.0837707,231
-24.9849,88.8835,0.832833,3.23592,0.0499578,232
-25.0348,88.1936,0.691721,3.21892,-0.016996,233
-25.1471,87.3851,0.816232,3.28488,0.0659554,234
-25.1995,86.6566,0.730435,3.21862,-0.066258,235
-25.2796,85.9335,0.727516,3.2572,0.0385816,236
-25.2926,85.2446,0.688948,3.16568,-0.0915173,237
-25.2926,85.2446,0,3.22935,0.0636695,238
-25.3671,84.4901,0.758176,3.24521,0.0158597,239
-25.4228,83.71,0.782112,3.21817,-0.0270421,240
-25.507,83.0214,0.6937,3.26845,0.0502827,241
-25.5427,82.2352,0.787073,3.19226,-0.0761909,242
-25.5285,81.5232,0.712109,3.12687,-0.0653949,243
-25.4431,80.7655,0.762535,3.03462,-0.092245,244
-25.3765,80.0076,0.760823,3.05909,0.0244686,245
-25.2798,79.2636,0.75026,3.01762,-0.0414737,246
-25.2024,78.5352,0.732445,3.04101,0.0233896,247
-25.0657,77.7629,0.784366,2.97161,-0.0693941,248
-24.9976,77.0009,0.764945,3.05776,0.08615,249
-24.8592,76.3556,0.660064,2.93547,-0.122296,250
-24.7427,75.6242,0.740602,2.98886,0.0533893,251
-24.5817,74.9886,0.655666,2.89877,-0.0900809,252
-24.4235,74.1286,0.874389,2.96487,0.0660966,253
-24.2556,73.3734,0.773635,2.9281,-0.0367747,254
-24.1582,72.6549,0.725152,3.01211,0.0840118,255
-24.0421,71.9398,0.7244,2.98595,-0.0261562,256
-23.9724,71.2178,0.725412,3.05055,0.0646,257
-23.8742,70.4784,0.745821,3.0148,-0.0357569,258
-23.8076,69.711,0.770313,3.06023,0.0454348,259
-23.6989,68.9921,0.727106,2.99677,-0.0634602,260
-23.6382,68.208,0.786459,3.06955,0.07278,261
-23.5323,67.4655,0.749941,3.00521,-0.0643373,262
-23.4802,66.7131,0.754185,3.0776,0.0723888,263
-23.3848,66.0242,0.695536,3.00926,-0.06834,264
-23.3194,65.2629,0.764065,3.06108,0.0518174,265
-23.2339,64.4802,0.787334,3.03802,-0.0230593,266
-23.1806,63.7543,0.727842,3.07361,0.0355875,267
-23.0762,62.9926,0.76886,3.01059,-0.0630166,268
-23.1418,62.2681,0.727447,3.23719,0.226604,269
-23.3015,61.5294,0.755759,3.35976,0.122564,270
-23.5666,60.8303,0.747719,3.50924,0.14948,271
-23.8104,60.1006,0.76931,3.46922,-0.0400206,272
-24.0975,59.4034,0.754028,3.53747,0.0682556,273
-24.3311,58.6863,0.754225,3.46173,-0.075739,274
-24.6298,57.9687,0.777256,3.54132,0.0795891,275
-24.8626,57.2332,0.771431,3.45331,-0.0880166,276
-25.1235,56.537,0.743549,3.50544,0.0521282,277
-25.379,55.7546,0.823044,3.46248,-0.0429542,278
-25.6448,55.0185,0.7826,3.49331,0.0308246,279
-25.857,54.2866,0.762037,3.42905,-0.0642582,280
-26.1244,53.5527,0.781138,3.49623,0.0671799,281
-26.3007,52.8525,0.722021,3.39344,-0.102787,282
-26.4353,52.1837,0.682215,3.34544,-0.047997,283
-26.4678,51.445,0.739416,3.19078,-0.154659,284
-26.5516,50.6883,0.761277,3.25715,0.0663671,285
-26.5452,49.9794,0.708974,3.13785,-0.119306,286
-26.5807,49.2288,0.75139,3.194,0.0561531,287
-26.5767,48.4818,0.747016,3.14152,-0.0524757,288
-26.6257,47.679,0.804294,3.20778,0.0662556,289
-26.658,46.8677,0.811938,3.18664,-0.0211399,290
-26.7619,46.1545,0.72076,3.29153,0.104895,291
-26.8326,45.3998,0.758026,3.24019,-0.0513441,292
-26.944,44.5839,0.823443,3.28257,0.0423757,293
-26.9765,43.8537,0.730882,3.19122,-0.0913498,294
-27.1718,43.202,0.680407,3.43799,0.24677,295
-27.4904,42.4451,0.821222,3.54528,0.107295,296
-27.8831,41.8372,0.72366,3.72035,0.175066,297
-28.1501,41.1275,0.758306,3.50675,-0.213598,298
-28.3376,40.4355,0.716927,3.41135,-0.0953989,299
-28.4768,39.6548,0.793029,3.32335,-0.0880004,300
-28.6603,38.9259,0.751634,3.39342,0.0700684,301
-28.8337,38.1039,0.840089,3.35467,-0.0387488,302
-29.0666,37.3769,0.763446,3.45689,0.102223,303
-29.2666,36.6619,0.742351,3.41957,-0.0373253,304
-29.5416,35.987,0.728832,3.53374,0.114177,305
-29.7091,35.3772,0.632345,3.41502,-0.118727,306
-29.9516,34.4364,0.971564,3.39907,-0.0159427,307
-30.0714,33.6912,0.754754,3.30626,-0.0928096,308
-30.2407,32.9442,0.765943,3.36962,0.0633577,309
-30.3915,32.2117,0.747861,3.3499,-0.0197252,310
-30.6445,31.4537,0.79914,3.4689,0.118999,311
-30.8531,30.7751,0.709921,3.44506,-0.0238398,312
-31.2238,30.071,0.795727,3.63148,0.186423,313
-31.6472,29.3815,0.809087,3.69752,0.0660407,314
-32.0607,28.7896,0.722097,3.75669,0.0591678,315
-32.4621,28.1552,0.750743,3.71091,-0.0457797,316
-32.8521,27.5786,0.696089,3.74147,0.0305611,317
-33.1603,26.9343,0.714205,3.59311,-0.148356,318
-33.4397,26.2383,0.750009,3.5285,-0.0646101,319
-33.3597,25.4722,0.770241,3.04275,-0.485749,320
-33.2795,24.6993,0.777072,3.04344,0.000692017,321
-33.1845,23.9572,0.748164,3.01948,-0.0239661,322
-33.1689,23.2164,0.740964,3.12581,0.106333,323
-33.1061,22.4236,0.795274,3.06775,-0.0580591,324
-33.1547,21.6455,0.779615,3.20927,0.141513,325
-33.1578,20.7882,0.857262,3.15043,-0.058838,326
-33.1861,19.9668,0.821933,3.18125,0.0308201,327
-33.1244,19.2347,0.734698,3.06281,-0.11844,328
-33.0777,18.438,0.798072,3.08831,0.0254999,329
-32.9823,17.6995,0.744629,3.01836,-0.0699496,330
-32.9143,16.9273,0.775204,3.05895,0.0405907,331
-32.8181,16.1797,0.753778,3.0188,-0.0401531,332
-32.7608,15.3884,0.793336,3.07456,0.0557682,333
-32.6596,14.6216,0.773425,3.0156,-0.0589642,334
-32.5873,13.8202,0.804719,3.0569,0.0413047,335
-32.4537,13.083,0.749193,2.96749,-0.0894104,336
-32.3611,12.3064,0.78208,3.02814,0.0606434,337
-32.1953,11.5812,0.743943,2.92214,-0.105993,338
-32.0714,10.8724,0.719455,2.97378,0.0516397,339
-31.8892,10.1552,0.740049,2.89804,-0.0757404,340
-31.7368,9.42099,0.749837,2.94218,0.0441338,341
-31.5726,8.78978,0.652231,2.8923,-0.0498733,342
-31.5055,8.13278,0.660418,3.04504,0.152737,343
-31.512,7.39265,0.740151,3.1556,0.110555,344
-31.5509,6.67789,0.715821,3.20123,0.0456302,345
-31.5442,5.90009,0.777827,3.13814,-0.0630842,346
-31.5538,5.13482,0.765331,3.15942,0.0212779,347
-31.4843,4.36038,0.777558,3.05729,-0.102126,348
-31.4358,3.59225,0.769661,3.08383,0.0265315,349
-31.3042,2.82627,0.777206,2.97661,-0.107215,350
-31.1962,2.04549,0.788212,3.00939,0.0327798,351
-31.0572,1.24816,0.80935,2.97432,-0.0350738,352
-30.9827,0.480413,0.771354,3.05003,0.0757173,353
-30.8805,-0.288344,0.775522,3.01465,-0.0353824,354
-30.8474,-1.04028,0.752666,3.10282,0.0881691,355
-30.7702,-1.71154,0.675677,3.03239,-0.070432,356
-30.7702,-1.71154,0,3.15,0.117611,357
-30.8436,-2.48674,0.778672,3.24126,0.091262,358
-30.9264,-3.25042,0.768149,3.25476,0.0134947,359
-31.0865,-4.00758,0.773916,3.35528,0.100523,360
-31.2229,-4.81047,0.814388,3.31507,-0.040204,361
-31.3729,-5.55299,0.757521,3.34616,0.0310874,362
-31.4657,-6.3824,0.834573,3.2582,-0.0879668,363
-31.6027,-7.16313,0.792677,3.32062,0.062428,364
-31.716,-7.88917,0.734826,3.30162,-0.0190014,365
-31.8796,-8.64551,0.773819,3.35979,0.0581646,366
-31.9662,-9.41477,0.774128,3.25903,-0.100754,367
-32.114,-10.1801,0.779478,3.33749,0.0784604,368
-32.1961,-10.9898,0.813782,3.24793,-0.0895637,369
-32.2985,-11.7491,0.76624,3.28082,0.0328908,370
-32.3349,-12.4106,0.662503,3.20182,-0.078996,371
-32.4419,-13.2281,0.824408,3.27697,0.0751441,372
-32.5466,-14.014,0.792912,3.27933,0.00236281,373
-32.6681,-14.7203,0.716684,3.31718,0.0378492,374
-32.7898,-15.5218,0.810679,3.29754,-0.0196392,375
-32.9144,-16.2529,0.741589,3.31562,0.0180813,376
-33.0014,-16.9885,0.740713,3.26448,-0.0511372,377
-33.151,-17.7742,0.799882,3.33498,0.0704966,378
-33.2641,-18.4944,0.729005,3.30266,-0.0323242,379
-33.4291,-19.2417,0.76533,3.36407,0.061415,380
-33.564,-19.9739,0.744472,3.32901,-0.0350624,381
-33.7944,-20.745,0.804764,3.43727,0.108256,382
-33.999,-21.4415,0.725977,3.43254,-0.00472301,383
-34.2713,-22.1471,0.756331,3.51511,0.0825684,384
-34.5166,-22.9263,0.816898,3.45185,-0.0632625,385
-34.7715,-23.5979,0.718307,3.50955,0.0577035,386
-35.0266,-24.4311,0.871385,3.44396,-0.0655894,387
-35.305,-25.1639,0.783912,3.50979,0.0658275,388
-35.5097,-25.893,0.75731,3.42056,-0.0892337,389
-35.7573,-26.6229,0.770744,3.4739,0.0533441,390
-35.9786,-27.4001,0.808047,3.42428,-0.0496242,391
-36.2313,-28.0983,0.742577,3.49408,0.0698006,392
-36.46,-28.8444,0.780348,3.44427,-0.04981,393
-36.7174,-29.5044,0.708415,3.5187,0.0744313,394
-36.8742,-30.1807,0.69423,3.37459,-0.144111,395
-37.0989,-31.0243,0.873037,3.40713,0.0325412,396
-37.2628,-31.7619,0.755594,3.36548,-0.0416529,397
-37.5117,-32.4733,0.753641,3.48339,0.117913,398
-37.7197,-33.2003,0.756194,3.42556,-0.0578235,399
-37.9467,-33.948,0.781368,3.44159,0.0160258,400
-38.1216,-34.7239,0.795437,3.36844,-0.0731474,401
-38.331,-35.4749,0.779635,3.41886,0.0504124,402
-38.4997,-36.2566,0.799658,3.35933,-0.0595291,403
-38.6639,-36.9254,0.688695,3.38761,0.0282803,404
-38.7952,-37.6826,0.768464,3.31856,-0.0690419,405
-38.9413,-38.4416,0.772937,3.33696,0.0183929,406
-39.0173,-39.1581,0.72055,3.25255,-0.0844036,407
-39.1421,-39.7826,0.636841,3.34393,0.0913803,408
-39.1421,-39.7826,0,3.29801,-0.0459234,409
-39.1935,-40.4949,0.714093,3.2189,-0.079108,410
-39.2907,-41.2872,0.798308,3.26885,0.0499518,411
-39.3234,-42.0232,0.736658,3.19131,-0.0775423,412
-39.3431,-42.7308,0.707886,3.17461,-0.0167043,413
-39.2739,-43.4576,0.730155,3.05201,-0.122595,414
-39.2314,-44.2545,0.798001,3.09347,0.0414587,415
-39.1923,-45.0344,0.78088,3.0967,0.00323244,416
-39.26,-45.75,0.718813,3.24124,0.144538,417
-39.2593,-46.5767,0.826653,3.14599,-0.0952501,418
-39.2853,-47.4505,0.874211,3.17648,0.0304835,419
-39.2254,-48.1731,0.725062,3.06418,-0.112292,420
-39.2031,-48.9919,0.819107,3.11967,0.055483,421
-39.1413,-49.6755,0.686446,3.05659,-0.0630757,422
-39.094,-50.4392,0.765083,3.08493,0.0283444,423
-39.0095,-51.1332,0.699197,3.02573,-0.0592019,424
-38.9756,-51.9165,0.78397,3.10362,0.0778868,425
-38.8713,-52.6492,0.740098,3.00532,-0.0983017,426
-38.8235,-53.4079,0.760187,3.08398,0.078659,427
-38.7374,-54.0899,0.687413,3.02121,-0.0627652,428
-38.7022,-54.7016,0.612779,3.08934,0.0681318,429
-38.7022,-54.7016,0,3.11202,0.0226739,430
-38.6092,-55.3253,0.630604,2.99887,-0.11315,431
-38.578,-56.0912,0.766472,3.10612,0.107249,432
-38.5389,-56.7012,0.611256,3.08285,-0.0232619,433
-38.5389,-56.7012,0,3.01561,-0.0672459,434
-38.4853,-57.4455,0.746261,3.07484,0.0592335,435
-38.4547,-58.1544,0.709507,3.10379,0.0289509,436
-38.4851,-58.9295,0.775745,3.18595,0.0821606,437
-38.5571,-59.6259,0.700082,3.24983,0.0638808,438
-38.7191,-60.4048,0.795559,3.35188,0.102043,439
-38.7661,-61.0805,0.677352,3.21639,-0.13549,440
-38.8833,-61.8387,0.767221,3.3001,0.0837142,441
-38.9201,-62.5022,0.664497,3.20229,-0.0978088,442
-38.9201,-62.5022,0,3.19237,-0.00992648,443
-39.009,-63.29,0.792761,3.25921,0.0668411,444
-39.0289,-63.9576,0.667907,3.17656,-0.0826459,445
-39.1284,-64.7311,0.779911,3.27487,0.0983109,446
-39.1284,-64.7311,0,3.29071,0.0158396,447
-39.2863,-65.4738,0.759307,3.3562,0.0654865,448
-39.5238,-66.2754,0.836055,3.4349,0.0787019,449
-39.7213,-67.0374,0.787156,3.40042,-0.0344806,450
-39.9824,-67.741,0.750515,3.50225,0.101834,451
-40.2128,-68.4224,0.71927,3.4729,-0.0293523,452
-40.472,-69.2142,0.833181,3.46315,-0.00974841,453
-40.572,-69.9116,0.704524,3.28921,-0.173945,454
-40.8549,-70.7404,0.875689,3.47577,0.186561,455
-41.031,-71.4758,0.756223,3.38183,-0.0939359,456
-41.2118,-72.2612,0.805986,3.3731,-0.00873108,457
-41.2859,-72.9646,0.707263,3.25179,-0.121307,458
-41.3841,-73.7443,0.785838,3.27213,0.0203379,459
-41.4067,-74.4292,0.68529,3.17985,-0.0922857,460
-41.4067,-74.4292,0,3.22505,0.0452054,461
-41.4037,-75.1587,0.729548,3.14273,-0.0823188,462
-41.2679,-75.8157,0.670834,2.94294,-0.199794,463
-40.7668,-76.4186,0.783978,2.45342,-0.489522,464
-40.398,-77.0916,0.767386,2.64554,0.192125,465
-40.1433,-77.7603,0.715631,2.78288,0.13734,466
-40.547,-78.5081,0.849805,3.64186,0.858976,467
-41.2065,-79.0855,0.876512,3.99853,0.35667,468
-41.8137,-79.4331,0.699669,4.19763,0.199104,469
-42.5402,-79.8301,0.8279,4.21754,0.01991,470
-43.2616,-80.1352,0.783263,4.31756,0.100015,471
-43.9236,-80.5,0.755884,4.21399,-0.103566,472
-44.5222,-80.8382,0.687517,4.20326,-0.010732,473
-44.734,-81.4619,0.658686,3.47421,-0.729053,474
-44.8197,-82.3184,0.860772,3.24659,-0.227614,475
-44.8304,-83.1217,0.803356,3.16014,-0.0864512,476
-44.9355,-83.8836,0.769081,3.28382,0.123682,477
-45.0701,-84.5977,0.726692,3.33324,0.0494208,478
-45.3405,-85.3244,0.775394,3.50296,0.16972,479
-45.6333,-86.1151,0.843092,3.50146,-0.00150031,480
-45.9495,-86.8885,0.83557,3.53498,0.0335151,481
-46.1645,-87.5731,0.717557,3.45115,-0.0838327,482
-46.4156,-88.3571,0.823317,3.45675,0.00560411,483
-46.5623,-89.1475,0.803831,3.33037,-0.126378,484
-46.714,-89.9352,0.802201,3.33708,0.00671293,485
-46.6426,-90.6436,0.711947,3.04639,-0.290694,486
-46.3879,-91.4211,0.818213,2.8302,-0.216189,487
-46.1032,-92.1908,0.820655,2.79252,-0.0376853,488
-45.8957,-92.9831,0.819008,2.89072,0.0982067,489
-45.6424,-93.7001,0.760481,2.80728,-0.08344,490
-45.4346,-94.4713,0.798682,2.8836,0.0763158,491
-45.1996,-95.1407,0.709478,2.8092,-0.0744023,492
-45.0274,-95.8479,0.72786,2.90804,0.0988454,493
-44.9055,-96.5676,0.729959,2.97903,0.0709891,494
-45.0319,-97.3196,0.762503,3.31342,0.334391,495
-45.1409,-98.088,0.776118,3.28765,-0.0257733,496
-45.2982,-98.891,0.818258,3.34036,0.0527138,497
-45.4134,-99.6643,0.781773,3.29467,-0.0456898,498
-45.5269,-100.407,0.751034,3.29849,0.00381804,499
-45.5718,-101.102,0.697197,3.2113,-0.087187,500
-45.7309,-101.943,0.855043,3.33406,0.12276,501
-45.8458,-102.712,0.778127,3.29498,-0.0390839,502
-45.9533,-103.452,0.74779,3.2911,-0.00388391,503
-46.0098,-104.18,0.730525,3.22421,-0.066884,504
-46.0541,-104.995,0.815399,3.20115,-0.0230579,505
-45.6524,-105.637,0.757527,2.58793,-0.613219,506
-45.1843,-106.356,0.857728,2.56957,-0.0183666,507
-44.7433,-106.96,0.748189,2.51652,-0.0530479,508
-44.3205,-107.582,0.752297,2.54993,0.033406,509
-43.8689,-108.216,0.777828,2.52748,-0.022442,510
-43.4881,-108.875,0.761028,2.62272,0.0952367,511
-43.4881,-108.875,0,3.28173,0.659008,512
-43.6695,-109.628,0.774769,3.38321,0.101481,513
-43.8962,-110.417,0.821534,3.42634,0.0431338,514
-44.051,-111.172,0.770568,3.34918,-0.0771652,515
-44.2359,-111.933,0.783225,3.38506,0.0358796,516
-44.3892,-112.716,0.797156,3.34042,-0.0446384,517
-44.6046,-113.512,0.825192,3.41089,0.0704721,518
-44.7063,-114.25,0.745156,3.28379,-0.127097,519
-44.8555,-115.042,0.805374,3.33318,0.0493835,520
-44.9585,-115.814,0.779282,3.27934,-0.0538386,521
-45.092,-116.578,0.774845,3.31994,0.040601,522
-45.1689,-117.349,0.775156,3.24625,-0.0736862,523
-45.287,-118.115,0.775651,3.29964,0.0533865,524
-45.3564,-118.864,0.751772,3.23929,-0.060345,525
-45.4328,-119.607,0.747282,3.24929,0.00999093,526
-45.3701,-120.25,0.645283,3.04944,-0.199846,527
-45.3701,-120.25,0,3.00877,-0.0406734,528
-45.4078,-120.929,0.680393,3.20234,0.193576,529
-45.1814,-121.567,0.677031,2.80587,-0.396469,530
-44.7358,-122.279,0.839745,2.58745,-0.218427,531
-44.3121,-122.872,0.728783,2.5263,-0.0611486,532
-43.8777,-123.591,0.840123,2.60352,0.0772169,533
-43.4443,-124.221,0.764683,2.54415,-0.0593628,534
-43.066,-124.884,0.763506,2.62855,0.084397,535
-42.662,-125.522,0.755205,2.58236,-0.0461858,536
-42.3229,-126.218,0.774218,2.69336,0.110993,537
-41.9724,-126.867,0.737085,2.65139,-0.0419686,538
-41.6693,-127.525,0.724547,2.71516,0.0637721,539
-41.3155,-128.143,0.712619,2.62723,-0.0879329,540
-40.9632,-128.85,0.790145,2.68479,0.0575668,541
-40.5587,-129.544,0.803135,2.61902,-0.0657693,542
-40.2916,-130.19,0.699055,2.75465,0.135628,543
-40.2916,-130.19,0,2.95457,0.199921,544
-40.0729,-130.935,0.776043,2.86122,-0.0933541,545
-39.9142,-131.66,0.742641,2.93138,0.0701576,546
-39.7016,-132.37,0.741141,2.85599,-0.0753861,547
-39.5425,-133.123,0.769014,2.93835,0.0823628,548
-39.2912,-133.803,0.725455,2.79317,-0.145183,549
-39.0512,-134.569,0.802092,2.84291,0.0497439,550
-38.7855,-135.217,0.700287,2.7577,-0.0852164,551
-38.7855,-135.217,0,3.68307,0.925371,552
-39.1274,-135.888,0.753604,3.61765,-0.0654212,553
-39.4881,-136.554,0.757686,3.64309,0.0254373,554
-39.7842,-137.214,0.72323,3.56859,-0.0744974,555
-40.1671,-137.858,0.748952,3.68348,0.114887,556
-40.5263,-138.516,0.750066,3.64625,-0.037228,557
-40.9453,-139.182,0.786336,3.70875,0.0625012,558
-41.316,-139.856,0.769621,3.64935,-0.0594004,559
-41.7268,-140.57,0.823403,3.66929,0.0199458,560
-42.1013,-141.269,0.793328,3.63843,-0.0308589,561
-42.5356,-141.916,0.778998,3.73813,0.0996912,562
-42.9251,-142.555,0.748051,3.69445,-0.0436757,563
-42.9251,-142.555,0,-1.41172,-5.10617,564
-43.6789,-142.39,0.771755,-1.34989,0.0618263,565
-44.3772,-142.216,0.719541,-1.32197,0.0279243,566
-45.1282,-141.976,0.788317,-1.25664,0.0653279,567
-45.8336,-141.739,0.74426,-1.24078,0.0158599,568
-46.4978,-141.422,0.735841,-1.12077,0.120009,569
-47.2038,-141.114,0.77046,-1.15346,-0.0326912,570
-47.2038,-141.114,0,4.35658,5.51005,571
-47.7723,-141.455,0.662925,4.17728,-0.179304,572
-47.7723,-141.455,0,4.48642,0.309138,573
-47.7723,-141.455,0,4.46862,-0.0177964,574
-48.5095,-141.628,0.757345,4.48647,0.0178529,575
-49.2105,-141.87,0.741466,4.38569,-0.10078,576
-49.9689,-142.096,0.791536,4.42748,0.0417869,577
-50.6447,-142.425,0.751449,4.26516,-0.162321,578
-51.2724,-142.834,0.749182,4.14004,-0.125122,579
-51.2724,-142.834,0,3.18802,-0.952015,580
-51.2555,-143.618,0.783889,3.12522,-0.0627997,581
-51.2925,-144.388,0.771707,3.19478,0.0695626,582
-51.253,-145.137,0.749268,3.0942,-0.10058,583
-51.2828,-145.942,0.806053,3.18377,0.0895621,584
-51.2496,-146.764,0.822559,3.10643,-0.0773346,585
-51.2841,-147.515,0.752279,3.19268,0.0862506,586
-51.2661,-148.332,0.817255,3.12479,-0.0678962,587
-51.306,-149.114,0.782796,3.19793,0.0731433,588
-51.2886,-149.865,0.750933,3.12364,-0.0742877,589
-51.3222,-150.628,0.763823,3.19074,0.0670962,590
-51.353,-151.328,0.700824,3.19091,0.000173291,591
-51.4141,-152.095,0.769609,3.22627,0.0353584,592
-51.4235,-152.824,0.728179,3.15969,-0.0665799,593
-51.4982,-153.694,0.873403,3.23246,0.0727659,594
-51.5306,-154.387,0.69359,3.1936,-0.0388522,595
-51.6203,-155.232,0.849732,3.25259,0.0589835,596
-51.6471,-155.987,0.756069,3.18228,-0.0703059,597
-51.7123,-156.822,0.837446,3.22471,0.0424294,598
-51.7498,-157.579,0.75794,3.19637,-0.0283449,599
-51.82,-158.362,0.785891,3.23622,0.0398497,600
-51.8559,-159.102,0.74094,3.19535,-0.0408628,601
-51.9077,-159.865,0.76491,3.21466,0.0193083,602
-51.9169,-160.583,0.717691,3.1596,-0.0550645,603
-51.9467,-161.379,0.797141,3.18427,0.0246768,604
-51.9606,-162.159,0.780183,3.16455,-0.0197255,605
-51.9843,-162.895,0.735922,3.17914,0.0145919,606
-51.9598,-163.58,0.685941,3.11104,-0.0680953,607
-51.9612,-164.355,0.77511,3.14857,0.0375255,608
-51.9349,-165.078,0.722906,3.11053,-0.0380382,609
-51.9462,-165.764,0.685978,3.16331,0.0527826,610
-51.9665,-166.408,0.644753,3.17831,0.0149912,611
-51.9665,-166.408,0,-1.32939,-4.5077,612
-52.5976,-166.156,0.679539,-1.18567,0.14372,613
-53.3297,-165.778,0.823812,-1.08917,0.0965073,614
-53.9734,-165.428,0.732849,-1.06724,0.0219312,615
-54.6286,-164.959,0.806078,-0.943773,0.123463,616
-55.1774,-164.53,0.696645,-0.90194,0.041833,617
-55.6961,-164.017,0.728837,-0.786543,0.115397,618
-56.2277,-163.486,0.751578,-0.780494,0.00604937,619
-56.3235,-162.8,0.692963,-0.133474,0.64702,620
-56.2318,-162.06,0.745943,0.128452,0.261925,621
-56.0818,-161.248,0.82553,0.187966,0.0595142,622
-55.9792,-160.49,0.765073,0.139731,-0.0482353,623
-55.8377,-159.728,0.774799,0.188911,0.04918,624
-55.7447,-159.007,0.726582,0.133621,-0.0552898,625
-55.5726,-158.191,0.833884,0.213082,0.0794611,626
-55.4647,-157.529,0.6714,0.166714,-0.0463677,627
-55.3087,-156.709,0.833957,0.193424,0.0267096,628
-55.2205,-155.965,0.749209,0.123233,-0.0701912,629
-55.2205,-155.965,0,0.0671289,-0.0561038,630
-55.18,-155.187,0.779057,0.0572242,-0.00990465,631
-55.231,-154.462,0.726768,-0.0650449,-0.122269,632
-55.245,-153.707,0.755679,-0.0132989,0.051746,633
-55.2909,-152.978,0.7303,-0.0576621,-0.0443632,634
-55.2683,-152.197,0.781546,0.034116,0.0917781,635
-55.3123,-151.479,0.719638,-0.055809,-0.089925,636
-55.311,-150.556,0.92229,0.00662379,0.0624327,637
-55.3778,-149.799,0.76019,-0.0827725,-0.0893963,638
-55.4161,-148.951,0.849273,-0.0398843,0.0428882,639
-55.4932,-148.208,0.74675,-0.0981808,-0.0582965,640
-55.551,-147.376,0.834142,-0.0641635,0.0340173,641
-55.631,-146.646,0.733764,-0.103942,-0.0397785,642
-55.667,-145.891,0.756106,-0.0423912,0.0615508,643
-55.7792,-145.118,0.780838,-0.13902,-0.0966286,644
-55.8162,-144.347,0.772009,-0.0426899,0.09633,645
-55.8491,-143.621,0.727437,-0.0399429,0.00274701,646
-55.8491,-143.621,0,0.602118,0.642061,647
-55.3636,-143.01,0.780241,0.676832,0.0747138,648
-54.928,-142.415,0.736925,0.637567,-0.0392647,649
-54.4347,-141.833,0.763344,0.707926,0.0703592,650
-53.9698,-141.269,0.730575,0.695015,-0.0129112,651
-53.4054,-140.724,0.784597,0.808034,0.113019,652
-52.887,-140.234,0.713147,0.819029,0.0109952,653
-52.2822,-139.812,0.737861,0.966257,0.147228,654
-51.6682,-139.36,0.76239,0.941328,-0.0249298,655
-50.9817,-138.887,0.833431,0.973164,0.0318368,656
-50.3831,-138.427,0.754837,0.92102,-0.0521449,657
-49.7467,-138.002,0.765749,0.986253,0.0652331,658
-49.1058,-137.563,0.776321,0.976496,-0.00975641,659
-48.4518,-137.179,0.758464,1.04495,0.068452,660
-47.7946,-136.776,0.77102,1.0258,-0.0191473,661
-47.1256,-136.445,0.74638,1.11649,0.0906903,662
-46.5125,-136.134,0.687692,1.10601,-0.0104778,663
-45.7914,-136.213,0.725489,1.68567,0.579657,664
-45.0816,-136.321,0.717949,1.72666,0.040987,665
-44.2919,-136.448,0.799929,1.73598,0.00931809,666
-43.5337,-136.569,0.767826,1.73459,-0.0013869,667
-42.83,-136.719,0.71935,1.78535,0.050762,668
-42.1125,-136.88,0.735306,1.79637,0.0110225,669
-41.3863,-137.091,0.756249,1.85918,0.062805,670
-40.5811,-137.278,0.826661,1.8039,-0.0552803,671
-39.8419,-137.492,0.769727,1.85876,0.0548632,672
-39.0611,-137.675,0.801944,1.80629,-0.0524734,673
-38.3331,-137.902,0.762428,1.87776,0.0714759,674
-37.5812,-138.126,0.784737,1.86614,-0.0116208,675
-36.8815,-138.42,0.758716,1.97299,0.106847,676
-36.4582,-138.978,0.700354,2.49783,0.524842,677
-36.4582,-138.978,0,2.99042,0.492586,678
-36.3669,-139.702,0.72999,3.02149,0.0310743,679
-36.1787,-140.383,0.706979,2.87739,-0.144102,680
-35.9787,-141.155,0.796635,2.89309,0.0156979,681
-35.7425,-141.83,0.715347,2.81024,-0.0828443,682
-35.5706,-142.598,0.786902,2.92662,0.11638,683
-35.3874,-143.313,0.738546,2.8961,-0.0305198,684
-35.2682,-144.127,0.822465,3.00139,0.105288,685
-35.1463,-144.844,0.727232,2.97846,-0.0229269,686
-35.061,-145.662,0.822513,3.0429,0.0644368,687
-34.9352,-146.392,0.74094,2.97622,-0.0666783,688
-34.8033,-147.233,0.851192,2.99129,0.015068,689
-34.6686,-147.965,0.744211,2.96482,-0.0264717,690
-34.5871,-148.742,0.780964,3.04228,0.0774655,691
-34.4582,-149.472,0.741218,2.97202,-0.0702682,692
-34.3659,-150.233,0.766767,3.02612,0.054102,693
-34.1777,-150.933,0.725214,2.88437,-0.141744,694
-34.0107,-151.68,0.765581,2.92687,0.0424961,695
-33.8017,-152.426,0.774842,2.87374,-0.0531329,696
-33.6145,-153.253,0.847584,2.92417,0.0504273,697
-33.4449,-153.988,0.754521,2.92013,-0.00403442,698
-33.3267,-154.776,0.796743,2.99792,0.0777851,699
-33.1871,-155.51,0.747225,2.95884,-0.0390745,700
-33.1073,-156.331,0.824173,3.04988,0.0910375,701
-32.9925,-157.002,0.681207,2.9774,-0.0724756,702
-32.902,-157.813,0.815506,3.03568,0.0582796,703
-32.7763,-158.481,0.680678,2.96112,-0.0745638,704
-32.6798,-159.208,0.732533,3.01463,0.0535136,705
-32.4208,-159.791,0.638072,2.72892,-0.28571,706
-32.0926,-160.346,0.645315,2.61334,-0.115586,707
-31.7429,-160.988,0.731043,2.64795,0.0346105,708
-31.4084,-161.697,0.783419,2.70579,0.0578404,709
-31.0014,-162.354,0.773293,2.59257,-0.113221,710
-30.6618,-163.067,0.78969,2.70219,0.109622,711
-30.2521,-163.719,0.770111,2.58596,-0.116231,712
-29.8538,-164.411,0.798138,2.62434,0.0383858,713
-29.4199,-165.086,0.802733,2.57569,-0.0486564,714
-29.0449,-165.791,0.798394,2.65795,0.0822637,715
-28.6318,-166.42,0.752596,2.56577,-0.0921865,716
-28.2234,-167.108,0.799785,2.61088,0.0451198,717
-27.7571,-167.743,0.787964,2.5135,-0.0973851,718
-27.3277,-168.442,0.820089,2.5958,0.0822967,719
-26.8184,-169.111,0.840959,2.49629,-0.0995037,720
-26.4216,-169.728,0.733245,2.57504,0.0787473,721
-25.9407,-170.219,0.687594,2.37221,-0.202833,722
-25.4038,-170.828,0.811793,2.42426,0.0520495,723
-24.7555,-171.26,0.779035,2.16374,-0.260521,724
-24.0894,-171.767,0.837092,2.2267,0.06296,725
-23.4019,-172.194,0.809157,2.13133,-0.0953673,726
-22.6727,-172.653,0.862054,2.13874,0.00741293,727
-22.0453,-173.009,0.721155,2.09158,-0.0471647,728
-21.3062,-173.482,0.877459,2.1452,0.0536253,729
-20.6628,-173.839,0.735927,2.08286,-0.0623466,730
-20.0142,-174.238,0.761443,2.12757,0.0447159,731
-19.4043,-174.536,0.678831,2.03047,-0.0971013,732
-18.6691,-174.958,0.847416,2.0966,0.0661345,733
-17.9948,-175.251,0.735445,1.98663,-0.109971,734
-17.3902,-175.578,0.687598,2.07232,0.0856839,735
-16.6028,-175.815,0.822031,1.86746,-0.204857,736
-15.8514,-175.976,0.76859,1.78806,-0.0794013,737
-15.08,-176.088,0.779365,1.71917,-0.0688885,738
-14.2761,-176.223,0.815307,1.74324,0.0240708,739
-13.5444,-176.357,0.743778,1.75623,0.0129875,740
-12.826,-176.5,0.73253,1.77291,0.0166839,741
-12.2754,-176.885,0.671635,2.1858,0.412886,742
-12.2754,-176.885,0,2.42495,0.239149,743
-11.7486,-177.51,0.817923,2.44705,0.0220968,744
-11.2481,-178.081,0.758914,2.42661,-0.0204403,745
-10.801,-178.685,0.751963,2.51021,0.0836056,746
-10.3152,-179.283,0.770598,2.46472,-0.0454881,747
-9.84563,-179.948,0.813491,2.53145,0.0667271,748
-9.42833,-180.534,0.719907,2.52853,-0.00291743,749
-9.22081,-181.216,0.712186,2.85115,0.322615,750
-9.22081,-181.216,0,2.90505,0.0539059,751
-9.22081,-181.216,0,2.88909,-0.0159647,752
-9.04321,-182.104,0.906176,2.94956,0.060474,753
-8.779,-183.021,0.953979,2.86621,-0.0833557,754
-8.56382,-184.037,1.03834,2.93807,0.0718658,755
-8.20059,-185.261,1.27746,2.85852,-0.0795576,756
-7.98198,-185.869,0.645834,2.80152,-0.0569985,757
-7.59816,-186.817,1.02301,2.76223,-0.03929,758
-7.32497,-187.518,0.752065,2.77508,0.0128499,759
-7.0081,-188.379,0.917492,2.7942,0.0191243,760
-6.7086,-189.163,0.839105,2.78185,-0.0123551,761
-6.37718,-190.238,1.12511,2.84783,0.0659844,762
-6.00193,-191.2,1.03241,2.77484,-0.0729942,763
-5.6961,-192.079,0.930485,2.81193,0.0370911,764
-5.30236,-193.077,1.07336,2.77122,-0.0407047,765
-4.95377,-193.959,0.94825,2.77039,-0.000834667,766
-4.5226,-194.828,0.970169,2.68629,-0.0840948,767
-4.06419,-195.221,0.60387,2.28488,-0.401416,768
-3.31776,-195.3,0.750605,1.68147,-0.603411,769
-2.53741,-194.989,0.840216,1.19625,-0.485219,770
-2.13733,-194.405,0.707664,0.606092,-0.590155,771
-1.81026,-193.573,0.894537,0.379551,-0.22654,772
-1.85751,-192.797,0.776763,-0.0556272,-0.435178,773
-1.85147,-192.036,0.760825,0.01317,0.0687972,774
-1.79893,-191.17,0.867727,0.0658204,0.0526504,775
-1.79619,-190.26,0.909938,0.00824704,-0.0575734,776
-1.79346,-189.619,0.641151,0.00949342,0.00124638,777
-1.79701,-188.957,0.66192,-0.000118986,-0.0096124,778
-1.74626,-187.99,0.968879,0.0576324,0.0577514,779
-1.69732,-186.989,1.00163,0.054124,-0.00350844,780
-1.59934,-186.17,0.825538,0.124193,0.0700689,781
-1.48522,-185.567,0.613061,0.192476,0.0682834,782
-1.48522,-185.567,0,0.546797,0.35432,783
-1.06985,-184.907,0.78033,0.566558,0.0197612,784
-0.4752,-184.138,0.972186,0.663395,0.0968371,785
-0.4752,-184.138,0,0.794492,0.131097,786
0.0965963,-183.751,0.690027,0.981942,0.187451,787
0.756729,-183.299,0.800159,0.975442,-0.00650069,788
1.38254,-182.977,0.703754,1.10094,0.125494,789
2.02318,-182.682,0.705486,1.14392,0.0429883,790
2.83779,-182.515,0.831453,1.37439,0.230462,791
3.5101,-182.366,0.688575,1.35827,-0.0161212,792
4.21819,-182.6,0.745663,1.89485,0.536587,793
4.84702,-182.934,0.711782,2.06362,0.16877,794
5.35737,-183.367,0.66931,2.27967,0.216044,795
5.91833,-183.866,0.751315,2.30383,0.0241626,796
6.37111,-184.399,0.698609,2.44172,0.13789,797
6.89512,-184.981,0.783693,2.41445,-0.0272729,798
7.35983,-185.577,0.755835,2.48467,0.070222,799
7.91502,-186.143,0.792689,2.37089,-0.11378,800
8.43893,-186.765,0.813085,2.44666,0.0757714,801
8.99267,-187.299,0.769477,2.34356,-0.103096,802
9.46706,-187.839,0.718517,2.42569,0.0821256,803
10.0308,-188.44,0.824409,2.39382,-0.0318652,804
10.4917,-189.042,0.757887,2.49323,0.099408,805
11.0228,-189.623,0.786969,2.40597,-0.0872619,806
11.5453,-190.281,0.84054,2.47597,0.070003,807
12.0645,-190.854,0.773285,2.41075,-0.0652234,808
12.5069,-191.487,0.772147,2.53673,0.125985,809
13.0506,-192.081,0.805141,2.4055,-0.131233,810
13.4843,-192.637,0.705492,2.48465,0.0791511,811
14.0187,-193.248,0.811479,2.42802,-0.056636,812
14.476,-193.838,0.746439,2.48746,0.0594441,813
15.0097,-194.46,0.819903,2.43799,-0.0494727,814
15.4753,-195.068,0.765288,2.4927,0.0547145,815
15.895,-195.602,0.679672,2.48135,-0.0113513,816
16.3036,-196.258,0.77256,2.5895,0.10815,817
16.3036,-196.258,0,2.89617,0.306665,818
16.3036,-196.258,0,3.03023,0.134064,819
16.3158,-196.999,0.740928,3.1304,0.100168,820
16.2634,-197.741,0.74421,3.21732,0.0869173,821
16.248,-198.541,0.800308,3.16599,-0.0513208,822
16.1431,-199.353,0.818437,3.27538,0.10939,823
16.1231,-200.225,0.87201,3.16984,-0.105548,824
16.0416,-200.996,0.775617,3.25199,0.0821537,825
16.0248,-201.768,0.771654,3.1686,-0.0833944,826
15.9557,-202.499,0.734905,3.24098,0.0723884,827
15.9484,-203.269,0.76976,3.15632,-0.0846672,828
15.8783,-203.972,0.706483,3.24631,0.089991,829
15.8746,-204.713,0.740958,3.15179,-0.094518,830
15.8108,-205.485,0.774552,3.22929,0.0774982,831
15.8197,-206.241,0.756641,3.13502,-0.094266,832
15.7753,-207.008,0.768242,3.20469,0.069663,833
15.7711,-207.722,0.713272,3.15269,-0.0519914,834
15.728,-208.491,0.770399,3.20285,0.0501548,835
15.7946,-209.232,0.744151,3.0572,-0.145648,836
15.7889,-209.986,0.753527,3.15435,0.0971457,837
15.8385,-210.726,0.741847,3.07998,-0.0743663,838
15.8195,-211.511,0.785355,3.17101,0.0910249,839
15.8738,-212.221,0.711966,3.07054,-0.100465,840
15.8862,-212.952,0.731154,3.12985,0.0593096,841
15.9593,-213.742,0.794041,3.05457,-0.0752776,842
15.9562,-214.595,0.853022,3.15054,0.0959673,843
16.0257,-215.306,0.714156,3.04936,-0.101179,844
16.0281,-216.142,0.835551,3.14387,0.0945094,845
16.1309,-216.902,0.766838,3.01241,-0.131461,846
16.1403,-217.687,0.785036,3.13484,0.122427,847
16.2036,-218.375,0.690781,3.05501,-0.0798224,848
16.2266,-219.117,0.74317,3.11601,0.0609912,849
16.3109,-219.901,0.787951,3.03954,-0.0764692,850
16.3578,-220.687,0.787807,3.08735,0.0478146,851
16.4319,-221.474,0.789982,3.05288,-0.0344685,852
16.444,-222.263,0.78914,3.13144,0.0785578,853
16.526,-223.037,0.778116,3.04121,-0.0902267,854
16.5744,-223.806,0.770771,3.08399,0.0427749,855
16.6622,-224.592,0.790761,3.03558,-0.0484051,856
16.7007,-225.367,0.776384,3.09723,0.0616497,857
16.8156,-226.09,0.731642,2.98909,-0.108144,858
16.9224,-226.818,0.73602,3.00131,0.012218,859
17.3602,-227.287,0.641591,2.39575,-0.605557,860
18.0314,-227.995,0.976019,2.38858,-0.00716493,861
18.5435,-228.477,0.703205,2.33099,-0.0575919,862
19.1138,-229.085,0.833147,2.39286,0.0618649,863
19.6541,-229.65,0.782001,2.38414,-0.00871867,864
20.1796,-230.251,0.798275,2.4283,0.0441638,865
20.6996,-230.758,0.725923,2.34824,-0.0800621,866
21.2096,-231.311,0.752962,2.40265,0.054411,867
21.7431,-231.852,0.759291,2.36779,-0.034863,868
22.2359,-232.382,0.724274,2.39852,0.0307291,869
22.8183,-232.95,0.813312,2.34874,-0.049777,870
23.3445,-233.521,0.776155,2.40171,0.0529655,871
23.8716,-234.027,0.730849,2.34141,-0.0602978,872
24.4242,-234.656,0.836927,2.42558,0.0841741,873
24.9486,-235.158,0.726206,2.33998,-0.0856039,874
25.4944,-235.771,0.821097,2.41971,0.0797307,875
26.0246,-236.306,0.752788,2.36542,-0.0542929,876
26.5297,-236.887,0.769956,2.43138,0.0659625,877
26.9045,-237.469,0.692656,2.57496,0.143582,878
26.5526,-238.182,0.794951,3.6055,1.03054,879
26.5526,-238.182,0,3.93759,0.332096,880
26.0302,-238.675,0.717894,3.96164,0.0240476,881
25.411,-239.105,0.753777,4.11086,0.149215,882
24.8725,-239.507,0.672286,4.07572,-0.0351401,883
24.8725,-239.507,0,4.17305,0.0973321,884
24.2542,-240.062,0.830912,3.98614,-0.186906,885
24.2542,-240.062,0,4.09445,0.10831,886
24.2542,-240.062,0,4.06926,-0.0251944,887
23.7251,-240.688,0.819634,3.84854,-0.220722,888
23.2671,-241.131,0.637121,3.94897,0.100438,889
22.7592,-241.729,0.784777,3.85075,-0.0982265,890
22.2824,-242.184,0.658704,3.95602,0.105274,891
22.2824,-242.184,0,3.55919,-0.396827,892
22.0773,-242.777,0.628166,3.47956,-0.0796289,893
21.8377,-243.38,0.648638,3.52515,0.0455816,894
21.8377,-243.38,0,3.48808,-0.0370696,895
21.8377,-243.38,0,3.44731,-0.040763,896
21.8377,-243.38,0,3.70196,0.254643,897
21.4489,-244.002,0.732953,3.70599,0.00403534,898
20.9663,-244.579,0.752566,3.84299,0.136993,899
20.4419,-245.115,0.749616,3.92162,0.0786322,900
19.8444,-245.502,0.711999,4.1426,0.220987,901
19.2436,-245.905,0.723341,4.12689,-0.0157178,902
18.5697,-246.296,0.779163,4.19178,0.0648913,903
18.0217,-246.701,0.681523,4.08111,-0.110669,904
17.4393,-247.02,0.664025,4.21657,0.135459,905
17.4393,-247.02,0,4.26359,0.0470201,906
16.8314,-247.285,0.66314,4.30653,0.042944,907
16.1212,-247.508,0.7443,4.41378,0.107246,908
15.4093,-247.764,0.756611,4.37212,-0.0416593,909
14.6633,-247.972,0.774493,4.44539,0.0732671,910
13.9701,-248.192,0.727256,4.41011,-0.0352769,911
13.2333,-248.395,0.764268,4.44872,0.038612,912
12.5516,-248.615,0.716292,4.40573,-0.0429942,913
11.8577,-248.779,0.71298,4.48569,0.079959,914
11.1209,-249.012,0.772905,4.41082,-0.0748633,915
10.4318,-249.192,0.712247,4.46228,0.0514593,916
9.72061,-249.42,0.746623,4.40813,-0.0541563,917
9.06524,-249.624,0.686406,4.41577,0.00764065,918
8.39991,-249.839,0.699258,4.40483,-0.0109425,919
8.39991,-249.839,0,4.40676,0.00193583,920
7.61303,-250.054,0.815631,4.45133,0.0445681,921
6.9308,-250.254,0.71102,4.43211,-0.0192213,922
6.2282,-250.461,0.732564,4.43062,-0.00148688,923
5.55012,-250.69,0.715575,4.39246,-0.0381645,924
4.81204,-250.857,0.756876,4.49428,0.101824,925
4.08928,-251.059,0.750238,4.44614,-0.0481377,926
3.33879,-251.218,0.767263,4.50817,0.0620291,927
2.61885,-251.414,0.746106,4.45199,-0.0561868,928
1.85354,-251.594,0.786077,4.48725,0.0352692,929
1.13512,-251.826,0.755171,4.40436,-0.0828992,930
0.438688,-252.007,0.719594,4.46324,0.0588807,931
0.438688,-252.007,0,-1.02689,-5.49013,932
-0.179805,-251.609,0.735916,-0.992858,0.0340366,933
-0.803492,-251.248,0.720423,-1.04136,-0.0485003,934
-1.48749,-250.765,0.837188,-0.950981,0.0903772,935
-2.11437,-250.389,0.731224,-1.02478,-0.0737993,936
-2.83224,-249.917,0.85912,-0.983969,0.0408111,937
-3.48827,-249.554,0.749527,-1.06071,-0.0767423,938
-4.15655,-249.191,0.760654,-1.06761,-0.00690227,939
-4.82526,-248.955,0.709232,-1.22588,-0.158264,940
-5.51734,-249.219,0.740698,4.35329,5.57917,941
-6.10994,-249.667,0.74302,4.07008,-0.283211,942
-6.80498,-250.105,0.821402,4.15556,0.0854768,943
-7.41641,-250.526,0.742507,4.11433,-0.0412305,944
-8.14158,-250.976,0.853272,4.16257,0.0482448,945
-8.75303,-251.38,0.732977,4.13351,-0.0290592,946
-9.43744,-251.745,0.775909,4.22708,0.093564,947
-10.128,-252.164,0.80743,4.17297,-0.05411,948
-10.8173,-252.506,0.769683,4.25652,0.0835561,949
-11.4976,-252.876,0.774311,4.2196,-0.036925,950
-12.173,-253.116,0.716844,4.37587,0.156275,951
-12.9539,-253.258,0.793781,4.53761,0.161738,952
-12.9539,-253.258,0,-0.828869,-5.36648,953
-13.3639,-252.654,0.72994,-0.59114,0.237729,954
-13.749,-251.998,0.760952,-0.525441,0.0656982,955
-13.9761,-251.241,0.790802,-0.285998,0.239444,956
-14.1578,-250.389,0.871028,-0.204933,0.0810644,957
-14.3055,-249.766,0.639949,-0.227652,-0.0227186,958
-14.3055,-249.766,0,-0.205134,0.0225179,959
-14.5329,-249.1,0.703625,-0.323884,-0.11875,960
-14.7809,-248.267,0.869145,-0.284102,0.0397822,961
-15.028,-247.647,0.667808,-0.37379,-0.0896882,962
-15.2373,-246.98,0.699059,-0.298749,0.075041,963
-15.2373,-246.98,0,-0.683391,-0.384642,964
-15.7651,-246.49,0.720109,-0.817585,-0.134194,965
-16.2753,-245.941,0.749711,-0.743088,0.0744971,966
-16.8253,-245.447,0.738814,-0.834615,-0.0915276,967
-17.3225,-244.88,0.75433,-0.714431,0.120184,968
-17.8455,-244.395,0.713235,-0.817879,-0.103447,969
-18.3435,-243.796,0.77908,-0.688236,0.129642,970
-18.8132,-243.318,0.670094,-0.771344,-0.0831079,971
-19.2749,-242.738,0.741342,-0.667115,0.104229,972
-19.8332,-242.238,0.749321,-0.835472,-0.168357,973
-20.2973,-241.756,0.669212,-0.761151,0.0743202,974
-20.8616,-241.218,0.779766,-0.803845,-0.0426936,975
-21.358,-240.659,0.747506,-0.721052,0.0827931,976
-21.8234,-240.225,0.63627,-0.815069,-0.0940174,977
-22.3718,-239.6,0.831987,-0.714533,0.100537,978
-22.8326,-239.096,0.682417,-0.735996,-0.0214628,979
-23.3143,-238.48,0.782447,-0.657973,0.0780229,980
-23.7916,-237.96,0.705421,-0.737948,-0.0799748,981
-24.2394,-237.351,0.756317,-0.628428,0.10952,982
-24.6452,-236.824,0.665038,-0.650936,-0.0225078,983
-25.1103,-236.219,0.76294,-0.650433,0.000502379,984
-25.5957,-235.723,0.694111,-0.769212,-0.118778,985
-25.5957,-235.723,0,4.53686,5.30608,986
-26.2261,-235.881,0.649777,4.47233,-0.0645322,987
-26.8941,-236.017,0.681902,4.51596,0.0436291,988
-27.5459,-236.245,0.690287,4.38202,-0.133942,989
-28.1875,-236.391,0.658055,4.49345,0.111435,990
-28.918,-236.642,0.772368,4.38661,-0.106844,991
-29.4932,-236.83,0.605049,4.4023,0.0156945,992
-29.9145,-237.297,0.629188,3.88062,-0.521681,993
-30.4745,-237.992,0.892551,3.82499,-0.0556328,994
-30.8245,-238.623,0.7217,3.65324,-0.171749,995
-31.282,-239.336,0.847113,3.71726,0.0640187,996
-31.6094,-239.905,0.656733,3.66877,-0.0484938,997
-32.0343,-240.505,0.734888,3.76336,0.0945954,998
-32.3818,-241.115,0.702402,3.66426,-0.0991023,999
-32.8516,-241.73,0.773449,3.79963,0.135369,1000
-33.2895,-242.325,0.739149,3.78093,-0.0186973,1001
-33.8208,-242.85,0.746593,3.93866,0.157728,1002
-34.4187,-243.371,0.793038,4.00083,0.0621738,1003
-35.1908,-243.797,0.881869,4.21334,0.212505,1004
-35.8467,-244.249,0.796491,4.11446,-0.0988815,1005
-36.6941,-244.54,0.896019,4.38667,0.272211,1006
-37.4827,-244.786,0.826275,4.41467,0.0280059,1007
-38.2629,-244.949,0.797072,4.51141,0.0967373,1008
-38.9656,-245.184,0.740663,4.39599,-0.115419,1009
-39.6824,-245.397,0.74797,4.42765,0.0316546,1010
-40.269,-245.606,0.622515,4.37653,-0.0511156,1011
-41.0495,-245.817,0.808585,4.45305,0.0765178,1012
-41.6857,-246.045,0.67579,4.37393,-0.0791224,1013
-42.4579,-246.215,0.790727,4.50089,0.126966,1014
-43.1308,-246.381,0.693037,4.47581,-0.0250831,1015
-43.9421,-246.561,0.831098,4.4987,0.0228925,1016
-44.643,-246.778,0.733758,4.41729,-0.0814069,1017
-45.3919,-246.989,0.777873,4.44385,0.026555,1018
-46.1252,-247.274,0.786648,4.34707,-0.0967782,1019
-46.9,-247.49,0.804372,4.44569,0.0986173,1020
-47.5489,-247.682,0.67695,4.42901,-0.0166812,1021
-48.2972,-247.866,0.770471,4.47719,0.0481838,1022
-49.0367,-248.087,0.771848,4.4269,-0.0502936,1023
-49.7654,-248.262,0.749371,4.48215,0.055252,1024
-50.4726,-248.468,0.736711,4.43355,-0.0486033,1025
-51.1618,-248.638,0.709855,4.47592,0.0423756,1026
-51.8256,-248.894,0.711477,4.34966,-0.126262,1027
-52.5381,-249.111,0.744637,4.42248,0.0728182,1028
-53.2476,-249.348,0.74802,4.39538,-0.0270931,1029
-54.0145,-249.57,0.798531,4.43527,0.0398814,1030
-54.7059,-249.792,0.726086,4.40716,-0.0281063,1031
-55.4312,-249.961,0.744819,4.48844,0.0812843,1032
-56.1211,-250.179,0.723488,4.41169,-0.0767549,1033
-56.9202,-250.355,0.818304,4.5007,0.0890066,1034
-57.6031,-250.555,0.711446,4.43333,-0.0673677,1035
-58.3596,-250.728,0.776017,4.49292,0.0595923,1036
-59.0698,-250.966,0.749182,4.39372,-0.0992026,1037
-59.9312,-251.176,0.886667,4.47821,0.0844944,1038
-60.5637,-251.379,0.664253,4.40718,-0.0710288,1039
-61.3095,-251.575,0.771054,4.46063,0.0534516,1040
-62.0479,-251.826,0.7799,4.39011,-0.070526,1041
-62.8035,-252.046,0.786887,4.43483,0.0447211,1042
-63.5557,-252.306,0.796003,4.38407,-0.0507639,1043
-64.2819,-252.573,0.773545,4.36612,-0.0179439,1044
-64.8852,-252.941,0.706838,4.16942,-0.196701,1045
-65.5173,-253.524,0.85996,3.97267,-0.196753,1046
-65.8194,-254.237,0.774511,3.54741,-0.425262,1047
-66.184,-254.977,0.824354,3.60498,0.0575787,1048
-66.4742,-255.619,0.704932,3.57111,-0.0338758,1049
-66.8421,-256.342,0.811061,3.61776,0.0466498,1050
-67.1386,-257.054,0.771345,3.54127,-0.0764922,1051
-67.4663,-257.747,0.766628,3.58857,0.0473048,1052
-67.7452,-258.421,0.729234,3.53931,-0.0492582,1053
-68.0581,-259.167,0.808731,3.54404,0.00473178,1054
-68.2713,-259.843,0.708971,3.45233,-0.0917135,1055
-68.5239,-260.627,0.823481,3.45858,0.00624811,1056
-68.3233,-261.363,0.763138,2.88083,-0.577745,1057
-68.0388,-262.092,0.782972,2.77498,-0.10585,1058
-67.8267,-262.745,0.686116,2.83253,0.0575498,1059
-67.6276,-263.553,0.83201,2.90516,0.0726256,1060
-67.3993,-264.212,0.697467,2.81335,-0.0918084,1061
-67.1859,-265.05,0.865215,2.89762,0.0842674,1062
-66.9596,-265.746,0.731982,2.83247,-0.065145,1063
-66.7653,-266.558,0.834944,2.91199,0.079514,1064
-66.5436,-267.236,0.713192,2.83069,-0.0812921,1065
-66.338,-268.032,0.821621,2.89391,0.0632132,1066
-66.1252,-268.716,0.71689,2.84546,-0.0484479,1067
-65.9597,-269.478,0.77921,2.93286,0.0873969,1068
-65.7263,-270.18,0.739822,2.82592,-0.106939,1069
-65.5384,-270.976,0.818649,2.9152,0.0892786,1070
-65.331,-271.691,0.744392,2.86451,-0.0506842,1071
-65.1656,-272.479,0.8052,2.9399,0.0753878,1072
-64.9643,-273.228,0.775452,2.88419,-0.0557106,1073
-64.8137,-273.985,0.771819,2.95046,0.0662726,1074
-64.6087,-274.746,0.787717,2.88356,-0.0668982,1075
-64.453,-275.519,0.788791,2.94813,0.0645716,1076
-64.258,-276.215,0.722497,2.8736,-0.0745339,1077
-64.1193,-276.932,0.730599,2.9558,0.0822018,1078
-63.8841,-277.669,0.77348,2.83781,-0.117994,1079
-63.6506,-278.481,0.845161,2.86692,0.029111,1080
-63.4254,-279.178,0.732277,2.83427,-0.0326475,1081
-63.2502,-279.926,0.768528,2.91688,0.0826067,1082
-63.0442,-280.632,0.73541,2.86284,-0.0540363,1083
-62.8749,-281.428,0.813459,2.93721,0.0743648,1084
-62.6924,-282.099,0.695321,2.88129,-0.0559182,1085
-62.5527,-282.921,0.834377,2.97853,0.09724,1086
-62.3775,-283.604,0.704172,2.89538,-0.0831481,1087
-62.2105,-284.421,0.834672,2.94536,0.0499788,1088
-62.0265,-285.097,0.700551,2.88108,-0.0642842,1089
-61.8664,-285.851,0.7705,2.93756,0.0564863,1090
-61.6363,-286.536,0.722836,2.82282,-0.114741,1091
-61.421,-287.292,0.786,2.86935,0.0465323,1092
-61.2663,-288.035,0.758799,2.94155,0.0721974,1093
-61.4158,-288.841,0.819395,3.33036,0.38881,1094
-61.5915,-289.613,0.792267,3.37036,0.0399973,1095
-61.8732,-290.294,0.736573,3.53937,0.169012,1096
-62.0533,-290.871,0.605178,3.44904,-0.090333,1097
