f4-f3,70:f9:6d:c1:40:20,301wifi,-75,1528709913.454000,1528709907.283000,13846.484037
f4-f3,70:f9:6d:c1:32:80,301wifi,-69,1528709913.454000,1528709907.283000,13846.483902
f4-f3,70:f9:6d:b0:24:20,301wifi,-74,1528709913.454000,1528709907.283000,13846.484020
f4-f3,70:f9:6d:c1:1e:20,301wifi,-75,1528709913.454000,1528709907.283000,13846.484053
f4-f3,70:f9:6d:bb:62:20,301wifi,-82,1528709913.454000,1528709907.283000,13846.484182
f4-f3,70:f9:6d:c1:3e:f0,XMZYL-link,-77,1528709913.454000,1528709907.283000,13846.484149
f4-f3,92:a6:df:10:41:19,yshz,-72,1528709913.454000,1528709907.283000,13846.484099
f4-f3,dc:6d:cd:93:14:bc,OPPO R7sm,-70,1528709913.454000,1528709907.283000,13846.483949
f4-f3,70:f9:6d:c3:20:20,301wifi,-80,1528709913.454000,1528709907.283000,13806.899361
f4-f3,70:f9:6d:c1:3e:20,301wifi,-72,1528709913.454000,1528709907.283000,13806.899208
f4-f3,70:f9:6d:c1:39:80,301wifi,-81,1528709913.454000,1528709907.283000,13846.484165
f4-f3,70:f9:6d:bb:26:20,301wifi,-84,1528709913.454000,1528709907.283000,13846.484216
f4-f3,70:f9:6d:c1:39:40,301wifi,-80,1528709913.454000,1528709907.283000,13806.899425
f4-f3,70:f9:6d:bb:30:a0,301wifi,-72,1528709913.454000,1528709907.283000,13846.483986
f4-f3,0c:da:41:08:65:10,301wifi,-71,1528709913.454000,1528709907.283000,13846.484068
f4-f3,70:f9:6d:c1:39:90,301wifi,-73,1528709913.454000,1528709907.283000,13806.899299
f4-f3,70:f9:6d:bb:30:b0,301wifi,-67,1528709913.454000,1528709907.283000,13846.483931
f4-f3,70:f9:6d:c1:3e:30,301wifi,-73,1528709913.454000,1528709907.283000,13846.484083
f4-f3,70:f9:6d:c3:38:20,301wifi,-82,1528709913.454000,1528709907.283000,13806.899542
f4-f3,70:f9:6d:c1:18:70,XMZYL-link,-76,1528709913.454000,1528709907.283000,13846.484133
f4-f3,70:f9:6d:c1:22:e0,301wifi,-78,1528709913.454000,1528709907.283000,13806.899328
f4-f3,70:f9:6d:c1:22:f0,301wifi,-73,1528709913.454000,1528709907.283000,13806.899237
f4-f3,70:f9:6d:bb:2f:20,301wifi,-73,1528709913.454000,1528709907.283000,13846.484003
f4-f3,70:f9:6d:c1:3c:60,301wifi,-83,1528709913.454000,1528709907.283000,13806.899574
f4-f3,70:f9:6d:c1:38:80,301wifi,-85,1528709913.454000,1528709907.283000,13806.899873
f4-f3,70:f9:6d:c1:39:50,301wifi,-78,1528709913.454000,1528709907.283000,13806.899479
f4-f3,70:f9:6d:c1:26:90,301wifi,-78,1528709913.454000,1528709907.283000,13806.899452
f4-f3,70:f9:6d:c3:2c:a0,301wifi,-87,1528709913.454000,1528709907.283000,13806.899918
f4-f3,70:f9:6d:bb:26:c0,301wifi,-77,1528709913.454000,1528709907.283000,13846.484118
f4-f3,70:f9:6d:c3:13:e0,301wifi,-84,1528709913.454000,1528709907.283000,13846.484199
f4-f3,74:25:8a:59:ff:40,301wifi,-84,1528709913.454000,1528709907.283000,13846.484231
f4-f3,70:f9:6d:c1:47:a0,301wifi,-85,1528709913.454000,1528709907.283000,13846.484246
f4-f3,70:f9:6d:ba:51:40,301wifi,-85,1528709913.454000,1528709907.283000,13846.484262
f4-f3,70:f9:6d:c1:40:20,301wifi,-71,1528709919.411000,1528709913.467000,13852.462984
f4-f3,70:f9:6d:c1:32:80,301wifi,-69,1528709919.411000,1528709913.467000,13852.462930
f4-f3,70:f9:6d:b0:24:20,301wifi,-74,1528709919.411000,1528709913.467000,13852.463024
f4-f3,70:f9:6d:c1:1e:20,301wifi,-75,1528709919.411000,1528709913.467000,13852.463040
f4-f3,70:f9:6d:bb:62:20,301wifi,-82,1528709919.411000,1528709913.467000,13852.463154
f4-f3,70:f9:6d:c1:3e:f0,XMZYL-link,-75,1528709919.411000,1528709913.467000,13852.463066
f4-f3,92:a6:df:10:41:19,yshz,-72,1528709919.411000,1528709913.467000,13852.463078
f4-f3,dc:6d:cd:93:14:bc,OPPO R7sm,-70,1528709919.411000,1528709913.467000,13852.462971
f4-f3,70:f9:6d:c1:39:80,301wifi,-81,1528709919.411000,1528709913.467000,13852.463141
f4-f3,70:f9:6d:bb:26:20,301wifi,-84,1528709919.411000,1528709913.467000,13852.463178
f4-f3,70:f9:6d:bb:30:a0,301wifi,-72,1528709919.411000,1528709913.467000,13852.462997
f4-f3,0c:da:41:08:65:10,301wifi,-71,1528709919.411000,1528709913.467000,13852.463053
f4-f3,70:f9:6d:bb:30:b0,301wifi,-67,1528709919.411000,1528709913.467000,13852.462956
f4-f3,70:f9:6d:c1:3e:30,301wifi,-76,1528709919.411000,1528709913.467000,13852.463130
f4-f3,70:f9:6d:c1:18:70,XMZYL-link,-76,1528709919.411000,1528709913.467000,13852.463117
f4-f3,70:f9:6d:bb:2f:20,301wifi,-73,1528709919.411000,1528709913.467000,13852.463011
f4-f3,70:f9:6d:bb:26:c0,301wifi,-77,1528709919.411000,1528709913.467000,13852.463090
f4-f3,70:f9:6d:c3:13:e0,301wifi,-84,1528709919.411000,1528709913.467000,13852.463166
f4-f3,74:25:8a:59:ff:40,301wifi,-84,1528709919.411000,1528709913.467000,13852.463192
f4-f3,70:f9:6d:c1:47:a0,301wifi,-85,1528709919.411000,1528709913.467000,13852.463230
f4-f3,70:f9:6d:ba:51:40,301wifi,-85,1528709919.411000,1528709913.467000,13852.463246
f4-f3,02:1a:11:f1:e5:14,HUAWEI P9,-82,1528709919.411000,1528709913.467000,13852.463259
f4-f3,70:f9:6d:c0:af:40,301wifi,-77,1528709919.411000,1528709913.467000,13852.463103
f4-f3,70:f9:6d:c1:40:20,301wifi,-67,1528709925.544000,1528709919.438000,13858.600332
f4-f3,70:f9:6d:c1:32:80,301wifi,-64,1528709925.544000,1528709919.438000,13858.600301
f4-f3,70:f9:6d:b0:24:20,301wifi,-70,1528709925.544000,1528709919.438000,13858.600647
f4-f3,70:f9:6d:c1:1e:20,301wifi,-64,1528709925.544000,1528709919.438000,13858.600288
f4-f3,70:f9:6d:bb:62:20,301wifi,-73,1528709925.544000,1528709919.438000,13858.600683
f4-f3,70:f9:6d:c1:3e:f0,XMZYL-link,-75,1528709925.544000,1528709919.438000,13858.600727
f4-f3,92:a6:df:10:41:19,yshz,-72,1528709925.544000,1528709919.438000,13852.463078
f4-f3,dc:6d:cd:93:14:bc,OPPO R7sm,-67,1528709925.544000,1528709919.438000,13858.600661
f4-f3,70:f9:6d:c1:39:80,301wifi,-81,1528709925.544000,1528709919.438000,13852.463141
f4-f3,70:f9:6d:bb:26:20,301wifi,-84,1528709925.544000,1528709919.438000,13852.463178
f4-f3,70:f9:6d:bb:30:a0,301wifi,-72,1528709925.544000,1528709919.438000,13852.462997
f4-f3,0c:da:41:08:65:10,301wifi,-71,1528709925.544000,1528709919.438000,13852.463053
f4-f3,70:f9:6d:bb:30:b0,301wifi,-77,1528709925.544000,1528709919.438000,13858.600792
f4-f3,70:f9:6d:c1:3e:30,301wifi,-76,1528709925.544000,1528709919.438000,13858.600779
f4-f3,70:f9:6d:c1:18:70,XMZYL-link,-76,1528709925.544000,1528709919.438000,13852.463117
f4-f3,70:f9:6d:bb:2f:20,301wifi,-57,1528709925.544000,1528709919.438000,13858.600251
f4-f3,70:f9:6d:bb:26:c0,301wifi,-72,1528709925.544000,1528709919.438000,13858.600672
f4-f3,70:f9:6d:c3:13:e0,301wifi,-84,1528709925.544000,1528709919.438000,13852.463166
f4-f3,74:25:8a:59:ff:40,301wifi,-84,1528709925.544000,1528709919.438000,13852.463192
f4-f3,70:f9:6d:c1:47:a0,301wifi,-85,1528709925.544000,1528709919.438000,13852.463230
f4-f3,70:f9:6d:ba:51:40,301wifi,-85,1528709925.544000,1528709919.438000,13852.463246
f4-f3,02:1a:11:f1:e5:14,HUAWEI P9,-82,1528709925.544000,1528709919.438000,13858.600885
f4-f3,70:f9:6d:c0:af:40,301wifi,-77,1528709925.544000,1528709919.438000,13858.600740
f4-f3,00:01:7a:76:e4:52,,-85,1528709925.544000,1528709919.438000,13858.600872
f4-f3,70:f9:6d:bb:2f:30,301wifi,-63,1528709925.544000,1528709919.438000,13858.600314
f4-f3,70:f9:6d:c3:1d:80,301wifi,-74,1528709925.544000,1528709919.438000,13858.600695
f4-f3,70:f9:6d:bb:31:60,301wifi,-77,1528709925.544000,1528709919.438000,13858.600753
f4-f3,70:f9:6d:ba:a2:00,301wifi,-80,1528709925.544000,1528709919.438000,13858.600765
f4-f3,70:f9:6d:b0:24:30,301wifi,-73,1528709925.544000,1528709919.438000,13858.600713
f4-f3,70:f9:6d:c1:46:80,301wifi,-82,1528709925.544000,1528709919.438000,13858.600805
f4-f3,74:25:8a:97:2d:40,301wifi,-83,1528709925.544000,1528709919.438000,13858.600823
f4-f3,70:f9:6d:c3:42:00,301wifi,-84,1528709925.544000,1528709919.438000,13858.600859
f4-f3,70:f9:6d:c1:40:20,301wifi,-67,1528709925.714000,1528709925.560000,13858.659466
f4-f3,70:f9:6d:c1:32:80,301wifi,-64,1528709925.714000,1528709925.560000,13858.659443
f4-f3,70:f9:6d:b0:24:20,301wifi,-70,1528709925.714000,1528709925.560000,13858.659478
f4-f3,70:f9:6d:c1:1e:20,301wifi,-64,1528709925.714000,1528709925.560000,13858.659432
f4-f3,70:f9:6d:bb:62:20,301wifi,-73,1528709925.714000,1528709925.560000,13858.659526
f4-f3,70:f9:6d:c1:3e:f0,XMZYL-link,-75,1528709925.714000,1528709925.560000,13858.600727
f4-f3,92:a6:df:10:41:19,yshz,-72,1528709925.714000,1528709925.560000,13852.463078
f4-f3,dc:6d:cd:93:14:bc,OPPO R7sm,-67,1528709925.714000,1528709925.560000,13858.659504
f4-f3,70:f9:6d:c1:39:80,301wifi,-81,1528709925.714000,1528709925.560000,13852.463141
f4-f3,70:f9:6d:bb:26:20,301wifi,-84,1528709925.714000,1528709925.560000,13852.463178
f4-f3,70:f9:6d:bb:30:a0,301wifi,-72,1528709925.714000,1528709925.560000,13852.462997
f4-f3,0c:da:41:08:65:10,301wifi,-71,1528709925.714000,1528709925.560000,13852.463053
f4-f3,70:f9:6d:bb:30:b0,301wifi,-77,1528709925.714000,1528709925.560000,13858.659578
f4-f3,70:f9:6d:c1:3e:30,301wifi,-76,1528709925.714000,1528709925.560000,13858.600779
f4-f3,70:f9:6d:c1:18:70,XMZYL-link,-76,1528709925.714000,1528709925.560000,13852.463117
f4-f3,70:f9:6d:bb:2f:20,301wifi,-57,1528709925.714000,1528709925.560000,13858.659407
f4-f3,70:f9:6d:bb:26:c0,301wifi,-72,1528709925.714000,1528709925.560000,13858.659515
f4-f3,70:f9:6d:c3:13:e0,301wifi,-84,1528709925.714000,1528709925.560000,13852.463166
f4-f3,74:25:8a:59:ff:40,301wifi,-84,1528709925.714000,1528709925.560000,13852.463192
f4-f3,70:f9:6d:c1:47:a0,301wifi,-85,1528709925.714000,1528709925.560000,13852.463230
f4-f3,70:f9:6d:ba:51:40,301wifi,-85,1528709925.714000,1528709925.560000,13852.463246
f4-f3,02:1a:11:f1:e5:14,HUAWEI P9,-82,1528709925.714000,1528709925.560000,13858.600885
f4-f3,70:f9:6d:c0:af:40,301wifi,-77,1528709925.714000,1528709925.560000,13858.600740
f4-f3,00:01:7a:76:e4:52,,-85,1528709925.714000,1528709925.560000,13858.659624
f4-f3,70:f9:6d:bb:2f:30,301wifi,-63,1528709925.714000,1528709925.560000,13858.659453
f4-f3,70:f9:6d:c3:1d:80,301wifi,-74,1528709925.714000,1528709925.560000,13858.659536
f4-f3,70:f9:6d:bb:31:60,301wifi,-77,1528709925.714000,1528709925.560000,13858.659557
f4-f3,70:f9:6d:ba:a2:00,301wifi,-80,1528709925.714000,1528709925.560000,13858.659567
f4-f3,70:f9:6d:b0:24:30,301wifi,-73,1528709925.714000,1528709925.560000,13858.659546
f4-f3,70:f9:6d:c1:46:80,301wifi,-82,1528709925.714000,1528709925.560000,13858.659589
f4-f3,74:25:8a:97:2d:40,301wifi,-83,1528709925.714000,1528709925.560000,13858.659600
f4-f3,70:f9:6d:c3:42:00,301wifi,-84,1528709925.714000,1528709925.560000,13858.659612
f4-f3,70:f9:6d:c1:40:20,301wifi,-71,1528709930.663000,1528709925.726000,13863.676107
f4-f3,70:f9:6d:c1:32:80,301wifi,-66,1528709930.663000,1528709925.726000,13863.676014
f4-f3,70:f9:6d:b0:24:20,301wifi,-73,1528709930.663000,1528709925.726000,13863.676124
f4-f3,70:f9:6d:c1:1e:20,301wifi,-67,1528709930.663000,1528709925.726000,13863.676034
f4-f3,70:f9:6d:bb:62:20,301wifi,-74,1528709930.663000,1528709925.726000,13863.676207
f4-f3,70:f9:6d:c1:3e:f0,XMZYL-link,-62,1528709930.663000,1528709925.726000,13863.675957
f4-f3,92:a6:df:10:41:19,yshz,-68,1528709930.663000,1528709925.726000,13863.676087
f4-f3,dc:6d:cd:93:14:bc,OPPO R7sm,-67,1528709930.663000,1528709925.726000,13863.676069
f4-f3,70:f9:6d:c1:39:80,301wifi,-81,1528709930.663000,1528709925.726000,13852.463141
f4-f3,70:f9:6d:bb:26:20,301wifi,-84,1528709930.663000,1528709925.726000,13852.463178
f4-f3,70:f9:6d:bb:30:a0,301wifi,-72,1528709930.663000,1528709925.726000,13852.462997
f4-f3,0c:da:41:08:65:10,301wifi,-71,1528709930.663000,1528709925.726000,13852.463053
f4-f3,70:f9:6d:bb:30:b0,301wifi,-77,1528709930.663000,1528709925.726000,13863.676387
f4-f3,70:f9:6d:c1:3e:30,301wifi,-76,1528709930.663000,1528709925.726000,13858.600779
f4-f3,70:f9:6d:c1:18:70,XMZYL-link,-76,1528709930.663000,1528709925.726000,13852.463117
f4-f3,70:f9:6d:bb:2f:20,301wifi,-66,1528709930.663000,1528709925.726000,13863.675994
f4-f3,70:f9:6d:bb:26:c0,301wifi,-73,1528709930.663000,1528709925.726000,13863.676160
f4-f3,70:f9:6d:c3:13:e0,301wifi,-84,1528709930.663000,1528709925.726000,13852.463166
f4-f3,74:25:8a:59:ff:40,301wifi,-73,1528709930.663000,1528709925.726000,13863.676143
f4-f3,70:f9:6d:c1:47:a0,301wifi,-85,1528709930.663000,1528709925.726000,13852.463230
f4-f3,70:f9:6d:ba:51:40,301wifi,-85,1528709930.663000,1528709925.726000,13852.463246
f4-f3,02:1a:11:f1:e5:14,HUAWEI P9,-82,1528709930.663000,1528709925.726000,13858.600885
f4-f3,70:f9:6d:c0:af:40,301wifi,-77,1528709930.663000,1528709925.726000,13858.600740
f4-f3,00:01:7a:76:e4:52,,-85,1528709930.663000,1528709925.726000,13863.676895
f4-f3,70:f9:6d:bb:2f:30,301wifi,-55,1528709930.663000,1528709925.726000,13863.675916
f4-f3,70:f9:6d:c3:1d:80,301wifi,-74,1528709930.663000,1528709925.726000,13863.676175
f4-f3,70:f9:6d:bb:31:60,301wifi,-83,1528709930.663000,1528709925.726000,13863.676637
f4-f3,70:f9:6d:ba:a2:00,301wifi,-80,1528709930.663000,1528709925.726000,13863.676371
f4-f3,70:f9:6d:b0:24:30,301wifi,-73,1528709930.663000,1528709925.726000,13863.676257
f4-f3,70:f9:6d:c1:46:80,301wifi,-82,1528709930.663000,1528709925.726000,13863.676565
f4-f3,74:25:8a:97:2d:40,301wifi,-83,1528709930.663000,1528709925.726000,13863.676594
f4-f3,70:f9:6d:c3:42:00,301wifi,-84,1528709930.663000,1528709925.726000,13863.676867
f4-f3,70:f9:6d:c1:3d:70,XMZYL-link,-66,1528709930.663000,1528709925.726000,13863.676050
f4-f3,00:01:7a:76:e4:53,,-85,1528709930.663000,1528709925.726000,13863.676915
f4-f3,70:f9:6d:c1:32:90,301wifi,-64,1528709930.663000,1528709925.726000,13863.675976
f4-f3,70:f9:6d:ba:6a:20,301wifi,-74,1528709930.663000,1528709925.726000,13863.676190
f4-f3,70:f9:6d:ba:7c:a0,301wifi,-77,1528709930.663000,1528709925.726000,13863.676293
f4-f3,70:f9:6d:c2:df:80,301wifi,-77,1528709930.663000,1528709925.726000,13863.676273
f4-f3,70:f9:6d:c1:97:a0,301wifi,-79,1528709930.663000,1528709925.726000,13863.676344
f4-f3,74:25:8a:59:ff:50,301wifi,-72,1528709930.663000,1528709925.726000,13863.676224
f4-f3,70:f9:6d:bb:62:30,301wifi,-72,1528709930.663000,1528709925.726000,13863.676241
f4-f3,70:f9:6d:bb:3c:60,301wifi,-83,1528709930.663000,1528709925.726000,13863.676617
f4-f3,70:f9:6d:c1:40:20,301wifi,-73,1528709935.455000,1528709930.683000,13868.485773
f4-f3,70:f9:6d:c1:32:80,301wifi,-67,1528709935.455000,1528709930.683000,13868.485731
f4-f3,70:f9:6d:b0:24:20,301wifi,-76,1528709935.455000,1528709930.683000,13868.485857
f4-f3,70:f9:6d:c1:1e:20,301wifi,-67,1528709935.455000,1528709930.683000,13868.485719
f4-f3,70:f9:6d:bb:62:20,301wifi,-65,1528709935.455000,1528709930.683000,13868.485594
f4-f3,70:f9:6d:c1:3e:f0,XMZYL-link,-59,1528709935.455000,1528709930.683000,13868.485547
f4-f3,92:a6:df:10:41:19,yshz,-64,1528709935.455000,1528709930.683000,13868.485645
f4-f3,dc:6d:cd:93:14:bc,OPPO R7sm,-60,1528709935.455000,1528709930.683000,13868.485569
f4-f3,70:f9:6d:bb:30:b0,301wifi,-77,1528709935.455000,1528709930.683000,13863.676387
f4-f3,70:f9:6d:c1:3e:30,301wifi,-76,1528709935.455000,1528709930.683000,13858.600779
f4-f3,70:f9:6d:bb:2f:20,301wifi,-63,1528709935.455000,1528709930.683000,13868.485581
f4-f3,70:f9:6d:bb:26:c0,301wifi,-73,1528709935.455000,1528709930.683000,13868.485787
f4-f3,74:25:8a:59:ff:40,301wifi,-73,1528709935.455000,1528709930.683000,13868.485762
f4-f3,02:1a:11:f1:e5:14,HUAWEI P9,-80,1528709935.455000,1528709930.683000,13868.485928
f4-f3,70:f9:6d:c0:af:40,301wifi,-76,1528709935.455000,1528709930.683000,13868.485868
f4-f3,00:01:7a:76:e4:52,,-85,1528709935.455000,1528709930.683000,13863.676895
f4-f3,70:f9:6d:bb:2f:30,301wifi,-67,1528709935.455000,1528709930.683000,13868.485752
f4-f3,70:f9:6d:c3:1d:80,301wifi,-74,1528709935.455000,1528709930.683000,13863.676175
f4-f3,70:f9:6d:bb:31:60,301wifi,-79,1528709935.455000,1528709930.683000,13868.485909
f4-f3,70:f9:6d:ba:a2:00,301wifi,-80,1528709935.455000,1528709930.683000,13868.485919
f4-f3,70:f9:6d:b0:24:30,301wifi,-73,1528709935.455000,1528709930.683000,13863.676257
f4-f3,70:f9:6d:c1:46:80,301wifi,-82,1528709935.455000,1528709930.683000,13863.676565
f4-f3,74:25:8a:97:2d:40,301wifi,-82,1528709935.455000,1528709930.683000,13868.485937
f4-f3,70:f9:6d:c3:42:00,301wifi,-84,1528709935.455000,1528709930.683000,13868.485956
f4-f3,70:f9:6d:c1:3d:70,XMZYL-link,-66,1528709935.455000,1528709930.683000,13868.485742
f4-f3,00:01:7a:76:e4:53,,-85,1528709935.455000,1528709930.683000,13868.485978
f4-f3,70:f9:6d:c1:32:90,301wifi,-64,1528709935.455000,1528709930.683000,13868.485606
f4-f3,70:f9:6d:ba:6a:20,301wifi,-73,1528709935.455000,1528709930.683000,13868.485797
f4-f3,70:f9:6d:ba:7c:a0,301wifi,-77,1528709935.455000,1528709930.683000,13868.485890
f4-f3,70:f9:6d:c2:df:80,301wifi,-77,1528709935.455000,1528709930.683000,13868.485878
f4-f3,70:f9:6d:c1:97:a0,301wifi,-79,1528709935.455000,1528709930.683000,13868.485899
f4-f3,74:25:8a:59:ff:50,301wifi,-71,1528709935.455000,1528709930.683000,13868.485808
f4-f3,70:f9:6d:bb:62:30,301wifi,-72,1528709935.455000,1528709930.683000,13868.485836
f4-f3,70:f9:6d:bb:3c:60,301wifi,-83,1528709935.455000,1528709930.683000,13868.485947
f4-f3,00:ec:0a:ec:b0:d1,1,-75,1528709935.455000,1528709930.683000,13868.485847
f4-f3,0c:da:41:08:64:40,301wifi,-84,1528709935.455000,1528709930.683000,13868.485966
f4-f3,70:f9:6d:c1:3f:e0,301wifi,-85,1528709935.455000,1528709930.683000,13868.485988
f4-f3,70:f9:6d:c1:99:60,301wifi,-85,1528709935.455000,1528709930.683000,13868.485998
f4-f3,70:f9:6d:c1:40:20,301wifi,-69,1528709940.262000,1528709935.480000,13873.294406
f4-f3,70:f9:6d:c1:32:80,301wifi,-66,1528709940.262000,1528709935.480000,13873.294377
f4-f3,70:f9:6d:b0:24:20,301wifi,-72,1528709940.262000,1528709935.480000,13873.294518
f4-f3,70:f9:6d:c1:1e:20,301wifi,-67,1528709940.262000,1528709935.480000,13868.485719
f4-f3,70:f9:6d:bb:62:20,301wifi,-62,1528709940.262000,1528709935.480000,13873.294312
f4-f3,70:f9:6d:c1:3e:f0,XMZYL-link,-61,1528709940.262000,1528709935.480000,13873.294326
f4-f3,92:a6:df:10:41:19,yshz,-66,1528709940.262000,1528709935.480000,13873.294507
f4-f3,dc:6d:cd:93:14:bc,OPPO R7sm,-60,1528709940.262000,1528709935.480000,13873.294268
f4-f3,70:f9:6d:bb:30:b0,301wifi,-77,1528709940.262000,1528709935.480000,13863.676387
f4-f3,70:f9:6d:bb:2f:20,301wifi,-69,1528709940.262000,1528709935.480000,13873.294419
f4-f3,70:f9:6d:bb:26:c0,301wifi,-70,1528709940.262000,1528709935.480000,13873.294478
f4-f3,74:25:8a:59:ff:40,301wifi,-74,1528709940.262000,1528709935.480000,13873.294530
f4-f3,02:1a:11:f1:e5:14,HUAWEI P9,-74,1528709940.262000,1528709935.480000,13873.294581
f4-f3,70:f9:6d:c0:af:40,301wifi,-74,1528709940.262000,1528709935.480000,13873.294557
f4-f3,00:01:7a:76:e4:52,,-85,1528709940.262000,1528709935.480000,13873.297087
f4-f3,70:f9:6d:bb:2f:30,301wifi,-62,1528709940.262000,1528709935.480000,13873.294340
f4-f3,70:f9:6d:c3:1d:80,301wifi,-80,1528709940.262000,1528709935.480000,13873.294745
f4-f3,70:f9:6d:bb:31:60,301wifi,-79,1528709940.262000,1528709935.480000,13873.294716
f4-f3,70:f9:6d:ba:a2:00,301wifi,-77,1528709940.262000,1528709935.480000,13873.294665
f4-f3,70:f9:6d:b0:24:30,301wifi,-70,1528709940.262000,1528709935.480000,13873.294494
f4-f3,70:f9:6d:c1:46:80,301wifi,-82,1528709940.262000,1528709935.480000,13863.676565
f4-f3,74:25:8a:97:2d:40,301wifi,-79,1528709940.262000,1528709935.480000,13873.294704
f4-f3,70:f9:6d:c3:42:00,301wifi,-80,1528709940.262000,1528709935.480000,13873.294729
f4-f3,70:f9:6d:c1:3d:70,XMZYL-link,-62,1528709940.262000,1528709935.480000,13873.294351
f4-f3,00:01:7a:76:e4:53,,-85,1528709940.262000,1528709935.480000,13868.485978
f4-f3,70:f9:6d:c1:32:90,301wifi,-64,1528709940.262000,1528709935.480000,13868.485606
f4-f3,70:f9:6d:ba:6a:20,301wifi,-68,1528709940.262000,1528709935.480000,13873.294391
f4-f3,70:f9:6d:ba:7c:a0,301wifi,-74,1528709940.262000,1528709935.480000,13873.294543
f4-f3,70:f9:6d:c2:df:80,301wifi,-77,1528709940.262000,1528709935.480000,13868.485878
f4-f3,70:f9:6d:c1:97:a0,301wifi,-79,1528709940.262000,1528709935.480000,13868.485899
f4-f3,74:25:8a:59:ff:50,301wifi,-71,1528709940.262000,1528709935.480000,13873.294569
f4-f3,70:f9:6d:bb:62:30,301wifi,-60,1528709940.262000,1528709935.480000,13873.294297
f4-f3,70:f9:6d:bb:3c:60,301wifi,-81,1528709940.262000,1528709935.480000,13873.294771
f4-f3,00:ec:0a:ec:b0:d1,1,-75,1528709940.262000,1528709935.480000,13873.294638
f4-f3,0c:da:41:08:64:40,301wifi,-82,1528709940.262000,1528709935.480000,13873.294784
f4-f3,70:f9:6d:c1:3f:e0,301wifi,-79,1528709940.262000,1528709935.480000,13873.294691
f4-f3,70:f9:6d:c1:99:60,301wifi,-85,1528709940.262000,1528709935.480000,13873.294826
f4-f3,70:f9:6d:c1:1e:30,301wifi,-63,1528709940.262000,1528709935.480000,13873.294364
f4-f3,70:f9:6d:b3:71:40,301wifi,-77,1528709940.262000,1528709935.480000,13873.294651
f4-f3,70:f9:6d:c3:13:e0,301wifi,-78,1528709940.262000,1528709935.480000,13873.294678
f4-f3,70:f9:6d:ba:51:40,301wifi,-83,1528709940.262000,1528709935.480000,13873.294796
f4-f3,70:f9:6d:c1:47:a0,301wifi,-84,1528709940.262000,1528709935.480000,13873.294810
f4-f3,70:f9:6d:c1:43:d0,301wifi,-78,1528709940.262000,1528709935.480000,13873.294757
f4-f3,70:f9:6d:c1:1b:b0,301wifi,-83,1528709940.262000,1528709935.480000,13873.297116
f4-f3,70:f9:6d:c1:40:20,301wifi,-72,1528709950.669000,1528709940.283000,13883.670374
f4-f3,70:f9:6d:c1:32:80,301wifi,-70,1528709950.669000,1528709940.283000,13883.670317
f4-f3,70:f9:6d:b0:24:20,301wifi,-72,1528709950.669000,1528709940.283000,13883.670389
f4-f3,70:f9:6d:c1:1e:20,301wifi,-76,1528709950.669000,1528709940.283000,13883.670520
f4-f3,70:f9:6d:bb:62:20,301wifi,-62,1528709950.669000,1528709940.283000,13883.670188
f4-f3,70:f9:6d:c1:3e:f0,XMZYL-link,-69,1528709950.669000,1528709940.283000,13883.670345
f4-f3,92:a6:df:10:41:19,yshz,-72,1528709950.669000,1528709940.283000,13883.670507
f4-f3,dc:6d:cd:93:14:bc,OPPO R7sm,-60,1528709950.669000,1528709940.283000,13873.294268
f4-f3,70:f9:6d:bb:2f:20,301wifi,-69,1528709950.669000,1528709940.283000,13883.670271
f4-f3,70:f9:6d:bb:26:c0,301wifi,-70,1528709950.669000,1528709940.283000,13883.670303
f4-f3,74:25:8a:59:ff:40,301wifi,-74,1528709950.669000,1528709940.283000,13883.670417
f4-f3,02:1a:11:f1:e5:14,HUAWEI P9,-74,1528709950.669000,1528709940.283000,13883.670479
f4-f3,70:f9:6d:c0:af:40,301wifi,-70,1528709950.669000,1528709940.283000,13883.670287
f4-f3,00:01:7a:76:e4:52,,-85,1528709950.669000,1528709940.283000,13883.670740
f4-f3,70:f9:6d:bb:2f:30,301wifi,-62,1528709950.669000,1528709940.283000,13883.670206
f4-f3,70:f9:6d:c3:1d:80,301wifi,-80,1528709950.669000,1528709940.283000,13883.670612
f4-f3,70:f9:6d:bb:31:60,301wifi,-79,1528709950.669000,1528709940.283000,13883.670582
f4-f3,70:f9:6d:ba:a2:00,301wifi,-77,1528709950.669000,1528709940.283000,13883.670549
f4-f3,70:f9:6d:b0:24:30,301wifi,-70,1528709950.669000,1528709940.283000,13883.670359
f4-f3,74:25:8a:97:2d:40,301wifi,-74,1528709950.669000,1528709940.283000,13883.670445
f4-f3,70:f9:6d:c3:42:00,301wifi,-80,1528709950.669000,1528709940.283000,13883.670597
f4-f3,70:f9:6d:c1:3d:70,XMZYL-link,-66,1528709950.669000,1528709940.283000,13883.670330
f4-f3,00:01:7a:76:e4:53,,-85,1528709950.669000,1528709940.283000,13868.485978
f4-f3,70:f9:6d:c1:32:90,301wifi,-64,1528709950.669000,1528709940.283000,13868.485606
f4-f3,70:f9:6d:ba:6a:20,301wifi,-67,1528709950.669000,1528709940.283000,13883.670238
f4-f3,70:f9:6d:ba:7c:a0,301wifi,-74,1528709950.669000,1528709940.283000,13883.670403
f4-f3,70:f9:6d:c2:df:80,301wifi,-77,1528709950.669000,1528709940.283000,13868.485878
f4-f3,70:f9:6d:c1:97:a0,301wifi,-81,1528709950.669000,1528709940.283000,13883.670652
f4-f3,74:25:8a:59:ff:50,301wifi,-71,1528709950.669000,1528709940.283000,13873.294569
f4-f3,70:f9:6d:bb:62:30,301wifi,-60,1528709950.669000,1528709940.283000,13883.670163
f4-f3,70:f9:6d:bb:3c:60,301wifi,-81,1528709950.669000,1528709940.283000,13883.670639
f4-f3,00:ec:0a:ec:b0:d1,1,-71,1528709950.669000,1528709940.283000,13883.670463
f4-f3,0c:da:41:08:64:40,301wifi,-82,1528709950.669000,1528709940.283000,13883.670698
f4-f3,70:f9:6d:c1:3f:e0,301wifi,-79,1528709950.669000,1528709940.283000,13883.670565
f4-f3,70:f9:6d:c1:99:60,301wifi,-85,1528709950.669000,1528709940.283000,13873.294826
f4-f3,70:f9:6d:c1:1e:30,301wifi,-63,1528709950.669000,1528709940.283000,13883.670222
f4-f3,70:f9:6d:b3:71:40,301wifi,-77,1528709950.669000,1528709940.283000,13883.670534
f4-f3,70:f9:6d:c3:13:e0,301wifi,-74,1528709950.669000,1528709940.283000,13883.670431
f4-f3,70:f9:6d:ba:51:40,301wifi,-83,1528709950.669000,1528709940.283000,13883.670712
f4-f3,70:f9:6d:c1:47:a0,301wifi,-84,1528709950.669000,1528709940.283000,13883.670726
f4-f3,70:f9:6d:c1:43:d0,301wifi,-78,1528709950.669000,1528709940.283000,13883.670626
f4-f3,70:f9:6d:c1:1b:b0,301wifi,-83,1528709950.669000,1528709940.283000,13883.670812
f4-f3,00:01:7a:76:e4:54,,-81,1528709950.669000,1528709940.283000,13883.670681
f4-f3,70:f9:6d:c1:90:40,301wifi,-81,1528709950.669000,1528709940.283000,13883.670665
f4-f3,74:25:8a:97:2d:50,301wifi,-75,1528709950.669000,1528709940.283000,13883.670492
f4-f3,70:f9:6d:c1:9a:e0,301wifi,-85,1528709950.669000,1528709940.283000,13883.670798
f4-f3,70:f9:6d:c1:43:c0,301wifi,-85,1528709950.669000,1528709940.283000,13883.670766
f4-f3,0c:da:41:08:65:00,301wifi,-85,1528709950.669000,1528709940.283000,13883.670781
f4-f3,74:25:8a:4c:e7:80,301wifi,-85,1528709950.669000,1528709940.283000,13883.670753
f4-f3,70:f9:6d:c1:40:20,301wifi,-71,1528709955.554000,1528709950.724000,13888.568150
f4-f3,70:f9:6d:c1:32:80,301wifi,-70,1528709955.554000,1528709950.724000,13888.568118
f4-f3,70:f9:6d:b0:24:20,301wifi,-74,1528709955.554000,1528709950.724000,13888.568264
f4-f3,70:f9:6d:c1:1e:20,301wifi,-76,1528709955.554000,1528709950.724000,13888.568365
f4-f3,70:f9:6d:bb:62:20,301wifi,-66,1528709955.554000,1528709950.724000,13888.568084
f4-f3,70:f9:6d:c1:3e:f0,XMZYL-link,-73,1528709955.554000,1528709950.724000,13888.568309
f4-f3,92:a6:df:10:41:19,yshz,-72,1528709955.554000,1528709950.724000,13888.568352
f4-f3,70:f9:6d:bb:2f:20,301wifi,-69,1528709955.554000,1528709950.724000,13883.670271
f4-f3,70:f9:6d:bb:26:c0,301wifi,-71,1528709955.554000,1528709950.724000,13888.568165
f4-f3,74:25:8a:59:ff:40,301wifi,-74,1528709955.554000,1528709950.724000,13888.568279
f4-f3,02:1a:11:f1:e5:14,HUAWEI P9,-76,1528709955.554000,1528709950.724000,13888.568420
f4-f3,70:f9:6d:c0:af:40,301wifi,-70,1528709955.554000,1528709950.724000,13888.568102
f4-f3,00:01:7a:76:e4:52,,-79,1528709955.554000,1528709950.724000,13888.568393
f4-f3,70:f9:6d:bb:2f:30,301wifi,-62,1528709955.554000,1528709950.724000,13883.670206
f4-f3,70:f9:6d:c3:1d:80,301wifi,-80,1528709955.554000,1528709950.724000,13883.670612
f4-f3,70:f9:6d:bb:31:60,301wifi,-79,1528709955.554000,1528709950.724000,13883.670582
f4-f3,70:f9:6d:ba:a2:00,301wifi,-80,1528709955.554000,1528709950.724000,13888.568407
f4-f3,70:f9:6d:b0:24:30,301wifi,-70,1528709955.554000,1528709950.724000,13883.670359
f4-f3,74:25:8a:97:2d:40,301wifi,-73,1528709955.554000,1528709950.724000,13888.568232
f4-f3,70:f9:6d:c3:42:00,301wifi,-80,1528709955.554000,1528709950.724000,13883.670597
f4-f3,70:f9:6d:c1:3d:70,XMZYL-link,-67,1528709955.554000,1528709950.724000,13888.568133
f4-f3,70:f9:6d:ba:6a:20,301wifi,-73,1528709955.554000,1528709950.724000,13888.568249
f4-f3,70:f9:6d:ba:7c:a0,301wifi,-82,1528709955.554000,1528709950.724000,13888.568540
f4-f3,70:f9:6d:c1:97:a0,301wifi,-81,1528709955.554000,1528709950.724000,13888.568496
f4-f3,70:f9:6d:bb:62:30,301wifi,-60,1528709955.554000,1528709950.724000,13888.568054
f4-f3,70:f9:6d:bb:3c:60,301wifi,-81,1528709955.554000,1528709950.724000,13883.670639
f4-f3,00:ec:0a:ec:b0:d1,1,-71,1528709955.554000,1528709950.724000,13888.568293
f4-f3,0c:da:41:08:64:40,301wifi,-82,1528709955.554000,1528709950.724000,13883.670698
f4-f3,70:f9:6d:c1:3f:e0,301wifi,-78,1528709955.554000,1528709950.724000,13888.568379
f4-f3,70:f9:6d:c1:1e:30,301wifi,-63,1528709955.554000,1528709950.724000,13883.670222
f4-f3,70:f9:6d:b3:71:40,301wifi,-77,1528709955.554000,1528709950.724000,13883.670534
f4-f3,70:f9:6d:c3:13:e0,301wifi,-72,1528709955.554000,1528709950.724000,13888.568181
f4-f3,70:f9:6d:ba:51:40,301wifi,-83,1528709955.554000,1528709950.724000,13883.670712
f4-f3,70:f9:6d:c1:47:a0,301wifi,-86,1528709955.554000,1528709950.724000,13888.568623
f4-f3,70:f9:6d:c1:43:d0,301wifi,-78,1528709955.554000,1528709950.724000,13883.670626
f4-f3,70:f9:6d:c1:1b:b0,301wifi,-83,1528709955.554000,1528709950.724000,13883.670812
f4-f3,00:01:7a:76:e4:54,,-81,1528709955.554000,1528709950.724000,13888.568525
f4-f3,70:f9:6d:c1:90:40,301wifi,-81,1528709955.554000,1528709950.724000,13888.568511
f4-f3,74:25:8a:97:2d:50,301wifi,-75,1528709955.554000,1528709950.724000,13888.568322
f4-f3,70:f9:6d:c1:9a:e0,301wifi,-85,1528709955.554000,1528709950.724000,13888.568610
f4-f3,70:f9:6d:c1:43:c0,301wifi,-85,1528709955.554000,1528709950.724000,13888.568579
f4-f3,0c:da:41:08:65:00,301wifi,-85,1528709955.554000,1528709950.724000,13888.568596
f4-f3,74:25:8a:4c:e7:80,301wifi,-85,1528709955.554000,1528709950.724000,13888.568565
f4-f3,08:57:00:68:7c:70,TP-LINK_687C70,-75,1528709955.554000,1528709950.724000,13888.568337
f4-f3,00:01:7a:76:e4:42,,-80,1528709955.554000,1528709950.724000,13888.568433
f4-f3,70:f9:6d:c1:95:20,301wifi,-82,1528709955.554000,1528709950.724000,13888.568552
f4-f3,70:f9:6d:c1:40:20,301wifi,-72,1528709960.360000,1528709955.587000,13893.378904
f4-f3,70:f9:6d:c1:32:80,301wifi,-70,1528709960.360000,1528709955.587000,13893.378863
f4-f3,70:f9:6d:b0:24:20,301wifi,-72,1528709960.360000,1528709955.587000,13893.378917
f4-f3,70:f9:6d:c1:1e:20,301wifi,-76,1528709960.360000,1528709955.587000,13888.568365
f4-f3,70:f9:6d:bb:62:20,301wifi,-69,1528709960.360000,1528709955.587000,13893.378852
f4-f3,70:f9:6d:c1:3e:f0,XMZYL-link,-73,1528709960.360000,1528709955.587000,13893.380070
f4-f3,92:a6:df:10:41:19,yshz,-72,1528709960.360000,1528709955.587000,13893.380108
f4-f3,70:f9:6d:bb:2f:20,301wifi,-69,1528709960.360000,1528709955.587000,13883.670271
f4-f3,70:f9:6d:bb:26:c0,301wifi,-69,1528709960.360000,1528709955.587000,13893.378836
f4-f3,74:25:8a:59:ff:40,301wifi,-74,1528709960.360000,1528709955.587000,13893.380032
f4-f3,02:1a:11:f1:e5:14,HUAWEI P9,-76,1528709960.360000,1528709955.587000,13893.380159
f4-f3,70:f9:6d:c0:af:40,301wifi,-71,1528709960.360000,1528709955.587000,13893.378892
f4-f3,00:01:7a:76:e4:52,,-80,1528709960.360000,1528709955.587000,13893.380148
f4-f3,70:f9:6d:bb:2f:30,301wifi,-62,1528709960.360000,1528709955.587000,13883.670206
f4-f3,70:f9:6d:c3:1d:80,301wifi,-80,1528709960.360000,1528709955.587000,13883.670612
f4-f3,70:f9:6d:bb:31:60,301wifi,-79,1528709960.360000,1528709955.587000,13883.670582
f4-f3,70:f9:6d:ba:a2:00,301wifi,-80,1528709960.360000,1528709955.587000,13893.380135
f4-f3,70:f9:6d:b0:24:30,301wifi,-70,1528709960.360000,1528709955.587000,13883.670359
f4-f3,74:25:8a:97:2d:40,301wifi,-72,1528709960.360000,1528709955.587000,13893.380005
f4-f3,70:f9:6d:c3:42:00,301wifi,-80,1528709960.360000,1528709955.587000,13883.670597
f4-f3,70:f9:6d:c1:3d:70,XMZYL-link,-71,1528709960.360000,1528709955.587000,13893.380058
f4-f3,70:f9:6d:ba:6a:20,301wifi,-73,1528709960.360000,1528709955.587000,13893.380019
f4-f3,70:f9:6d:ba:7c:a0,301wifi,-82,1528709960.360000,1528709955.587000,13893.380193
f4-f3,70:f9:6d:c1:97:a0,301wifi,-81,1528709960.360000,1528709955.587000,13888.568496
f4-f3,70:f9:6d:bb:62:30,301wifi,-64,1528709960.360000,1528709955.587000,13893.378806
f4-f3,70:f9:6d:bb:3c:60,301wifi,-81,1528709960.360000,1528709955.587000,13883.670639
f4-f3,00:ec:0a:ec:b0:d1,1,-73,1528709960.360000,1528709955.587000,13893.380082
f4-f3,0c:da:41:08:64:40,301wifi,-82,1528709960.360000,1528709955.587000,13883.670698
f4-f3,70:f9:6d:c1:3f:e0,301wifi,-78,1528709960.360000,1528709955.587000,13893.380120
f4-f3,70:f9:6d:c1:1e:30,301wifi,-63,1528709960.360000,1528709955.587000,13883.670222
f4-f3,70:f9:6d:b3:71:40,301wifi,-77,1528709960.360000,1528709955.587000,13883.670534
f4-f3,70:f9:6d:c3:13:e0,301wifi,-72,1528709960.360000,1528709955.587000,13893.379973
f4-f3,70:f9:6d:ba:51:40,301wifi,-83,1528709960.360000,1528709955.587000,13883.670712
f4-f3,70:f9:6d:c1:47:a0,301wifi,-86,1528709960.360000,1528709955.587000,13893.380216
f4-f3,70:f9:6d:c1:43:d0,301wifi,-78,1528709960.360000,1528709955.587000,13883.670626
f4-f3,70:f9:6d:c1:1b:b0,301wifi,-83,1528709960.360000,1528709955.587000,13883.670812
f4-f3,00:01:7a:76:e4:54,,-81,1528709960.360000,1528709955.587000,13888.568525
f4-f3,70:f9:6d:c1:90:40,301wifi,-81,1528709960.360000,1528709955.587000,13888.568511
f4-f3,74:25:8a:97:2d:50,301wifi,-75,1528709960.360000,1528709955.587000,13888.568322
f4-f3,70:f9:6d:c1:9a:e0,301wifi,-85,1528709960.360000,1528709955.587000,13888.568610
f4-f3,70:f9:6d:c1:43:c0,301wifi,-85,1528709960.360000,1528709955.587000,13888.568579
f4-f3,0c:da:41:08:65:00,301wifi,-85,1528709960.360000,1528709955.587000,13888.568596
f4-f3,74:25:8a:4c:e7:80,301wifi,-85,1528709960.360000,1528709955.587000,13888.568565
f4-f3,08:57:00:68:7c:70,TP-LINK_687C70,-75,1528709960.360000,1528709955.587000,13893.380093
f4-f3,00:01:7a:76:e4:42,,-80,1528709960.360000,1528709955.587000,13893.380183
f4-f3,70:f9:6d:c1:95:20,301wifi,-82,1528709960.360000,1528709955.587000,13893.380204
f4-f3,00:90:4c:04:ff:41,4G MIFI_F41,-70,1528709960.360000,1528709955.587000,13893.378875
f4-f3,70:f9:6d:c0:aa:10,XMZYL-link,-79,1528709960.360000,1528709955.587000,13893.380170
f4-f3,70:f9:6d:bb:26:d0,301wifi,-71,1528709960.360000,1528709955.587000,13893.380043
f4-f3,70:f9:6d:c1:40:20,301wifi,-72,1528709965.544000,1528709960.381000,13893.378904
f4-f3,70:f9:6d:c1:32:80,301wifi,-70,1528709965.544000,1528709960.381000,13893.378863
f4-f3,70:f9:6d:b0:24:20,301wifi,-77,1528709965.544000,1528709960.381000,13898.539206
f4-f3,70:f9:6d:c1:1e:20,301wifi,-76,1528709965.544000,1528709960.381000,13888.568365
f4-f3,70:f9:6d:bb:62:20,301wifi,-80,1528709965.544000,1528709960.381000,13898.539254
f4-f3,70:f9:6d:c1:3e:f0,XMZYL-link,-73,1528709965.544000,1528709960.381000,13893.380070
f4-f3,92:a6:df:10:41:19,yshz,-72,1528709965.544000,1528709960.381000,13893.380108
f4-f3,70:f9:6d:bb:26:c0,301wifi,-69,1528709965.544000,1528709960.381000,13893.378836
f4-f3,74:25:8a:59:ff:40,301wifi,-74,1528709965.544000,1528709960.381000,13893.380032
f4-f3,02:1a:11:f1:e5:14,HUAWEI P9,-76,1528709965.544000,1528709960.381000,13893.380159
f4-f3,70:f9:6d:c0:af:40,301wifi,-71,1528709965.544000,1528709960.381000,13893.378892
f4-f3,00:01:7a:76:e4:52,,-84,1528709965.544000,1528709960.381000,13898.539344
f4-f3,70:f9:6d:bb:2f:30,301wifi,-77,1528709965.544000,1528709960.381000,13898.539299
f4-f3,70:f9:6d:ba:a2:00,301wifi,-80,1528709965.544000,1528709960.381000,13893.380135
f4-f3,74:25:8a:97:2d:40,301wifi,-62,1528709965.544000,1528709960.381000,13898.539052
f4-f3,70:f9:6d:c1:3d:70,XMZYL-link,-71,1528709965.544000,1528709960.381000,13893.380058
f4-f3,70:f9:6d:ba:6a:20,301wifi,-73,1528709965.544000,1528709960.381000,13893.380019
f4-f3,70:f9:6d:ba:7c:a0,301wifi,-82,1528709965.544000,1528709960.381000,13893.380193
f4-f3,70:f9:6d:c1:97:a0,301wifi,-81,1528709965.544000,1528709960.381000,13888.568496
f4-f3,70:f9:6d:bb:62:30,301wifi,-64,1528709965.544000,1528709960.381000,13893.378806
f4-f3,00:ec:0a:ec:b0:d1,1,-74,1528709965.544000,1528709960.381000,13898.539166
f4-f3,70:f9:6d:c1:3f:e0,301wifi,-78,1528709965.544000,1528709960.381000,13893.380120
f4-f3,70:f9:6d:c1:1e:30,301wifi,-75,1528709965.544000,1528709960.381000,13898.539185
f4-f3,70:f9:6d:c3:13:e0,301wifi,-72,1528709965.544000,1528709960.381000,13893.379973
f4-f3,70:f9:6d:c1:47:a0,301wifi,-86,1528709965.544000,1528709960.381000,13893.380216
f4-f3,00:01:7a:76:e4:54,,-81,1528709965.544000,1528709960.381000,13888.568525
f4-f3,70:f9:6d:c1:90:40,301wifi,-81,1528709965.544000,1528709960.381000,13888.568511
f4-f3,74:25:8a:97:2d:50,301wifi,-71,1528709965.544000,1528709960.381000,13898.539123
f4-f3,70:f9:6d:c1:9a:e0,301wifi,-85,1528709965.544000,1528709960.381000,13888.568610
f4-f3,70:f9:6d:c1:43:c0,301wifi,-85,1528709965.544000,1528709960.381000,13888.568579
f4-f3,0c:da:41:08:65:00,301wifi,-85,1528709965.544000,1528709960.381000,13888.568596
f4-f3,74:25:8a:4c:e7:80,301wifi,-85,1528709965.544000,1528709960.381000,13888.568565
f4-f3,08:57:00:68:7c:70,TP-LINK_687C70,-75,1528709965.544000,1528709960.381000,13893.380093
f4-f3,00:01:7a:76:e4:42,,-80,1528709965.544000,1528709960.381000,13893.380183
f4-f3,70:f9:6d:c1:95:20,301wifi,-82,1528709965.544000,1528709960.381000,13893.380204
f4-f3,00:90:4c:04:ff:41,4G MIFI_F41,-70,1528709965.544000,1528709960.381000,13893.378875
f4-f3,70:f9:6d:c0:aa:10,XMZYL-link,-79,1528709965.544000,1528709960.381000,13893.380170
f4-f3,70:f9:6d:bb:26:d0,301wifi,-72,1528709965.544000,1528709960.381000,13898.539147
f4-f3,70:f9:6d:c1:1c:30,XMZYL-link,-80,1528709965.544000,1528709960.381000,13898.539324
f4-f3,70:f9:6d:c3:22:e0,301wifi,-68,1528709965.544000,1528709960.381000,13898.539095
f4-f3,70:f9:6d:c3:20:80,301wifi,-80,1528709965.544000,1528709960.381000,13898.539229
f4-f3,34:0a:7c:29:21:1a,router-wifi-211A,-82,1528709965.544000,1528709960.381000,13898.539365
f4-f3,70:f9:6d:c1:40:20,301wifi,-72,1528709965.633000,1528709965.561000,13893.378904
f4-f3,70:f9:6d:c1:32:80,301wifi,-70,1528709965.633000,1528709965.561000,13893.378863
f4-f3,70:f9:6d:b0:24:20,301wifi,-77,1528709965.633000,1528709965.561000,13898.539206
f4-f3,70:f9:6d:c1:1e:20,301wifi,-76,1528709965.633000,1528709965.561000,13888.568365
f4-f3,70:f9:6d:bb:62:20,301wifi,-80,1528709965.633000,1528709965.561000,13898.539254
f4-f3,70:f9:6d:c1:3e:f0,XMZYL-link,-73,1528709965.633000,1528709965.561000,13893.380070
f4-f3,92:a6:df:10:41:19,yshz,-72,1528709965.633000,1528709965.561000,13893.380108
f4-f3,70:f9:6d:bb:26:c0,301wifi,-69,1528709965.633000,1528709965.561000,13893.378836
f4-f3,74:25:8a:59:ff:40,301wifi,-74,1528709965.633000,1528709965.561000,13893.380032
f4-f3,02:1a:11:f1:e5:14,HUAWEI P9,-76,1528709965.633000,1528709965.561000,13893.380159
f4-f3,70:f9:6d:c0:af:40,301wifi,-71,1528709965.633000,1528709965.561000,13893.378892
f4-f3,00:01:7a:76:e4:52,,-84,1528709965.633000,1528709965.561000,13898.539344
f4-f3,70:f9:6d:bb:2f:30,301wifi,-77,1528709965.633000,1528709965.561000,13898.539299
f4-f3,70:f9:6d:ba:a2:00,301wifi,-80,1528709965.633000,1528709965.561000,13893.380135
f4-f3,74:25:8a:97:2d:40,301wifi,-62,1528709965.633000,1528709965.561000,13898.539052
f4-f3,70:f9:6d:c1:3d:70,XMZYL-link,-71,1528709965.633000,1528709965.561000,13893.380058
f4-f3,70:f9:6d:ba:6a:20,301wifi,-73,1528709965.633000,1528709965.561000,13893.380019
f4-f3,70:f9:6d:ba:7c:a0,301wifi,-82,1528709965.633000,1528709965.561000,13893.380193
f4-f3,70:f9:6d:c1:97:a0,301wifi,-81,1528709965.633000,1528709965.561000,13888.568496
f4-f3,70:f9:6d:bb:62:30,301wifi,-64,1528709965.633000,1528709965.561000,13893.378806
f4-f3,00:ec:0a:ec:b0:d1,1,-74,1528709965.633000,1528709965.561000,13898.539166
f4-f3,70:f9:6d:c1:3f:e0,301wifi,-78,1528709965.633000,1528709965.561000,13893.380120
f4-f3,70:f9:6d:c1:1e:30,301wifi,-75,1528709965.633000,1528709965.561000,13898.539185
f4-f3,70:f9:6d:c3:13:e0,301wifi,-72,1528709965.633000,1528709965.561000,13893.379973
f4-f3,70:f9:6d:c1:47:a0,301wifi,-86,1528709965.633000,1528709965.561000,13893.380216
f4-f3,00:01:7a:76:e4:54,,-81,1528709965.633000,1528709965.561000,13888.568525
f4-f3,70:f9:6d:c1:90:40,301wifi,-81,1528709965.633000,1528709965.561000,13888.568511
f4-f3,74:25:8a:97:2d:50,301wifi,-71,1528709965.633000,1528709965.561000,13898.539123
f4-f3,70:f9:6d:c1:9a:e0,301wifi,-85,1528709965.633000,1528709965.561000,13888.568610
f4-f3,70:f9:6d:c1:43:c0,301wifi,-85,1528709965.633000,1528709965.561000,13888.568579
f4-f3,0c:da:41:08:65:00,301wifi,-85,1528709965.633000,1528709965.561000,13888.568596
f4-f3,74:25:8a:4c:e7:80,301wifi,-85,1528709965.633000,1528709965.561000,13888.568565
f4-f3,08:57:00:68:7c:70,TP-LINK_687C70,-75,1528709965.633000,1528709965.561000,13893.380093
f4-f3,00:01:7a:76:e4:42,,-80,1528709965.633000,1528709965.561000,13893.380183
f4-f3,70:f9:6d:c1:95:20,301wifi,-82,1528709965.633000,1528709965.561000,13893.380204
f4-f3,00:90:4c:04:ff:41,4G MIFI_F41,-70,1528709965.633000,1528709965.561000,13893.378875
f4-f3,70:f9:6d:c0:aa:10,XMZYL-link,-79,1528709965.633000,1528709965.561000,13893.380170
f4-f3,70:f9:6d:bb:26:d0,301wifi,-72,1528709965.633000,1528709965.561000,13898.539147
f4-f3,70:f9:6d:c1:1c:30,XMZYL-link,-80,1528709965.633000,1528709965.561000,13898.539324
f4-f3,70:f9:6d:c3:22:e0,301wifi,-68,1528709965.633000,1528709965.561000,13898.539095
f4-f3,70:f9:6d:c3:20:80,301wifi,-80,1528709965.633000,1528709965.561000,13898.539229
f4-f3,34:0a:7c:29:21:1a,router-wifi-211A,-82,1528709965.633000,1528709965.561000,13898.539365
f4-f3,70:f9:6d:c1:40:20,301wifi,-71,1528709970.635000,1528709965.655000,13903.671730
f4-f3,70:f9:6d:c1:32:80,301wifi,-71,1528709970.635000,1528709965.655000,13903.671755
f4-f3,70:f9:6d:b0:24:20,301wifi,-73,1528709970.635000,1528709965.655000,13903.671886
f4-f3,70:f9:6d:bb:62:20,301wifi,-80,1528709970.635000,1528709965.655000,13903.672040
f4-f3,70:f9:6d:c1:3e:f0,XMZYL-link,-73,1528709970.635000,1528709965.655000,13893.380070
f4-f3,92:a6:df:10:41:19,yshz,-72,1528709970.635000,1528709965.655000,13893.380108
f4-f3,70:f9:6d:bb:26:c0,301wifi,-69,1528709970.635000,1528709965.655000,13903.671687
f4-f3,74:25:8a:59:ff:40,301wifi,-74,1528709970.635000,1528709965.655000,13893.380032
f4-f3,02:1a:11:f1:e5:14,HUAWEI P9,-76,1528709970.635000,1528709965.655000,13893.380159
f4-f3,70:f9:6d:c0:af:40,301wifi,-71,1528709970.635000,1528709965.655000,13893.378892
f4-f3,00:01:7a:76:e4:52,,-84,1528709970.635000,1528709965.655000,13903.672113
f4-f3,70:f9:6d:bb:2f:30,301wifi,-73,1528709970.635000,1528709965.655000,13903.671970
f4-f3,70:f9:6d:ba:a2:00,301wifi,-80,1528709970.635000,1528709965.655000,13893.380135
f4-f3,74:25:8a:97:2d:40,301wifi,-54,1528709970.635000,1528709965.655000,13903.671598
f4-f3,70:f9:6d:c1:3d:70,XMZYL-link,-71,1528709970.635000,1528709965.655000,13893.380058
f4-f3,70:f9:6d:ba:6a:20,301wifi,-86,1528709970.635000,1528709965.655000,13903.673110
f4-f3,70:f9:6d:ba:7c:a0,301wifi,-81,1528709970.635000,1528709965.655000,13903.672096
f4-f3,70:f9:6d:bb:62:30,301wifi,-64,1528709970.635000,1528709965.655000,13893.378806
f4-f3,00:ec:0a:ec:b0:d1,1,-74,1528709970.635000,1528709965.655000,13903.671987
f4-f3,70:f9:6d:c1:3f:e0,301wifi,-78,1528709970.635000,1528709965.655000,13903.672022
f4-f3,70:f9:6d:c1:1e:30,301wifi,-75,1528709970.635000,1528709965.655000,13903.672006
f4-f3,70:f9:6d:c3:13:e0,301wifi,-72,1528709970.635000,1528709965.655000,13893.379973
f4-f3,70:f9:6d:c1:47:a0,301wifi,-86,1528709970.635000,1528709965.655000,13893.380216
f4-f3,74:25:8a:97:2d:50,301wifi,-71,1528709970.635000,1528709965.655000,13903.671930
f4-f3,08:57:00:68:7c:70,TP-LINK_687C70,-75,1528709970.635000,1528709965.655000,13893.380093
f4-f3,00:01:7a:76:e4:42,,-80,1528709970.635000,1528709965.655000,13893.380183
f4-f3,70:f9:6d:c1:95:20,301wifi,-82,1528709970.635000,1528709965.655000,13893.380204
f4-f3,00:90:4c:04:ff:41,4G MIFI_F41,-81,1528709970.635000,1528709965.655000,13903.672148
f4-f3,70:f9:6d:c0:aa:10,XMZYL-link,-79,1528709970.635000,1528709965.655000,13893.380170
f4-f3,70:f9:6d:bb:26:d0,301wifi,-72,1528709970.635000,1528709965.655000,13903.671950
f4-f3,70:f9:6d:c1:1c:30,XMZYL-link,-80,1528709970.635000,1528709965.655000,13903.672060
f4-f3,70:f9:6d:c3:22:e0,301wifi,-70,1528709970.635000,1528709965.655000,13903.671707
f4-f3,70:f9:6d:c3:20:80,301wifi,-74,1528709970.635000,1528709965.655000,13903.671912
f4-f3,34:0a:7c:29:21:1a,router-wifi-211A,-82,1528709970.635000,1528709965.655000,13903.672376
f4-f3,0c:57:00:68:7c:70,Guest_687C70,-83,1528709970.635000,1528709965.655000,13903.672187
f4-f3,9c:b2:b2:c9:c9:2f,HUAWEI Mate 9,-83,1528709970.635000,1528709965.655000,13903.672165
f4-f3,00:01:7a:76:e4:43,,-84,1528709970.635000,1528709965.655000,13903.672206
f4-f3,70:f9:6d:bb:2f:20,301wifi,-67,1528709970.635000,1528709965.655000,13903.671663
f4-f3,70:f9:6d:c3:22:f0,301wifi,-63,1528709970.635000,1528709965.655000,13903.671636
f4-f3,70:f9:6d:c2:df:80,301wifi,-85,1528709970.635000,1528709965.655000,13903.672131
f4-f3,70:f9:6d:b0:24:30,301wifi,-80,1528709970.635000,1528709965.655000,13903.672078
f4-f3,70:f9:6d:bb:26:30,301wifi,-86,1528709970.635000,1528709965.655000,13903.673133
f4-f3,70:f9:6d:c1:40:20,301wifi,-71,1528709975.459000,1528709970.653000,13908.483207
f4-f3,70:f9:6d:c1:32:80,301wifi,-68,1528709975.459000,1528709970.653000,13908.483161
f4-f3,70:f9:6d:b0:24:20,301wifi,-70,1528709975.459000,1528709970.653000,13908.483177
f4-f3,70:f9:6d:bb:62:20,301wifi,-73,1528709975.459000,1528709970.653000,13908.483347
f4-f3,70:f9:6d:c1:3e:f0,XMZYL-link,-78,1528709975.459000,1528709970.653000,13908.483402
f4-f3,70:f9:6d:bb:26:c0,301wifi,-70,1528709975.459000,1528709970.653000,13908.483193
f4-f3,70:f9:6d:c0:af:40,301wifi,-73,1528709975.459000,1528709970.653000,13908.483223
f4-f3,00:01:7a:76:e4:52,,-84,1528709975.459000,1528709970.653000,13908.483491
f4-f3,70:f9:6d:bb:2f:30,301wifi,-73,1528709975.459000,1528709970.653000,13908.483367
f4-f3,74:25:8a:97:2d:40,301wifi,-58,1528709975.459000,1528709970.653000,13908.483087
f4-f3,70:f9:6d:ba:6a:20,301wifi,-86,1528709975.459000,1528709970.653000,13908.483584
f4-f3,70:f9:6d:ba:7c:a0,301wifi,-81,1528709975.459000,1528709970.653000,13908.483460
f4-f3,00:ec:0a:ec:b0:d1,1,-74,1528709975.459000,1528709970.653000,13903.671987
f4-f3,70:f9:6d:c1:3f:e0,301wifi,-79,1528709975.459000,1528709970.653000,13908.483385
f4-f3,70:f9:6d:c1:1e:30,301wifi,-75,1528709975.459000,1528709970.653000,13903.672006
f4-f3,74:25:8a:97:2d:50,301wifi,-55,1528709975.459000,1528709970.653000,13908.481771
f4-f3,00:90:4c:04:ff:41,4G MIFI_F41,-81,1528709975.459000,1528709970.653000,13908.483522
f4-f3,70:f9:6d:bb:26:d0,301wifi,-72,1528709975.459000,1528709970.653000,13903.671950
f4-f3,70:f9:6d:c1:1c:30,XMZYL-link,-80,1528709975.459000,1528709970.653000,13903.672060
f4-f3,70:f9:6d:c3:22:e0,301wifi,-65,1528709975.459000,1528709970.653000,13908.483108
f4-f3,70:f9:6d:c3:20:80,301wifi,-82,1528709975.459000,1528709970.653000,13908.483475
f4-f3,34:0a:7c:29:21:1a,router-wifi-211A,-82,1528709975.459000,1528709970.653000,13903.672376
f4-f3,0c:57:00:68:7c:70,Guest_687C70,-83,1528709975.459000,1528709970.653000,13908.483552
f4-f3,9c:b2:b2:c9:c9:2f,HUAWEI Mate 9,-83,1528709975.459000,1528709970.653000,13908.483537
f4-f3,00:01:7a:76:e4:43,,-84,1528709975.459000,1528709970.653000,13908.483567
f4-f3,70:f9:6d:bb:2f:20,301wifi,-67,1528709975.459000,1528709970.653000,13908.483143
f4-f3,70:f9:6d:c3:22:f0,301wifi,-63,1528709975.459000,1528709970.653000,13908.483126
f4-f3,70:f9:6d:c2:df:80,301wifi,-85,1528709975.459000,1528709970.653000,13908.483507
f4-f3,70:f9:6d:b0:24:30,301wifi,-80,1528709975.459000,1528709970.653000,13908.483441
f4-f3,70:f9:6d:bb:26:30,301wifi,-86,1528709975.459000,1528709970.653000,13908.483625
f4-f3,70:f9:6d:c3:20:90,301wifi,-54,1528709975.459000,1528709970.653000,13908.481742
f4-f3,70:f9:6d:c1:40:20,301wifi,-67,1528709980.254000,1528709975.478000,13913.290935
f4-f3,70:f9:6d:c1:32:80,301wifi,-68,1528709980.254000,1528709975.478000,13913.291352
f4-f3,70:f9:6d:b0:24:20,301wifi,-72,1528709980.254000,1528709975.478000,13913.291415
f4-f3,70:f9:6d:bb:62:20,301wifi,-73,1528709980.254000,1528709975.478000,13913.291466
f4-f3,70:f9:6d:c1:3e:f0,XMZYL-link,-78,1528709980.254000,1528709975.478000,13913.291737
f4-f3,70:f9:6d:bb:26:c0,301wifi,-72,1528709980.254000,1528709975.478000,13913.291432
f4-f3,70:f9:6d:c0:af:40,301wifi,-76,1528709980.254000,1528709975.478000,13913.291521
f4-f3,00:01:7a:76:e4:52,,-84,1528709980.254000,1528709975.478000,13908.483491
f4-f3,70:f9:6d:bb:2f:30,301wifi,-74,1528709980.254000,1528709975.478000,13913.291505
f4-f3,74:25:8a:97:2d:40,301wifi,-66,1528709980.254000,1528709975.478000,13913.290916
f4-f3,70:f9:6d:ba:6a:20,301wifi,-86,1528709980.254000,1528709975.478000,13908.483584
f4-f3,70:f9:6d:ba:7c:a0,301wifi,-81,1528709980.254000,1528709975.478000,13908.483460
f4-f3,00:ec:0a:ec:b0:d1,1,-74,1528709980.254000,1528709975.478000,13903.671987
f4-f3,70:f9:6d:c1:3f:e0,301wifi,-77,1528709980.254000,1528709975.478000,13913.291538
f4-f3,70:f9:6d:c1:1e:30,301wifi,-75,1528709980.254000,1528709975.478000,13903.672006
f4-f3,74:25:8a:97:2d:50,301wifi,-67,1528709980.254000,1528709975.478000,13913.291373
f4-f3,00:90:4c:04:ff:41,4G MIFI_F41,-81,1528709980.254000,1528709975.478000,13908.483522
f4-f3,70:f9:6d:bb:26:d0,301wifi,-72,1528709980.254000,1528709975.478000,13903.671950
f4-f3,70:f9:6d:c1:1c:30,XMZYL-link,-80,1528709980.254000,1528709975.478000,13903.672060
f4-f3,70:f9:6d:c3:22:e0,301wifi,-63,1528709980.254000,1528709975.478000,13913.290895
f4-f3,70:f9:6d:c3:20:80,301wifi,-82,1528709980.254000,1528709975.478000,13913.291757
f4-f3,34:0a:7c:29:21:1a,router-wifi-211A,-82,1528709980.254000,1528709975.478000,13903.672376
f4-f3,0c:57:00:68:7c:70,Guest_687C70,-83,1528709980.254000,1528709975.478000,13908.483552
f4-f3,9c:b2:b2:c9:c9:2f,HUAWEI Mate 9,-83,1528709980.254000,1528709975.478000,13908.483537
f4-f3,00:01:7a:76:e4:43,,-84,1528709980.254000,1528709975.478000,13908.483567
f4-f3,70:f9:6d:bb:2f:20,301wifi,-71,1528709980.254000,1528709975.478000,13913.291397
f4-f3,70:f9:6d:c3:22:f0,301wifi,-57,1528709980.254000,1528709975.478000,13913.290877
f4-f3,70:f9:6d:c2:df:80,301wifi,-85,1528709980.254000,1528709975.478000,13908.483507
f4-f3,70:f9:6d:b0:24:30,301wifi,-73,1528709980.254000,1528709975.478000,13913.291486
f4-f3,70:f9:6d:bb:26:30,301wifi,-86,1528709980.254000,1528709975.478000,13908.483625
f4-f3,70:f9:6d:c3:20:90,301wifi,-54,1528709980.254000,1528709975.478000,13913.290795
f4-f3,00:01:7a:76:e4:54,,-83,1528709980.254000,1528709975.478000,13913.291855
f4-f3,1e:48:ce:ee:8d:1b,OPPO A37m,-83,1528709980.254000,1528709975.478000,13913.291877
f4-f3,0c:da:41:08:65:00,301wifi,-77,1528709980.254000,1528709975.478000,13913.291556
f4-f3,70:f9:6d:c3:13:e0,301wifi,-79,1528709980.254000,1528709975.478000,13913.291580
f4-f3,70:f9:6d:b3:71:40,301wifi,-80,1528709980.254000,1528709975.478000,13913.291713
f4-f3,70:f9:6d:c1:97:a0,301wifi,-82,1528709980.254000,1528709975.478000,13913.291829
f4-f3,74:25:8a:4c:e7:80,301wifi,-86,1528709980.254000,1528709975.478000,13913.291895
f4-f3,70:f9:6d:c1:40:20,301wifi,-79,1528709985.066000,1528709980.290000,13918.100026
f4-f3,70:f9:6d:c1:32:80,301wifi,-75,1528709985.066000,1528709980.290000,13918.099956
f4-f3,70:f9:6d:b0:24:20,301wifi,-72,1528709985.066000,1528709980.290000,13918.099899
f4-f3,70:f9:6d:bb:62:20,301wifi,-73,1528709985.066000,1528709980.290000,13918.099907
f4-f3,70:f9:6d:c1:3e:f0,XMZYL-link,-71,1528709985.066000,1528709980.290000,13918.099964
f4-f3,70:f9:6d:bb:26:c0,301wifi,-76,1528709985.066000,1528709980.290000,13918.099989
f4-f3,70:f9:6d:c0:af:40,301wifi,-77,1528709985.066000,1528709980.290000,13918.100008
f4-f3,00:01:7a:76:e4:52,,-84,1528709985.066000,1528709980.290000,13908.483491
f4-f3,70:f9:6d:bb:2f:30,301wifi,-70,1528709985.066000,1528709980.290000,13918.099890
f4-f3,74:25:8a:97:2d:40,301wifi,-74,1528709985.066000,1528709980.290000,13918.099917
f4-f3,70:f9:6d:ba:6a:20,301wifi,-86,1528709985.066000,1528709980.290000,13908.483584
f4-f3,70:f9:6d:ba:7c:a0,301wifi,-81,1528709985.066000,1528709980.290000,13908.483460
f4-f3,70:f9:6d:c1:3f:e0,301wifi,-77,1528709985.066000,1528709980.290000,13918.099999
f4-f3,74:25:8a:97:2d:50,301wifi,-67,1528709985.066000,1528709980.290000,13918.099872
f4-f3,00:90:4c:04:ff:41,4G MIFI_F41,-81,1528709985.066000,1528709980.290000,13908.483522
f4-f3,70:f9:6d:bb:26:d0,301wifi,-69,1528709985.066000,1528709980.290000,13918.099881
f4-f3,70:f9:6d:c3:22:e0,301wifi,-58,1528709985.066000,1528709980.290000,13918.099820
f4-f3,70:f9:6d:c3:20:80,301wifi,-82,1528709985.066000,1528709980.290000,13913.291757
f4-f3,0c:57:00:68:7c:70,Guest_687C70,-83,1528709985.066000,1528709980.290000,13908.483552
f4-f3,9c:b2:b2:c9:c9:2f,HUAWEI Mate 9,-78,1528709985.066000,1528709980.290000,13918.100043
f4-f3,00:01:7a:76:e4:43,,-84,1528709985.066000,1528709980.290000,13908.483567
f4-f3,70:f9:6d:bb:2f:20,301wifi,-75,1528709985.066000,1528709980.290000,13918.099945
f4-f3,70:f9:6d:c3:22:f0,301wifi,-61,1528709985.066000,1528709980.290000,13918.099850
f4-f3,70:f9:6d:c2:df:80,301wifi,-85,1528709985.066000,1528709980.290000,13908.483507
f4-f3,70:f9:6d:b0:24:30,301wifi,-73,1528709985.066000,1528709980.290000,13918.099973
f4-f3,70:f9:6d:bb:26:30,301wifi,-86,1528709985.066000,1528709980.290000,13908.483625
f4-f3,70:f9:6d:c3:20:90,301wifi,-54,1528709985.066000,1528709980.290000,13913.290795
f4-f3,00:01:7a:76:e4:54,,-84,1528709985.066000,1528709980.290000,13918.100069
f4-f3,1e:48:ce:ee:8d:1b,OPPO A37m,-83,1528709985.066000,1528709980.290000,13918.100086
f4-f3,0c:da:41:08:65:00,301wifi,-65,1528709985.066000,1528709980.290000,13918.099839
f4-f3,70:f9:6d:c3:13:e0,301wifi,-79,1528709985.066000,1528709980.290000,13918.100018
f4-f3,70:f9:6d:b3:71:40,301wifi,-80,1528709985.066000,1528709980.290000,13918.100034
f4-f3,70:f9:6d:c1:97:a0,301wifi,-82,1528709985.066000,1528709980.290000,13918.100061
f4-f3,74:25:8a:4c:e7:80,301wifi,-86,1528709985.066000,1528709980.290000,13918.100096
f4-f3,00:01:7a:76:e4:53,,-85,1528709985.066000,1528709980.290000,13918.100077
f4-f3,00:01:7a:76:e4:44,,-78,1528709985.066000,1528709980.290000,13918.100051
f4-f3,02:1a:11:f1:e5:14,HUAWEI P9,-86,1528709985.066000,1528709980.290000,13918.100106
f4-f3,70:f9:6d:c0:af:50,301wifi,-65,1528709985.066000,1528709980.290000,13918.099859
f4-f3,0c:da:41:08:65:10,301wifi,-75,1528709985.066000,1528709980.290000,13918.099980
